ID,Age,Income,Score,Gender,Department,JoinDate,Satisfaction
1,63,*,-,Male,Finance,1/3/2022,1
2,20,46433, ,,-,22/7/2021,5
3,46,46166,75,Female,NA,30/5/2023,1
4,52,35432,60,Male,NA,15/4/2022,5
5,56,32495,90,Female,IT,18/2/2023,2
6,35,37582,89,Male,HR,20/5/2020,3
7,37,39242,95,Female,Marketing,4/5/2021,5
8,60,25971,64,Female,*,19/10/2020,5
9,40,40549,4,Female,Marketing,18/8/2020,4
10,51,*,0,Female,HR,1/9/2022,4
11,50,37678,9,NA,IT,14/7/2023,3
12,,18013,33,Male, ,9/1/2021,1
13,50,48073,47,Female,-,2/9/2021,3
14,64,32584, ,Female,Operations,2/2/2024,4
15,50,60440,70,Female,Operations,29/8/2020,2
16,43,46237,8,Male,HR,30/3/2021,3
17,37,35940,70,Female,Sales,25/12/2022,3
18,32,54576,9,,HR,22/11/2021,4
19,54,36537,4,Female,IT,30/5/2021,4
20,50,34851,38,Female,HR,15/8/2022,2
21,34,14350,27,*,HR,7/6/2021,*
22,*,38524,*,*,Marketing,15/5/2022,*
23,21,26894,100,Male,IT,27/9/2022,5
24,20,35853,0,Male,HR,19/3/2022,5
25,38,33693,14,NA,NA,9/8/2024,4
26,57,*,75,Female,Operations,28/9/2020,3
27,20,55260,4,Male,Sales,25/5/2023,4
28,38,33869,91,Female,Operations,27/7/2020,5
29,25,53813,74,Female,Marketing,15/5/2020,2
30,59,34747,21,Female,NA,4/5/2023,3
31,53,39497,3,Female,Sales,4/7/2022,3
32,46,30174,87,Male,IT,17/9/2023,3
33,56,44265, ,Male,Marketing,26/10/2023,4
34,51,38314,51,Female,Sales,29/9/2020,1
35,39, ,55,Male,Marketing,24/11/2024,2
36,-,38009,20,Male,Sales,13/10/2023,5
37,45,19220,13,Female,HR,5/10/2022, 
38,52,35558,15,Female,HR,28/2/2020,4
39,51,32840,92,Male,Finance,5/12/2021,1
40,30,59308,77,Male,Sales,10/10/2022,2
41,58,41668,21,Female,Sales,26/5/2020,5
42,21,40738,11,Female,HR,14/8/2023,5
43,60,36463,4,Male,Finance,22/7/2023,3
44,23,25225,64,,Operations,17/10/2024,4
45,18,50484, ,Male,HR,6/3/2020,5
46,29,43905,8,Male,Marketing,11/7/2023,5
47,52,28992,17,Male,NA,10/1/2020,1
48,28,30458,67,Male,-,21/3/2024,1
49,40,45654, ,Male,Finance,16/6/2020,5
50,31,*,77,Female,NA,5/3/2023,5
51,36,37105,28,Male,,14/4/2020,4
52,-,22606,18,Female,Sales,3/2/2023,3
53,33,47802,-,Male,,8/2/2022,4
54,61,22436,19,Male,HR,21/1/2020,2
55,45,55474,72,Male,Finance,28/11/2023,5
56,62,15364,89,Male,Finance,4/9/2024,2
57,48,16440,87,Male,Sales,1/10/2022,3
58,24,53437,61,Female,Sales,31/7/2021,
59,63,45779,36,Male, ,24/6/2023,1
60,44,66823,79,Male,Sales,26/11/2022, 
61,34,41531,90,Female,IT,27/3/2024,2
62,24,61367,85,Male,Operations,19/1/2020,4
63,32,14990,52,Female,Finance,8/5/2020,3
64,57,36852,65,Female,Operations,28/10/2024,3
65,29,45238,65,Female,Marketing,28/10/2022,5
66,25,36197,57,Female,Marketing,11/3/2022,3
67,19,24434,98,-,*,23/5/2020,1
68,61,33914,18,Female,Operations,13/3/2024,3
69,55,48578,26,Female,Operations,21/8/2022,1
70,43,6730,48,Male,IT,26/6/2023,4
71,38,-,66,Female,Marketing,3/11/2021,5
72,30,48002,64,Female,Operations,31/1/2020,1
73,36,60439,90,Male,Marketing,14/3/2020,1
74,35,36888,30,Female,-,17/7/2020,*
75,19,45275,60,Female,Marketing,10/9/2023,4
76,62,41480,89,Male,IT,1/4/2023,4
77,59,35733,0,Female,HR,23/11/2020,*
78,45,0,49,,HR,17/5/2023,2
79,40,27605,2,Female,IT,29/11/2022,2
80,21,30304,40,Female,Sales,19/11/2022,4
81,21,48568,38,Female,HR,18/7/2023,3
82,29,0,50,Male,*,5/8/2020,2
83,39,29102,9,Female,Sales,8/6/2021,4
84,43,44398,NA,Female,IT,24/5/2022,5
85,57,NA,73,Female,Operations,28/12/2022,1
86,59,68485, ,Male,HR,4/9/2024,5
87,52,52799,34,Male,Operations,3/12/2022,NA
88,21,53435,5,Female,Sales,8/2/2024,4
89,29,30112,21,Male,Operations,7/2/2023,1
90,21,30275,89,Female,Operations,17/3/2023,4
91,48,35549,35,Male,Marketing,10/8/2024,5
92,24,37898,41,Male,HR,6/2/2020,1
93,27,33613,10,Male,IT,14/1/2022,4
94,41,0,91,Male,*,24/11/2020,2
95,32,44476,1,Male,IT,22/2/2020,3
96,56,49920,74,Female,Operations,26/6/2020,5
97,37,61225, ,Male,Finance,28/12/2021,2
98,24, ,74,Female,Marketing,28/8/2023,1
99,30,16591,,Female,IT,3/8/2022, 
100,45,15812,90,Female,IT,4/2/2021,1
101,56,36396,NA,Female,IT,25/10/2023,5
102,35,35403,70,Female,IT,16/6/2020,4
103,64,47494,-,Male,Operations,9/11/2020,5
104,28,38084,71,Female,Finance,20/1/2021,3
105,53,39841,27,Male,*,30/4/2022,4
106,53,34332,0,Male,Marketing,24/11/2021,4
107,19,58343,95,-,Finance,21/3/2024,NA
108,63,24673,73, , ,19/1/2020,4
109,34,33815,12,Male,Marketing,5/1/2020,1
110,23,262830,29,Male,Sales,13/3/2023,
111,58,46190,18,Male,Finance,27/7/2021,4
112,63,16084,NA,Male,Sales,8/11/2021,5
113,40,36113,67,Female,Sales,23/8/2020,5
114,64,11652,*,Female,Operations,27/12/2021,2
115,33,40942,83,Female,Operations,14/9/2020,2
116,58,239222,3,Male,IT,7/8/2022,1
117,43,46654,10,Male,HR,15/11/2021,3
118,63,34646,52, ,Marketing,11/12/2022,1
119,18,40435,25,Male,Finance,1/2/2023,2
120,53,30282,93,Male,Marketing,10/11/2024,1
121,-,33564,63,Male,Operations,29/9/2022,3
122,19,,37,Female,IT,19/11/2023,1
123,37,21145,7,Female,Marketing,4/5/2023,5
124,NA,16848,-,Male,Marketing,8/12/2021,4
125,48,28577,89,,IT,13/6/2023,
126,25,53673,4,Male,Sales,13/9/2020,3
127,47,21630,30,Female,Marketing,14/3/2022,1
128,56,25120,84,Female,Operations,7/10/2024,4
129,19,41690,74,Male,Sales,31/7/2021,3
130,30,46995,75,Female,Finance,15/2/2022,2
131,21,32200,92,NA,IT,10/7/2021,1
132,NA,12145,97,Female,Sales,21/12/2023,3
133,25,25099,13,Male,Sales,27/11/2024,4
134,,54048,65,Male,Marketing,1/6/2024,1
135,42,40728,20,Male,IT,23/7/2024,5
136,24,50101,37,Male,Marketing,23/9/2022, 
137,NA,41896,-,Male,Sales,25/6/2022,4
138,46,24028,72,Male,NA,23/4/2023,5
139,*,40543,78,Male,Marketing,21/11/2022,4
140,NA,33001,22,Male,IT,5/12/2023,3
141,54,32884,76,Female,Operations,1/7/2020,2
142,50,49226,57,Female,HR,3/3/2023,2
143,*,43441,54,Male,Operations,19/4/2021, 
144,42,25942,0,*,IT,7/2/2022,4
145,63,NA,27,Male,*,4/8/2021,5
146,31,28440,95,Female,IT,28/3/2022,5
147,26,41199,21,Female,Finance,26/12/2022,3
148,-,27317,92,Male,Sales,11/5/2024,5
149,24,47373,12,Male,IT,12/11/2023,3
150,19,42173,98,Male,Sales,12/2/2020,4
151,48,33436,14,Female,Finance,24/7/2021,*
152,24,29363,19,Female,Finance,27/3/2023,2
153,58,52092,21,Female,Sales,10/6/2021,3
154,28,45882,56,,Finance,21/6/2020,4
155,30,55690,20,Female, ,22/3/2022,3
156,30,NA,97,Female,HR,14/3/2020,5
157,43,33213,74,Male,Sales,15/4/2024,2
158,60,NA,52,Male,-,24/3/2023,3
159,25,36711,57,Male,IT,27/6/2024,2
160,31,0,1,Male,,9/7/2024,5
161,62,40497,94,Female,Marketing,19/8/2024,2
162,19,3646,39,Male,Sales,10/12/2021,5
163,59,42042,60,Male,IT,11/9/2020,5
164,,21007,88,Male,Sales,1/9/2020,1
165,41,32939,0,Female,,26/8/2022,1
166,51,30610,7,Female,Marketing,15/6/2021,2
167,21,13383,63,Female,Marketing,11/2/2024,
168,35,36203,93,Female, ,22/9/2023,5
169,42,0,18,Male,Operations,5/3/2022,1
170,64,27871,77,Female, ,4/3/2020,
171,41,40705,70,Female,Marketing,26/7/2021,5
172,,35516,6,Male,Operations,19/9/2024,2
173,51,45469,68,Female, ,20/3/2022,4
174,-,*, ,Male,Sales,29/4/2022,2
175,,18228,19,Female,Sales,10/3/2023,4
176,36,9746,38,Female, ,12/5/2024,3
177,64,NA,84,Male,IT,13/6/2021,1
178,63,33039,2,Male,HR,4/11/2022,1
179,53,45177,40,Male,Marketing,6/2/2020,1
180,36,23713,72,Male,Finance,23/12/2020,3
181,*,52797,29,Male,IT,13/8/2020,5
182, ,52467,11,Male,Marketing,4/8/2024,4
183,27,58418,69,*,-,12/3/2022,4
184,35,23179,54,Male,Marketing,30/10/2020,2
185,21,22058,84,Male,IT,13/5/2023,1
186,29,48443,17,Female,IT,6/2/2022,5
187,44,39597,84, ,Sales,10/8/2023,3
188,46,42983,NA,Male,IT,22/1/2023,3
189,29,50505,14, ,Operations,13/10/2021,4
190,28,32036,52,Male,Finance,30/4/2021,1
191,21,26703,59,Female,IT,19/8/2023,
192,63,56139,47,Female,NA,15/5/2022,3
193,41,33371,15,Female,Operations,3/9/2020,2
194,43,40862,69,Female,Marketing,6/9/2023,3
195,*,38552,42,Male,Sales,11/11/2024,2
196,,39372,24,Male,Finance,8/3/2024,1
197,21,19165,19, ,Sales,24/2/2023,1
198,NA,19990,39,NA,Sales,1/6/2024,1
199,32,42197,49,Female,HR,4/1/2022,4
200,39,19961,9,Female,Marketing,13/12/2020,5
201,41,53958,13,Male,Finance,1/5/2024,NA
202, ,35376,-,Female,Sales,10/4/2020,3
203,54,11142,73,Female,Operations,25/8/2020,1
204,22,54908,96,Male,Sales,15/5/2020,1
205,23,18757,47,Male,HR,2/3/2023,1
206,27,0,81,Male,Sales,21/9/2023,5
207,20,28639,21,Female,,10/2/2024,4
208,55,47118, ,Male,Operations,7/9/2021,3
209,51,29757,79,Female,IT,17/8/2020,3
210,23,26039,54,Female,Operations,14/6/2022,2
211,NA,45994,75,NA,IT,18/10/2023,1
212,33,32771,80,Male,Marketing,3/5/2023,1
213,46,40489,73,Female,Sales,23/5/2022,4
214,20,46572,34,*,Finance,24/7/2020,2
215,28,37236,84,Male,Operations,30/10/2023,5
216,-,42750,27,Female,,29/9/2022,4
217,21,26240,57,Male,Operations,10/11/2020,*
218,21,50477,91,Female,Sales,5/4/2024,3
219,41,45926,35,Female,IT,5/6/2024,3
220,45,16400,93, ,Finance,30/5/2020,1
221,52,29756,38,Female,Operations,21/2/2023,*
222,55,45247,62,Female,Marketing,30/3/2021,2
223,41,30096,82,Male,,25/3/2022,5
224,39,35240,-,*,Marketing,21/9/2024,1
225,43,58320,0,Male,Finance,1/5/2020,3
226,35,20870,31,Female,Sales,17/3/2021,2
227,20,30892,42,Female,Finance,25/5/2024,*
228,63,27544,7,Male,Finance,12/12/2022,2
229,28,24985,98,Female,Finance,13/10/2024,3
230,26,35682,71,Female,,25/12/2022,2
231,50,52679,6,Male,HR,21/6/2024,5
232,43,41036,15,Male,IT,5/7/2021,4
233,53,37431,-,Female,Sales,7/4/2023,3
234,21,22082,57,NA,Sales,15/7/2023,
235, ,34256,26,Female,Sales,20/12/2020,2
236,25,34198,35,Female,HR,9/1/2020,2
237,24,0,24,Female,Marketing,16/7/2022,5
238,53,22484,58,Male,HR,31/1/2021,5
239,*,56534,84,Female,,16/3/2020,1
240,57,16103,14,Male,HR,22/4/2020,5
241,36,27553,30,Female,HR,25/1/2021,3
242,NA,40479,5,Female,Marketing,14/11/2021,1
243,56,37578,37,Male,Finance,20/6/2020,2
244,23,42583,0,Female,NA,17/10/2024,4
245,27,33034,13,Male,Operations,28/11/2022,2
246,58,49411,64,Female,Sales,23/4/2022,3
247,59,30946,41,Female,*,4/6/2024,4
248,22,20263,11,Male,NA,18/10/2022,3
249,41,23571,64,Male,Operations,18/8/2022,4
250,58, ,12,Female,Sales,22/8/2021,5
251,39,37849,14,*,HR,7/9/2024,4
252,43,42051,23,Female,IT,4/6/2024,4
253,54,36591,49,,Finance,15/9/2023,2
254,62,*,51,Female,Marketing,31/8/2021,4
255,46,31977, ,Female,IT,6/7/2020,5
256,53,39208,51,Male,Operations,17/1/2023,-
257,37,-,43,Male,IT,13/7/2023,2
258,35,35771,0,Female,Operations,25/11/2021,2
259,57,27148,35,Male,HR,26/6/2020,3
260,62,47165,71,Female,Operations,24/1/2023,3
261,58,53173,30,Female,Sales,24/7/2023,3
262,32,40345,87,Male,NA,14/4/2021,3
263,32,33604,52,Female,HR,5/9/2022,2
264,41,29638,95,Male,IT,27/7/2024,2
265,46,47751,6,Male,HR,8/5/2022,4
266,34,25659,15,Female,IT,21/3/2023,-
267,64,33465,94,Male,Finance,12/3/2022,5
268,42,46617,12,Female,-,24/6/2023,2
269,33,38033,59,Male,IT,17/7/2022,5
270,34,45342,42,Male,Sales,26/6/2024,1
271,64,46689,69,Male,Operations,14/1/2021,3
272,64,51825,64,,Finance,6/7/2024,3
273,38,43525,47,Male,Marketing,19/8/2022,1
274,61,41111,90,Male,Marketing,6/10/2021,2
275,44,36070,55,Male,Finance,8/1/2024,4
276,22,44191,NA,Female,Finance,15/11/2021,3
277,39,46847,23,Female,Finance,1/4/2020,NA
278,50,27045,3,Female,Finance,27/5/2020,3
279,57,38375,23,Female,HR,18/9/2020,2
280,19,45013,68,Male,IT,5/10/2021,3
281,52,4906,97,-,Finance,14/6/2024,2
282,60,25939,-,Male,NA,4/5/2024,2
283,36,27337,64,Female,Sales,16/8/2020,1
284,57,51597,41,Male,Sales,4/4/2021,4
285,44,17292,93,Male,Operations,8/12/2023,4
286,57,22801,58,Female,IT,8/4/2023,5
287,53,0,48,Male,Finance,28/7/2024,2
288,56,52806,92,Female,Marketing,13/3/2024,5
289,NA,35293,99,Male,IT,10/8/2022,4
290,58,44011,17,Female,Finance,11/1/2024,5
291,35,53063,59,Female,IT,3/4/2022,5
292,63,21710,78,Male,Marketing,13/6/2022,2
293,40,31064,27,Female,Marketing,21/5/2024,1
294,43,45657,20,Male,HR,6/12/2023,4
295,28,*,95,Male,Finance,24/2/2024,1
296, ,40525,37,Female,HR,4/2/2024,2
297,*,24593,68,Male,Finance,2/4/2020,4
298,37,0,78,,Marketing,16/7/2022,5
299,48, ,34,Male,IT,6/6/2021,1
300,25,39099,54,Female,Sales,11/5/2021,3
301,57, ,47,Female,Finance,16/4/2024,3
302,41,0,72,Female,Sales,11/7/2023,4
303,NA,21779,57,Male,Sales,31/3/2021,3
304,32,29433,48,Female,Sales,23/4/2021,3
305,47,47434,70,Male,HR,12/1/2024,NA
306,37,37024,73,*,Finance,26/12/2020,4
307,55,23452,-,Female,Operations,24/1/2020,5
308,NA,36588,53,Male,Marketing,2/12/2023,5
309,,NA, ,Female,IT,23/12/2023,2
310,59,12857,NA,Male,Operations,23/12/2021,
311,35,50384,38,Male,IT,12/5/2020,1
312,53, ,24,Male,Marketing,29/8/2024,1
313,31,23134,24,Female,IT,31/5/2023,5
314,*,38438,70,Male,Operations,9/1/2020,3
315,51,43100,60, ,Operations,31/5/2022,4
316,47,41695,40,Male,Finance,1/2/2024,1
317,24,17352,60,Male,Marketing,25/3/2023,3
318,47,35085,62,NA,Finance,1/5/2023,4
319,35,33482,95,Male,HR,16/3/2022,4
320,39,64507,3,Female,Operations,7/5/2020,4
321,34,23800,14,Male,Marketing,5/7/2022,2
322,48,41770,95,Female,Marketing,23/11/2022,5
323,34,29101,52,Male,HR,25/11/2021,1
324,48,24532,26,Male,Operations,15/7/2021,5
325,30,37046,19,-,IT,11/2/2024,4
326,44,26320,38,Female,IT,25/1/2022,1
327,NA,41042,66,Female,IT,17/9/2020,3
328,34,43432,86,Male,HR,2/1/2023,1
329,46,32462,97,Male,Operations,14/3/2021,2
330,56, ,24,Female,Sales,27/6/2023,1
331,52,47727,43,Female,Finance,21/12/2022,3
332,25,39484,45,Female,Sales,16/7/2021,4
333,60, ,30,,Finance,9/7/2023,5
334,55,38616,61,Male,Operations,1/4/2023,4
335,32,-,96,Male,Operations,29/4/2023,2
336,,NA,0,Female,Operations,24/12/2022,5
337,50,24193,51,Male,Marketing,9/9/2023,2
338,20,24904,5,Male,Operations,30/10/2023,*
339,56,56704,100,Female,Marketing,10/8/2020,1
340,*,45297,40,Female,IT,26/10/2021,1
341,32,43494,60,Female,Finance,21/2/2024,1
342,59,41546,28,Female,Operations,30/10/2022,4
343,35,32594,2,Female,Operations,20/11/2022,4
344,55,NA,*,Female,Operations,9/5/2020,2
345,48, ,75,Female,Sales,15/12/2020,4
346,37,5889,35,Male,Marketing,20/8/2023,5
347,24,54620,21,Female,Operations,31/1/2023,1
348,54,52288,20,Female,IT,17/2/2021,5
349,44,39602,2,Male,HR,6/2/2022,2
350,25,35218,4,Female,Marketing,24/12/2023,3
351,31,22074,61,,Finance,3/1/2021,2
352,32,NA,79,Male,Sales,5/3/2024,2
353,24,24051,60,NA,HR,9/8/2022,1
354,50,28316,41,Female,Sales,8/4/2021,2
355,51,38579,74,-,HR,1/7/2021,2
356,21,0,63,Male,HR,10/4/2024,1
357,NA,26109,21,Female,Operations,19/2/2024,1
358,58,36976,95,Male,NA,14/7/2024,5
359,31,42957,58,Male,HR,21/1/2024,2
360,48,203579,48,Male,IT,10/3/2024,1
361,55,26433,67,Female,Sales,23/10/2024,2
362,37,63804,44,*,*,17/4/2022,3
363,20,25506,99,Female, ,23/11/2022,4
364,52,NA,12,Female,Operations,28/2/2023,2
365,63,38840,71,Male,IT,21/4/2022,1
366,NA,33219,34,Male,IT,27/5/2022,1
367,32,33580,55,Male,-,23/8/2023,5
368,20,46968,47,Female,Finance,5/5/2022,4
369,45,46557,72,Female,IT,14/10/2022,4
370,44,47863,4,Male,Operations,6/10/2020,2
371,*,,,Male,Operations,31/12/2023,2
372,64,27790,99,Female,Marketing,1/2/2021,2
373,50,42602, ,Female,Operations,5/2/2024,3
374,36,31283,31,Female,Marketing,17/5/2024,3
375,50,*,*,Female,Sales,25/5/2020,5
376,48,0,56,NA,Marketing,26/4/2020,2
377,21,36129,15,Male,IT,30/9/2021,*
378,49,38514,12,Female,IT,10/4/2021,2
379,59,34204,12,Female,Marketing,27/8/2024,4
380,45,42178,99,Female,Operations,15/9/2020,5
381,33,43235,10,Male,HR,25/6/2021,1
382,60,49140,74,Male,Marketing,24/9/2020,2
383,45,29907,73,Female,HR,17/7/2023,
384,32,42528,34,Male,Finance,21/9/2021,5
385,39,37512,61, ,Sales,23/9/2020,2
386,48,42572,-,Male,Operations,8/5/2022,5
387,38,17988,52,Female,Operations,10/6/2023,*
388,49,29403,16,Male,Finance,5/6/2023,3
389,,12001,50,Male,HR,2/9/2024,3
390,50,52129,91,Male,Sales,5/5/2024,4
391,25,NA,-,Male,Operations,3/8/2022,5
392,31,-,14,Male,HR,1/11/2022,4
393,42,*,NA,Female,*,5/3/2024,2
394,49, ,50,Male,IT,24/1/2024,4
395, ,15488,94, ,IT,11/5/2022,4
396,19,47774,67,Female,IT,26/11/2022,5
397,34,32092,87,Female,Marketing,30/4/2024,2
398,44,49970,7,Female,Finance,21/12/2022,3
399,19,3720,75,Female,*,9/2/2023,4
400,25,30001,0,Male,HR,17/11/2024,2
401,55,40961,63,Male,Operations,14/2/2021,4
402,37,39088,28,Male,Operations,18/1/2021,
403,*,17113,44,Male,IT,23/2/2020,1
404,38,59580,36,Female,Marketing,8/12/2022,4
405,43,*,,Male,Finance,15/12/2022, 
406,48,173905,97,Female,IT,19/11/2020,3
407,37,35228,63,Male,Finance,5/5/2022,1
408,23,19372,8,Male,Marketing,5/7/2023,2
409,-,40540, ,Male,Finance,13/3/2020,3
410,18,30997,65,Female,Finance,30/3/2020,5
411,,36522,0,Male,HR,29/7/2021,1
412,46,22093,66,Male,HR,3/8/2023,1
413,19,26642,20,Female,Finance,27/6/2024,5
414,39,28902,21,Male,Finance,9/11/2023,5
415,46,31663,3,Female,Sales,23/10/2024,3
416,26,37409,83,Male,Operations,28/9/2021,-
417,58,28333,34,Male,Finance,21/3/2021,
418,38,17837,58,Female,HR,3/10/2024,3
419,49,35587,NA,Female, ,20/4/2021,2
420,49,26140,4,Female,Operations,25/8/2023,-
421,64, ,8,Male,IT,5/2/2023,4
422,61,35201,, ,IT,15/12/2021,5
423,57,21672,15,Female,IT,12/7/2021,3
424,43,42055,11,Male,Marketing,6/10/2024,3
425,30,28689,16,Male,IT,27/10/2021,4
426,20,34463,18,Female,Marketing,9/10/2021,4
427,49,28099,87,Male,Finance,3/11/2024,3
428,50,41722,64,Male,Operations,19/5/2023,2
429,50,32327,75,,Finance,22/5/2024,3
430, ,18402,73,Male,Sales,26/12/2020,5
431,59,37250,0,Male,Sales,28/3/2020,-
432,30,35364,73,Male,Marketing,6/5/2022,4
433,60,62712,27,Female,Marketing,26/6/2023,2
434, ,25136,77,Female,HR,9/3/2024,3
435,21,27361,8,*,Sales,2/9/2024,1
436,55,36234,22,Male,Sales,31/1/2023, 
437,23,40066,64,Male,Operations,30/11/2023,3
438,,27370,0,Female,IT,10/1/2022,2
439,44,17215,26,Female,Sales,24/11/2022,-
440, ,31906,35,Female,,29/2/2020,1
441,37,-,78,Male,Sales,23/2/2020,4
442,35,*,43,Male,,27/6/2021,4
443,*,22499,55,Male,Marketing,5/12/2021,5
444,,32421,25,Male,Marketing,12/8/2023,5
445,27,53705,93,Male,Finance,7/1/2020,2
446,40,41753,88,Male,HR,18/7/2024,3
447,64,,100,-,Marketing,2/3/2021,3
448,20,-,33,,IT,20/8/2022,3
449,26,20457, ,Female,IT,30/1/2021,3
450,36,45203,60,Male,Finance,14/4/2021,3
451,53,41460,43,Female,IT,27/2/2024,1
452,57,32671,13,*,IT,5/11/2024,5
453,44,21486,55,Female,HR,22/8/2024,2
454,59,18798,98,Female,HR,9/11/2024,2
455,45,5499,82,Male,IT,24/4/2020,1
456,60,37771,7,Female,IT,2/12/2022,1
457,25,0,61,Female,-,29/10/2024,3
458,59,36945,87,Male,Marketing,20/9/2023,1
459,25,37621,0,Male,Marketing,16/11/2022,3
460,35,46499,70,Male,Operations,7/10/2021,3
461,38,26448,80,Male,IT,19/6/2020,3
462,63,35769,52,Female,Sales,23/11/2021,5
463,30,51276,17,Male,,30/7/2021,5
464,44,47131,10,Female,Operations,2/2/2023,4
465,64,32909,34,Male,HR,27/3/2024,2
466,57,14844,57,Male,Finance,20/12/2023,3
467,33,44871,59,Male,HR,26/8/2023,1
468,57,25938,56,Female,Marketing,18/7/2020,3
469,26,50158,0,Female,IT,23/8/2022,3
470,44,43740,42,Female,Sales,5/12/2023,-
471,34,45167,7,Female,IT,5/5/2022,5
472,20,35224,80,Female,Sales,28/1/2022,1
473,21,46214,14,Female,Finance,29/7/2021,3
474,57,NA,33,Female,IT,1/12/2022,5
475,18,48495,64,Female,Finance,5/7/2024,3
476,31,299636,100,Female,IT,29/9/2020,5
477,25,32422,37,Male,,21/7/2020,2
478,24,,44,Female,Finance,2/11/2024,1
479,47,32603,32,Female,HR,19/3/2023,2
480,42,33478,6,Female,IT,10/9/2020,2
481,56,14517,71,Female,-,5/2/2024,2
482,33,9230,14,Female,Marketing,13/12/2022, 
483,28,45542,94,Male,-,21/11/2020,4
484,42,39724,1,,Operations,28/11/2020,3
485,50,0,21,Female,Operations,4/4/2022,5
486,38,28138,99,Male,HR,14/3/2023,4
487,27,41154,9,Male,HR,17/10/2021,5
488,26,0,96, ,Marketing,18/10/2022,2
489,18,36174,NA,Female,HR,6/1/2024,5
490,51,49391,17,Female,IT,30/1/2023,5
491,48,27576,81,,Sales,17/1/2023,-
492,38,,56,Female,Marketing,14/3/2022,2
493,41,0,,Male,IT,6/9/2022,3
494,36,21549,81,Female,IT,25/7/2022,4
495,38,31033,91,*,HR,25/7/2023,-
496,42,42979,4,Female,HR,16/11/2020, 
497,37,45163,84,Female, ,25/5/2022,3
498,43,34676,93,Male,IT,27/4/2020,4
499,24,10126,33,Male,IT,4/9/2023,4
500,20,34660,27,Male,Finance,27/12/2020,3
501,57,36031,71,Male,Finance,29/12/2021,1
502,25,51713,91,Female,HR,10/10/2024,2
503,47,40882,29,Female,HR,27/10/2024,5
504,28,40409,51,Male,Operations,17/7/2024,2
505,25,33469,80,Male,Operations,19/8/2024,2
506,54,36585,15,Female,*,30/8/2020,-
507,34,14704,,,IT,15/1/2024,1
508,25,33578,92,Male,Marketing,28/10/2021,4
509,NA,46476,2,Male,Sales,17/6/2020,4
510,61,27694,22,Female,HR,5/6/2024,1
511,47,29484,46,Male,IT,7/10/2020,5
512,60,-,*,Female,*,18/12/2021,2
513,60,47806,8,Female,*,2/2/2023,1
514,33,63555,NA,Female,HR,7/1/2021,3
515,21,26505, ,Female,IT,18/11/2022,4
516,38,17747,43,Female,Sales,31/12/2021,1
517,51,31791,85,Female,IT,24/7/2020,2
518,57,42370,10,Male,Sales,13/10/2020,5
519,-,22850, ,Female,Marketing,12/3/2023,5
520,30,23487,88,Female,IT,22/5/2020,1
521,60,35596,NA,Female,HR,8/10/2021,2
522,44,17331,91,Male,Finance,6/6/2022,
523,25,44732,80,Female,Marketing,16/2/2024,4
524,58,50108,90, ,Marketing,20/5/2024,2
525,59,13035,82,Male,HR,15/1/2024,2
526,46,NA,81,Male,Operations,18/12/2021,5
527,33,33483,8,Male,Finance,25/7/2020,1
528,60,47199,50,Female,HR,16/7/2021,5
529,63,NA,16,Female,Operations,1/8/2022,5
530,22,37614,61,Female,Operations,23/10/2021,2
531,54,32622,20,Male,IT,11/8/2022,5
532,57,29216,19,Male,IT,5/10/2022,1
533,57,41568,0,NA,Marketing,23/2/2024,2
534,59,35333,52,Female,Operations,14/10/2024,5
535,27,30684,95,Male,Operations,14/2/2023,3
536,32,39222,5, ,Finance,13/3/2024,3
537,38, ,82,Female,Sales,6/11/2020,1
538,51,31479,89,Male,HR,28/12/2020,
539,39,40501,64,Female,*,28/12/2023,2
540,39,47483,100,Female,HR,3/5/2022,3
541,26,33116,62,Male,Operations,31/3/2022,5
542,43,24957,34,Male,IT,5/4/2020,4
543,30,40391,17,Male,Marketing,10/4/2024,2
544,35,27276,25,Male, ,11/4/2022,5
545, ,35142,11,Male,IT,1/12/2023,5
546,40,24514,-,Male,IT,9/8/2023,1
547,50,55030,53,Male,Marketing,10/2/2020,4
548,64,0,8,Male,Marketing,3/1/2023,1
549,48,44734,98,-,Finance,16/11/2020,2
550,38,63610,65,Male,HR,24/12/2021,1
551,40,27745,54,Female,Finance,29/8/2021,3
552,33,29275,3,Female,Sales,17/2/2023,3
553,44,45664,52,Male,Finance,22/7/2023,5
554,54,34599,52,Male,Sales,14/9/2024,1
555,*,34269,3,Male,Finance,21/3/2020,3
556,31, ,33,*,NA,11/1/2021,2
557,NA,35839,56,Female,Sales,25/4/2024,3
558,64,40157,NA,Male,Sales,3/3/2021,
559,24,51102,89,Female,Finance,15/12/2022,5
560,29,29441,97,Female,HR,8/6/2024,1
561,45,32139,90,Male,HR,4/11/2024,4
562, ,38044, ,Male,NA,4/8/2023,-
563,NA,29065,40,Male,IT,1/5/2021,2
564,*,-,11,Female,Sales,18/4/2020,3
565,46,27665,18, ,NA,2/8/2021,4
566,37,44041,65,Male,Sales,4/9/2023,2
567,20,20086,20,Female,IT,30/7/2021,5
568,44,50449,92,Female,HR,1/8/2023,2
569,38,35807,65,Female,Marketing,21/9/2023,3
570,58,35196,*,*,Finance,19/6/2021,2
571,50,21739,0,Female,Finance,23/9/2020,2
572,47,57950,20,Female,Finance,25/4/2020,5
573,56,26557,51,Male,Finance,22/10/2020,-
574,58,29166,11,Male,Sales,31/1/2024,
575,26,35807,26,Female,-,15/9/2024,5
576,55,54198,5,Female,Marketing,1/11/2024,2
577, ,46150,96,Female,Finance,8/11/2020,3
578,40,59197,39,Male,Operations,11/12/2021,2
579,18,60360,32,Male,Sales,21/4/2022,1
580,38,44994,0,Female,Finance,7/2/2023,4
581,49,32272,94,Male,*,8/2/2023,5
582,62,33894,24,-,Operations,27/6/2021,2
583,43,12692,93,Male,Sales,19/5/2022,1
584,50,47749,74,Female,Finance,15/7/2021,5
585,26,,81,Male,IT,13/5/2023,3
586,,31937,54,Male,HR,9/7/2021,4
587,23,36307,92,Female,Operations,27/6/2024,4
588,63,37797,-,Male,-,22/3/2024,2
589,24,25147,82,NA,Marketing,11/4/2023,1
590,24,53045,64,Female,IT,9/6/2020,5
591,54,37303,28,Female,,5/6/2023,5
592,22,28591,10,Male,HR,18/4/2021,4
593,50,9727,19,Male,HR,11/12/2021,-
594,27,39552,75,Male,HR,31/5/2023,3
595,34,26801,50,Male,Finance,29/3/2022,3
596,57,57813,44,NA,Finance,26/11/2022,5
597,45,33983,33,Male,IT,12/3/2023,*
598,64,NA,86,Female,Operations,20/6/2023,5
599,63,29499,88,Male,Finance,29/11/2022,3
600,39,16624, ,Male,Sales,30/12/2022,5
601,38,20802,95,Female,IT,16/4/2020,2
602,64,30816,21,Female,IT,22/7/2022,1
603,*,37982,8,Female,Sales,9/11/2021,4
604,49,42113,13,Female,IT,7/4/2023,3
605,53,41038,54,NA,IT,15/2/2022,3
606,48,35303,77,Male,IT,11/3/2022,*
607,23,18956,40,Male,Sales,9/9/2020,4
608,38,0,2,Male,Finance,31/1/2022,5
609,52,29802,3,Female,Sales,19/5/2020,4
610,31,46464,60,Male,*,13/1/2023,5
611,40,36593,83,Female,IT,30/6/2023,*
612,59,10968,93,Male,IT,14/11/2023,1
613,41,0,18,Male,HR,11/8/2024,1
614,47,29871,34,Female,HR,19/12/2022,1
615,27,0,84,*,Marketing,13/8/2024, 
616,22,30020,30,Female,HR,12/4/2023,3
617,59,25638,22,Male,Operations,25/3/2022,4
618,47,40500,31,Male,*,22/11/2020,4
619,24,42010,80,Male,Finance,4/7/2020,2
620,23,53068,23,Male,IT,10/4/2023,5
621,25,38611,31,Female,Operations,4/6/2021,
622,43,59353,96,Male,Sales,10/9/2020,5
623,35,28719,12,Female,-,17/6/2021,4
624,53,15363,9,Female,HR,29/8/2024,5
625,43,36901,82,Male,Operations,19/8/2023,2
626,53,49406,16,Male,Sales,11/9/2022,5
627,58,38058,43,Female,,3/4/2023,-
628,21,42215,90,Female,Finance,2/2/2020,4
629,30,44101,55,Female,Sales,8/4/2022,2
630,41,36276,44,Female,Sales,12/12/2021,4
631,48,42030,62,Male,Sales,27/6/2020,1
632,39,29289,56,Male,HR,29/11/2024,5
633,57,55314,32,Male,Sales,19/1/2024,3
634,35,44843,60,Female,Finance,7/10/2021,3
635,51,53415,26,Male,Marketing,21/9/2020,1
636,40,11784,89,Female,Operations,17/3/2020,1
637,56,15636,91,Male,Sales,5/2/2023,4
638,64,0,11,Male,Finance,4/2/2022,NA
639,54,36279,48,Male,*,16/3/2020,4
640,64,34861,84,Female,Marketing,1/7/2022,2
641,18,40778,59,Female,Sales,29/3/2024,1
642,59,31537,10,Male,Finance,24/2/2022,4
643,37,16534,74,Female,Marketing,14/6/2023,4
644,64,13567,39,Female,HR,1/4/2021,3
645,42,39423,28,Female,Operations,12/2/2020,NA
646,23,41674,0,Female,IT,28/11/2021,2
647,47,41437,24,Female,HR,27/10/2022,2
648,37,40582,52,Female,HR,30/4/2020,3
649,26,17433,21,Male,Finance,16/1/2022,5
650,35,23901,47,Male,Sales,28/10/2022,NA
651,57,13538,61,Female,Marketing,11/7/2024,3
652,20,*,45,-,Operations,10/11/2021,2
653,53,29048,66,-,NA,7/7/2022,5
654,23,25059,20,Female,Finance,17/9/2023,5
655,61,30787,81,Male,HR,26/3/2024,2
656,55,44175,50,NA,Operations,9/4/2022,4
657,-,45771,84,Male,Marketing,17/4/2023,1
658,36,25727,49,Male,Operations,2/1/2020,4
659,,31678,63,Female,IT,9/2/2023,2
660,45,26219,NA,Male,HR,24/3/2022,4
661,64,35070,15,Male,Finance,17/4/2023,3
662,26,29957,44,Male,Finance,28/2/2020,3
663,64,5665,59,Female,Marketing,4/2/2024,3
664,27,39159,0,Female,HR,23/12/2022,2
665,41,38878,34,Male,Marketing,24/12/2020,1
666,43,42910,80,Female,,2/8/2022,-
667,25,22173,18,Female,HR,25/6/2020,2
668,22,56716,,Male,HR,10/3/2024,2
669,30,NA,41,Female,NA,17/10/2021,5
670,39,265169,51,Male,Finance,8/6/2023,4
671,,24133,88,-,Finance,12/5/2021,5
672,42,21144,26,Male,Sales,24/4/2020,2
673,40,,31,Male,Sales,27/4/2021,4
674,58,26701,27,Male,Finance,21/2/2021,3
675,38,34465,93,NA,Marketing,13/3/2020,3
676,,*,32,Female,Marketing,30/11/2021,
677,25,62589,-,Female,Operations,4/8/2022,1
678,63,34011,80,*,Marketing,7/12/2023,4
679,56,46871,27,Female,IT,9/8/2020,5
680,56,-,NA,NA,Operations,14/5/2023,5
681,39,-,76,Female,Finance,23/12/2023,5
682,62,39770,28,,Marketing,20/7/2023,1
683,28,39766,7,Male,Marketing,22/2/2020,-
684,-,28643,18,Female,Operations,4/4/2021,2
685,33,40121,58,Male,IT,31/10/2023,4
686,45,19314,49,Female,Finance,28/11/2021,4
687,52,,25,Male,IT,16/7/2022,1
688,59,32544, ,Female,HR,28/4/2021,5
689,46,39072,77,Male,Operations,19/10/2021,3
690,NA,0,60,Male,Operations,31/8/2024,1
691,23,15009,37,Female,Marketing,2/5/2024,3
692,31,-,87,Female,HR,3/3/2023,1
693,46,0,66,Female,Finance,2/11/2024,2
694,45,25882, ,Female,Finance,26/2/2022,1
695,27,,24,Male,Sales,30/10/2024,4
696,63,NA,21,Male,Marketing,7/2/2024,4
697,,28951,45,Female,Marketing,4/8/2021,1
698,21,29505,41,-,HR,24/1/2023,3
699,41,36663,NA,Female,Finance,23/1/2021,
700,*,35555,82,Female,Operations,30/1/2023,1
701,63,31110,41,Female,Finance,19/11/2024,-
702,46,37323, ,Male,Operations,20/8/2021,2
703,42,37145,95,Female,Operations,17/11/2022,5
704,*,56962,2,Male,Sales,27/7/2020,2
705,64,23101,68,*,HR,25/9/2021,2
706,63,41015,57,Female,Marketing,4/12/2023,4
707,-,24881,85,Female,Finance,15/8/2023,1
708,,0,74,Female,Marketing,2/12/2024,1
709,50,14933,97,Female,Finance,29/4/2023,3
710,25,39064,0,Female,HR,6/11/2023,3
711,57,21335,96,Female,HR,20/4/2024,4
712,33,34559,73,Male,Sales,28/9/2020,5
713,55,40217,49,Female,Operations,26/9/2021,NA
714,61,NA,84,Female,IT,6/10/2020,1
715,58,21097,70,,IT,15/11/2020,3
716,51,29227,73,Male,Operations,26/4/2021,2
717,23,55808,13,Female,HR,12/10/2024,3
718,56,37931,96,Female,Operations,6/9/2021,*
719,57,41616,82,Male,Operations,3/1/2020,1
720,40,66321,17,Male,Sales,8/12/2021,1
721,38, ,9,-,Finance,31/10/2020,-
722,52,44385,68,-,HR,31/12/2021,3
723,64,44564,84,Female,IT,24/7/2023,2
724,46,42564,-,-,Operations,26/10/2021,1
725,52,22497,22,Female,HR,11/9/2023,3
726,NA,51031,51,Male,NA,9/11/2023,5
727,50,43717,9,Female,Operations,27/6/2023,2
728,43,37166,NA,Male,-,12/9/2024,2
729,61,NA,59,Female,Marketing,19/1/2020,1
730,49,*,64,Male,Finance,11/9/2022,5
731,35,36131,,Male,HR,25/4/2024,1
732,51,33397,*,Female,NA,20/9/2020,2
733,47,40396, ,Male,Finance,24/8/2021,1
734,61,48148,*, ,IT,17/4/2020,2
735,40,39886,24,Male,Operations,9/11/2020,4
736,37,34144,33,*,Operations,17/6/2021,3
737,63,34164,NA,Male,Finance,19/9/2022,3
738,-,46399,17,Male,Finance,26/6/2023,4
739,57,16699,43,Female,Operations,30/12/2022,2
740,25,31687,20,Male,IT,10/11/2024,2
741,31,43164,90,Male,Finance,23/11/2023,4
742,40,21990,36,Female,HR,17/3/2022,
743,*,*,85,Female,Sales,4/5/2022,1
744,31,52490,58,Female,HR,19/9/2023,5
745,19,32175,83,Male,,3/9/2024,1
746,21,0,NA,Male,HR,4/6/2021,1
747,41,15056,13,Female,Operations,4/11/2020,4
748,53,61880,*,Male,Sales,9/7/2021,3
749,26,17531,82,Female,Finance,29/7/2023,4
750,33,30478,29,Male,*,2/12/2021,*
751,49,54971,48,Female,Sales,17/11/2024,*
752,-,46466,22,Male,Finance,22/10/2021,3
753,44,46846,86,Male,Operations,29/4/2020,5
754,,0,79,Male,Sales,17/6/2020,5
755,,29389,51,Male,Marketing,24/10/2021,1
756,53,28657,7,Male,Finance,10/4/2021,
757,42,56082,89,Male,Finance,25/6/2024,4
758,32,45325,54,Male,IT,26/6/2023,1
759,29,20057,62,Male,Operations,22/7/2023,3
760,24,23741,57,Female,Finance,20/3/2024,4
761,53,40455,31,Male, ,2/11/2021,2
762,41,31765,65,,HR,3/5/2024,1
763,23,47628,20,Female,Marketing,1/3/2020,5
764,-,20451,12,Male,Finance,16/11/2020,4
765,62,29027,92,Female,Sales,7/3/2021,3
766,48,36769,8,Male,Marketing,24/8/2023,1
767,38,30104,64,Male,,7/11/2024,3
768,28,31197,77,Female,Operations,13/8/2024,4
769,33,44197,14,Female,Operations,17/12/2021,1
770,31,34011,65,Male,HR,25/5/2021,1
771,42,,56,Male,Marketing,20/11/2021,4
772,31,31679,*,Male,IT,20/4/2020,3
773,55,58985,44,Male,IT,5/1/2021,5
774,35,37449,51,Female,Operations,9/7/2023, 
775,31,28434,63,Male,Sales,12/8/2021,4
776,41,44913,50,Male,Finance,23/6/2022,2
777,25,56193,20, ,Sales,17/8/2023,3
778,62,36073,42,Female,Finance,22/7/2021,4
779,42,37839, ,Female,Finance,9/8/2020, 
780,51,32812,57,Male,Marketing,28/4/2021,4
781,62,39338,89,Male,Finance,28/7/2023,4
782,61,0,35,*,IT,21/11/2021,3
783,45,44628,91,Female,HR,12/7/2022, 
784,41,47931,*,Male,Sales,12/6/2024,5
785,35,24387,89,,HR,27/10/2023,1
786,51,15928,84,-,Marketing,12/6/2022,3
787,59,29310,NA,Female,Sales,28/12/2021,NA
788,20,21641,42,Male,Operations,26/11/2020,3
789,29,35784,,Female,IT,29/8/2020,1
790,53,33065,77,NA,Marketing,7/7/2023,NA
791,22,22358,58,Male,HR,3/6/2021,5
792,36,47731,85,Female,IT,20/4/2022,2
793,29,44781,43,Male,Sales,6/2/2023,2
794,44,38119,53,Male,Finance,28/4/2020,1
795,34,18768,52, ,Operations,11/9/2020,4
796, ,35467,5,Male,HR,28/1/2023,1
797,45,36820,84,Male,Sales,23/6/2021,5
798,57,22941,10,Female,HR,14/3/2024,3
799,39,56610,93,Female,Marketing,23/10/2021,4
800,27,41994,0,Female,-,23/12/2023,1
801,58,36355,,Male,HR,1/6/2022,3
802,23,34386,71,Male,Finance,18/12/2022,3
803,34,38875,58,Male,Operations,16/6/2021,4
804, ,15895,72,Female,Operations,23/10/2020,1
805,23,25722,27,Male,IT,28/4/2022,1
806,60,34446,98,Female, ,27/10/2023,2
807,39, ,39,Female,NA,24/7/2021,3
808,33,23881,50, ,Finance,20/2/2020,5
809,21,37315,70,Male,Marketing,1/10/2020,3
810,42,37302,26,*,Sales,12/12/2020,2
811,50,32244,8,Female,NA,23/4/2022,3
812,18,42291,38,Male,HR,10/2/2024,1
813,*,NA,79,Female,HR,30/5/2022,4
814,34,35478,97,-,IT,20/9/2023,4
815,60, ,0,Female,HR,3/10/2022,4
816,36,36375,0,Male,Finance,26/11/2024,5
817,,46764,81,Male,HR,25/10/2020,2
818,37,63375,88,Female,,8/4/2021,
819,18,37786,32,Male,Sales,11/11/2021,2
820,40,37693,92,Male,Finance,19/6/2024,4
821,33,39394,14,,HR,17/7/2023,2
822,41,0,,Male,HR,21/12/2021,2
823,37,18297,0,Female,Marketing,9/6/2024,5
824,32,41361,3,Female,IT,20/11/2022,2
825,41,-,45,Female,Finance,16/7/2022,1
826,54,43128,71,Male,Sales,19/8/2024,1
827,58,32859,91,Female,Operations,9/2/2024, 
828,50,57520,29,Male,IT,20/5/2022,4
829,49,49177,-,Male,HR,31/3/2021,4
830,48,38136,-,Male,Finance,27/9/2021,5
831,32,24923,5,Female,Sales,9/2/2022,2
832,18,34030,26,Male,Marketing,22/1/2022,NA
833,29,42606,35,Male,Finance,25/12/2021,
834,52,34896,30,Male,Operations,6/7/2021,1
835,54,35202,89,Male,HR,19/7/2021,5
836,47, ,5,Female,NA,29/9/2022,-
837,43,48910,4,Male, ,11/11/2022,1
838,28,29621,90,Male,Sales,19/5/2021,3
839,49,45114,3,Female,Operations,7/4/2022,2
840,19,33110,92,Female,Operations,18/3/2022,3
841,27,NA,14,Female,Finance,14/6/2020,3
842,63,14589,37,Male,Finance,30/4/2023,
843,39,NA,95,Male,Finance,27/8/2022,5
844,26,26283,83,Male,Finance,8/9/2023,3
845, ,27178,19,Male,Finance,21/8/2023,2
846,42,36260,47,Female,,19/4/2023,2
847,38,15875,62,Female,IT,25/8/2020,5
848,,37534,27,Female,HR,24/9/2024,2
849,37,11907,10,Male,Sales,17/11/2020,4
850,57,48482,29,Male,,28/1/2020,1
851,33,20300,77,Female,HR,8/3/2021,1
852,56,42504,19,Male,HR,21/10/2020,2
853,52,0,70,Female,Sales,22/12/2020,5
854,46,39546,*,Male,IT,22/4/2023,4
855,63,19500,62,Male,NA,7/3/2023,2
856,47,29557,36,Male,Finance,18/4/2022,5
857,20,*,7,Female,HR,17/4/2020,4
858,49,40363,98,Female,Finance,18/4/2021,5
859,31,38890,91,Male,Operations,8/12/2022,2
860,43,22661,87,Male,IT,6/12/2022,3
861,22,17914,88,Male,HR,23/4/2022,2
862,45,48860,66,Male,IT,3/10/2021,1
863,25,21715,77,Male,Marketing,8/4/2021,2
864,62,NA,60,Male,IT,4/9/2022,2
865,50,34614,33,Male,Sales,12/4/2023,2
866,53,31803,85,Female,Sales,18/6/2024,-
867,30,39838,64,Female,Sales,31/7/2023,1
868,37,271940,24,Female,Sales,13/3/2022,5
869,35,27982,45,Male,Finance,16/1/2020,*
870,37,-,68,Male,IT,25/3/2023,5
871,60,19450,39,Male,Marketing,30/3/2020,1
872,50,27947,13,Female,Finance,2/10/2022,1
873,38,33400,80,Female,Finance,13/10/2022,2
874,63,40527,0,Female,Sales,21/2/2022,4
875,41,NA,0,Male, ,7/7/2020,1
876,45,33308,99,Male,Operations,19/4/2023,3
877,22,38899,53,Female,HR,26/9/2021,5
878,47,38636,54,Male,HR,8/10/2020,3
879,-,0,31,Female,,16/10/2024,4
880,41,44767,96,Female,IT,25/1/2023,5
881,56, ,11,Male,Finance,6/1/2023,2
882,31,17362,24, ,HR,27/10/2021,4
883, ,43989, ,Female,Operations,3/9/2024,2
884,53,47137,78,Female,Operations,28/4/2023,3
885,43,53020,62,Female,Operations,20/4/2021,1
886,30,30886,*,Male,Operations,19/7/2021,5
887,57,0,90,Male,Operations,24/12/2023,2
888,38, ,19,,Sales,21/4/2023,5
889,43,36885,46,Male, ,1/8/2021,2
890,51,40189,59,Female,Operations,29/5/2020,2
891,57,31247,91,Male,Operations,7/6/2022,3
892,31,25873,55,Male,Marketing,4/9/2024,
893,-,21378,7,Female,Operations,13/8/2022,2
894,60,34242,21,Female,Operations,9/1/2020,1
895,64,49062,78,Male,Sales,18/7/2023,5
896,36,28850,NA,Female,Operations,16/3/2021,4
897,29,35350,54,Female,Operations,5/3/2023,1
898,53,31014,19,Female,Finance,6/10/2023,1
899,-,36748,96,Female,Sales,13/8/2020,2
900,61,30075,31,Female,HR,29/7/2020,4
901,50,44241,38,*,Finance,23/6/2024,1
902,61,15535,92,Female,HR,31/10/2023,3
903,40,30045,44,Male,Marketing,19/6/2021,3
904,58,58481,39,Male,Finance,31/7/2021,5
905,30,42408,36,Female,IT,6/9/2022,3
906,45,0,18,Male,IT,24/9/2024,5
907,45,30665,23,Female,Operations,10/2/2024,2
908,36,36008,56,Female,IT,15/11/2020,5
909,54,-,97,Male,Marketing,16/6/2023,1
910,48,47730,*,Male,Sales,15/7/2024,5
911,59,35716,53,Male,Sales,23/11/2020,1
912,56,0,59,Male,Operations,16/12/2021,1
913,34,56670,25,Female,Operations,20/6/2021,2
914,45,30687,50,,,2/3/2024,
915,21,38472,2,Male,Operations,26/3/2024,2
916,-,48183,25,Male,Marketing,21/12/2023,5
917,36,20762,61,Male,IT,27/4/2024,3
918,40,51232,56,Female,Sales,12/2/2022,1
919,57,40715,47,Male,Finance,9/8/2023,4
920,62,29682,54,NA,Sales,20/4/2020,2
921,59,20612,61,Male,HR,25/11/2021,1
922,23,43802,4,Female,Finance,8/1/2021,-
923,41,31809,25,Male,Sales,12/1/2024,1
924,39,43535,83,Male,NA,1/3/2022,2
925,38,18813,93,Female,HR,15/7/2022,3
926,31,20005,9,Female,Operations,6/7/2022,2
927,41,31066,75,Female,Sales,9/6/2021,2
928,42,27420,,Male,IT,27/5/2022,2
929,34,61125,78,Male,Sales,20/3/2020,5
930,63,33497,18,Male,Finance,11/11/2024,1
931,-,58861,76,Female,IT,18/1/2021,2
932,34, ,10,*,Finance,20/3/2024,5
933,45,30585,85,Male,HR,2/2/2021,5
934,19,35666,25,Female,Marketing,7/11/2023,2
935,51,21536,,Male,Marketing,12/12/2020,3
936,18,52828,78,Female,HR,25/4/2021,4
937,64,13514,,Male,IT,23/10/2021,1
938, ,*, ,*,Sales,25/1/2023,2
939,39,59269,,Female,IT,25/12/2020,3
940,59,32280,61,Male,Operations,3/9/2023,2
941,21,21647,87,Female,Finance,12/9/2020,-
942,-,32490,8,Male,NA,29/1/2023, 
943,53,*,90,Female,*,3/5/2022,3
944,56,37375,85,Male,NA,15/8/2024,2
945,29,NA,28,Female,IT,25/12/2023,4
946,54,28717,42,Male,HR,4/3/2024,5
947,58,37888,14,-,-,22/7/2024,1
948,24,22310,NA,Female,Marketing,26/12/2021,3
949,48,53011,79,*,,7/8/2021,*
950,22,32131,87,Female,HR,11/7/2023,2
951,44,50104,24,Female,Finance,21/8/2024,1
952,42,14052,73,Female,IT,9/11/2023,5
953,34,40784,84,Female,Operations,5/8/2022,2
954,-, ,71,Male,Marketing,16/12/2023,1
955,44,53589,91,Female,HR,6/12/2021,5
956,43,*,18,Female,Sales,19/10/2023,*
957,46,28379,76,Female,Finance,9/8/2021,1
958,44,8478,28,Female,HR,12/5/2021,4
959,34,42068,*,Female,Operations,12/11/2023,1
960,55, ,48,Female,Operations,6/1/2023,5
961,*,30289,-,Female,Sales,22/10/2023,1
962,26,35644,6,Female,Sales,3/1/2024,4
963,49,30084,73,Female,Sales,20/4/2024,3
964,18,48875,63,Female,Marketing,3/5/2024,2
965,26,-,34,Male,IT,20/2/2023,4
966,24,26844,0,Female,HR,22/9/2022,2
967,-,-,26, ,Finance,2/11/2021,5
968,54,46917,43,Female,HR,2/8/2021,1
969,57,44713,99,Female,Marketing,2/1/2024,4
970,62,52547,29,Male,Sales,15/5/2023,5
971,23,19920,0,Female,HR,9/10/2021,4
972,54,21459,90,Female,-,17/11/2022,2
973,56,22188,41,Female,Sales,26/8/2020,2
974,21,41986,27,,IT,1/1/2024,2
975,54,41546,26,Female,,10/8/2020,3
976,27,30822,35,Male, ,21/4/2023,4
977,27, ,38,Female,IT,15/5/2023,3
978,52,20248,45,Male,Finance,23/3/2024,4
979,,27971,12,Female, ,30/11/2024,4
980,40,36387,59,Male,Sales,10/5/2021,2
981,24,9674,60,Female,Sales,23/2/2020,5
982,19,35316,0,,IT,20/10/2021,4
983,55,,91,Male,*,8/3/2021,3
984,37,29920,84,Female,Finance,21/11/2020,1
985,48,42073,14,Female, ,10/11/2024,5
986,47,31979,*, ,Marketing,26/10/2023,3
987,42,40751,4,Female,Finance,25/8/2020,4
988,27,26419,79,Female,Marketing,12/12/2021,5
989,34,35285,14,, ,21/4/2021,5
990,26,48223,29,Male,Marketing,8/9/2020,5
991,60,42030,74,Male,Operations,21/8/2023,1
992,49,30098,49,Female,Marketing,31/5/2020,3
993,41,33600,16,-,Finance,29/5/2022,2
994,33,43665,28,Male,Marketing,23/2/2021,1
995,63,24900,62,Male,-,25/3/2021,3
996,29,28756,56,Female,Operations,12/2/2022,1
997,52,-,1,Male,NA,21/3/2020,4
998,60,35935,10,Female,Operations,13/2/2022,2
999, ,33769,74,Male,Operations,4/2/2022,5
1000,63,0,46,Female,Sales,29/11/2022,4
1001,34,43484,NA, ,HR,17/4/2022,2
1002,46,27744,92,Male,HR,31/12/2023,NA
1003,53,47478,10,Male,Operations,28/2/2020,3
1004,52, ,67,Male,Finance,22/3/2021,5
1005,21,21671,23,Female,HR,19/4/2022,1
1006,24,55604,62,Female,Operations,21/2/2020,2
1007,36,0,53,Male,HR,28/7/2020,1
1008,64,37049,1,-,Finance,5/11/2024,1
1009,45,NA,33,Male,IT,24/5/2020,1
1010,58,25319,42,Male,Marketing,2/2/2024,4
1011,39,35731,52,Female,Sales,6/7/2020,2
1012,38,51716,54,Male,*,20/2/2020,1
1013,22,39902,60,Male,Sales,22/6/2023,3
1014,62,21984,47,Male,IT,26/1/2022,4
1015,49,48636,6,NA,Sales,17/6/2022,3
1016,18,26191,6,Male, ,16/8/2020,2
1017,37,31108,42,Female,Operations,14/7/2022,2
1018,45,50745,91,Male,Finance,11/6/2021,2
1019,61,31761,38,Female,Finance,15/4/2023,4
1020,54,,21,Male,Finance,23/2/2023,5
1021,*,32662,43,Male,Operations,24/4/2024,2
1022,35,46502,12,Male,HR,17/12/2023,2
1023,62,31382,70,Male,IT,7/1/2024,5
1024,22,31172,9,Male,Finance,5/11/2023,1
1025,48,12976,*,Female,-,15/8/2023,NA
1026,19,29088, ,Male,IT,25/10/2022,1
1027,62,30801,85,Female,Marketing,31/12/2022,5
1028,26,59723,79,Male,Marketing,10/10/2023,1
1029,19,28593,94,-,IT,15/11/2023,2
1030,35,38113,92,Female,IT,4/12/2021,4
1031,NA,46267,46,Male,Finance,2/11/2024,2
1032,-,22689,30,Female,Sales,24/6/2021,1
1033,-,28469,76,Male,IT,15/5/2020,-
1034,33,55580,31,Male,*,2/5/2023,3
1035,58,40970,46,Male,Finance,31/3/2024,3
1036,61,36491,,Female,IT,17/10/2021,3
1037,63,24103,100,NA,Marketing,4/1/2024,NA
1038,37,38460,8,Female,Operations,15/4/2021,4
1039,21,27522,45,Male,Marketing,13/2/2020,5
1040,49,36253,95,Female,Marketing,17/12/2022,1
1041,37,18552,53,Female,Finance,16/7/2022,1
1042,56,26445,59,Female,Operations,20/2/2023,2
1043,32,49342,14,Male,HR,9/8/2020,4
1044,35,0,28,Female,Sales,16/10/2022,1
1045,24,44065,37,Male,Sales,31/1/2024,1
1046,20,0,42,Female,Finance,10/6/2022,1
1047,25,33653,77,Male,IT,21/12/2021,3
1048,46,42614,49,Male,IT,19/1/2024,*
1049,25,28654,0,Female,HR,2/6/2024,3
1050,18,*,NA,NA,Marketing,27/2/2022,4
1051,,27278,98,Female,-,9/8/2020,2
1052,38,45390,35,*,,3/11/2023,3
1053,56,28766,22,Male,IT,7/1/2023,2
1054,62,40697,60,Male,Marketing,28/3/2020,5
1055,19,39831,84,Female,IT,27/4/2022,3
1056,51,29208,58,Male,Marketing,11/6/2021,5
1057,38,43260,86,Male,Marketing,5/7/2022,4
1058,50,47931,52,-,Marketing,14/9/2020,2
1059,56,0,3,Male,Sales,8/9/2023,3
1060,57,40826,78,Female,Operations,4/10/2024,5
1061,24,20369,95, ,Operations,3/5/2022,3
1062,32,44164,50,Female,Sales,20/3/2020,2
1063,26,50459,9,Female,HR,13/8/2022,2
1064,47,22273,39,Male,HR,8/6/2021,2
1065,61,28622,61, ,Marketing,25/11/2023,5
1066,34,49750,39,Female,Sales,9/8/2021,4
1067,55,26823,7,Female,Sales,21/10/2021,3
1068,58,24345,33,Female,IT,12/7/2021,2
1069,56, ,28,Male,Sales,25/6/2021,2
1070,38,30850,0,Female,Finance,1/12/2023,3
1071,20,20841,51,*,IT,10/12/2023,4
1072,54,40208,34, ,Marketing,11/11/2024,
1073,-,36669,89,*,Marketing,1/8/2023,5
1074,34,17619,99,Male,IT,17/6/2024,3
1075,28,35449,54,Male,Marketing,3/7/2022,3
1076,27,192312,5,,-,5/5/2021,5
1077,18,28477,13,Male,Sales,8/11/2021,2
1078,27,NA,14,Female,Finance,20/9/2024,4
1079,42,34248,94,Female,*,1/1/2021,4
1080,33,37313,52,Female,Sales,3/12/2020,4
1081,55,20766,47,Male,*,30/10/2022,3
1082,49,47965,60,Male,Sales,20/3/2020,2
1083,42,36568,10, ,Marketing,19/3/2020,5
1084,30,58017,0,Male,*,26/3/2021,2
1085,60,,81,Female,Sales,16/8/2022,1
1086,33,-,10,Male,Finance,22/6/2024,1
1087,58,70163,31,Male,Operations,30/8/2023,4
1088,37,24924,0,Male,Operations,31/8/2024,4
1089,45,34883,6,Female,Operations,5/5/2024,2
1090,25,NA,86,Female,Marketing,19/2/2021,
1091,48,26266,45,Female,Marketing,15/1/2022,2
1092,45,38146,99,Female,Marketing,19/5/2024,3
1093,46,20095,96,Female,Marketing,16/10/2022,5
1094,59,26380,73,Female,IT,25/8/2020,4
1095,51,20600,52,Male,Sales,12/12/2022,5
1096,54,,18,*,Finance,11/2/2020,4
1097,59,49055,62,NA,IT,9/6/2020,*
1098,37,38546,0,Female,Finance,6/10/2022,3
1099,22,44062,75,Female,HR,2/8/2020,2
1100,44,32361,95,Female,IT,17/9/2022,5
1101,54,39859,*,Female,Operations,15/6/2024,5
1102,54,35663,91,Male,Marketing,16/1/2024,3
1103,48,25683,97,Male,HR,23/1/2024,2
1104,50,NA,70,Male,Sales,1/6/2024,4
1105,49,49095,21,Male,IT,18/1/2023,1
1106,34,43139,22,Female,-,25/6/2022,2
1107,60,32482,11,Female,Finance,16/9/2024,1
1108,40,27184,37,Female,IT,27/2/2023,2
1109,62,36155,25,Female,IT,28/10/2024,2
1110,58,54203,86,Male,Marketing,14/8/2022,2
1111,54,45473,12,Female,-,28/3/2024,2
1112,-,29919,2,Female,Sales,30/6/2023,5
1113,35,16007,21,Male,Finance,27/6/2024,4
1114,31,45037,68,Female,Finance,26/2/2021,3
1115,33,39440,39,Male,IT,13/2/2023,2
1116,41,42404,22,Male,HR,25/10/2021,NA
1117,56,54599,93,Female,Operations,4/7/2022,1
1118,20,16875, ,Male,HR,28/12/2022,3
1119,30,31975,82,NA,Marketing,24/3/2022,1
1120,56,37408,3,Male,Finance,12/10/2022,3
1121,38,25836,83,Male,HR,10/7/2020,-
1122,36,45353,57,Male,Sales,4/1/2020,4
1123,33,20229,69,Female,Sales,27/1/2022,2
1124,45,29410,5,Female, ,13/8/2024,5
1125,22,49679,32,Female,Marketing,1/8/2022,3
1126,25,19329,76,Female,Finance,31/3/2021,3
1127,32,38553,73,Female,Marketing,5/5/2022,1
1128,NA,39410,20,-,Sales,5/11/2024,3
1129,35,35241,61,Male,Finance,4/2/2021,4
1130,*,44435,52,Female,IT,3/2/2023,5
1131,53,34820,95,Male,Operations,17/11/2024,4
1132,62,-,30,Male,IT,30/5/2024,4
1133,61,31514,14,Male,IT,13/6/2024,4
1134,43,27554,-,Male,HR,21/7/2020,1
1135,19,38331,34, ,HR,13/7/2023,3
1136,55,20779,61,*,IT,9/9/2021,1
1137,23,47229,24,-,HR,4/8/2021,4
1138,20,35738,32,Male,IT,23/8/2020,1
1139,38,21501,1,Male,IT,29/7/2023,1
1140,40,42769,31,Male,IT,10/12/2022,3
1141,43,50771,48,,IT,17/3/2023,5
1142,39,29060,67,Female,Marketing,21/11/2022,5
1143,37,37024,75,Male,Operations,4/7/2023,1
1144,62,34232,69,Male,Marketing,30/1/2024,-
1145,47,21803,68,Female,Finance,5/12/2023,5
1146,49,32698,43,Female,Marketing,6/11/2023,3
1147,19,21393,0,Male,HR,19/1/2023,2
1148,57,30700,80,Female,Sales,28/8/2022,3
1149,56,37805,38,Male,Finance,17/2/2021,3
1150,55,23646,67,Female,Finance,8/7/2023,5
1151,47,50470,48,Male,Finance,19/11/2022,2
1152,49,39469,84,Male,IT,10/6/2024,1
1153,44,27025,55,Female,HR,30/11/2024,3
1154,29,41849,50,Male,-,13/4/2021, 
1155,63,66481,-,*,IT,22/2/2024,1
1156,40,28168,-, ,Sales,8/3/2023,1
1157,32,55938,67,Male, ,21/9/2024,4
1158,52,22554,0,Male,HR,5/10/2020,1
1159,58,39500,34,Male,HR,3/8/2022,-
1160,60,49716,85,Female,Marketing,30/5/2021,1
1161,20,26657,71,Male,Finance,13/3/2024,3
1162,32,45709,53,Male,HR,15/5/2024,1
1163,22,12334,,Female,Operations,10/1/2023,2
1164,45,45233,1,Female,Marketing,1/2/2020,2
1165,57,26514,97,Female,HR,19/10/2024,2
1166,27,39199,16,Female,Marketing,23/8/2020,5
1167,63,44053,-,Male,Sales,29/7/2023,5
1168,39,41344, ,Female,HR,1/3/2021,4
1169,20,56782,24,Male,*,28/10/2021,4
1170,56,29697,*,Female,-,29/10/2022,3
1171,55,60447,5,Male,HR,13/9/2022,5
1172,53,45017,47,Male,IT,23/10/2022,1
1173,61,52307,14,Female,Operations,22/7/2023,1
1174,19,27637,42,Male,HR,15/4/2020,3
1175,42,25110,66,Female,Marketing,29/4/2024,2
1176,55,18834,-, ,Marketing,5/7/2024,1
1177,47,47041,44,*,Marketing,31/12/2020,2
1178,23,40861,8,Female,Marketing,12/12/2021,2
1179,32,38534,15,Male,Finance,28/5/2023,3
1180,38,40032,0,Female,Sales,26/3/2024,5
1181,37,37684,81,*,Operations,4/12/2024,4
1182,30,31127,95,Female,Finance,11/8/2021,3
1183,28,40964,72,Female,Operations,19/4/2024,1
1184,21,24020,12,Male,*,18/8/2023,3
1185,51, ,97,Female,HR,7/4/2024,4
1186,31,20579,56,Female,Sales,14/4/2022,2
1187,NA,0,77,Female,Operations,24/2/2021,NA
1188,29,23616,96,Male,HR,2/3/2022,5
1189,31,51452,20,Female,,10/9/2024,4
1190,31,28079,,Female,IT,5/10/2022,1
1191,42,54699,20,-,Finance,16/6/2020,2
1192,36,22876,41,-,IT,2/2/2020,2
1193,,0,80,Male,Finance,17/11/2023,1
1194,29,15063,62,Female,Sales,27/5/2021,3
1195,20,48344,63,Female,IT,24/5/2022,1
1196,54,42161,91,Male,Sales,21/8/2022,3
1197,26,14247,20,Female, ,10/10/2023,2
1198,46,38539,68,Male,Operations,21/3/2021,5
1199,45,24744,13,Male,IT,3/9/2022,5
1200,39,38161,84,Female,Marketing,9/5/2021,2
1201,18,32887,32,Female,,23/12/2023,5
1202,29, ,26,Female,Operations,4/7/2022,1
1203,21,51652,83,Male,HR,27/3/2022,2
1204,41,40281,34,Female,-,18/1/2020,5
1205,20,32117,15,Female,Sales,5/11/2021,3
1206,NA,55280,47,Male,Sales,29/5/2023,3
1207,18,36046,14,Female,Finance,11/1/2022,5
1208,34,28548,30,*,*,12/3/2021,3
1209,20,20508,46,Male,Operations,2/2/2020,2
1210,20,33209,60,Female,HR,15/6/2020,1
1211,26,11861,27,Male,Finance,26/6/2020,5
1212,35,19935,4,Female,NA,27/7/2023,3
1213,50,39075,0,Female,Marketing,12/8/2023,2
1214,,37518,16,Female,IT,9/3/2021, 
1215,43,,47,Male,Operations,15/4/2022,3
1216,39,36219,37,-,HR,14/5/2022,1
1217,18,0,68,Female,-,1/4/2022,2
1218,36,41863,85,Male,Sales,3/8/2024,2
1219,*,41666,40,Female,IT,18/6/2020,3
1220,43, ,98,Female,Marketing,8/3/2020,NA
1221,-, ,5,Male,-,19/4/2020,4
1222,22,32879, ,Male,Sales,13/10/2020,2
1223,35,23476,52,Female,Sales,9/2/2024,4
1224,62,51200,*,Female,Marketing,21/2/2021,4
1225,32,49291,71,Female,Sales,13/10/2021,2
1226,37,13610,76,-,Operations,30/10/2022,3
1227,45,62500,,NA,Finance,4/10/2023,4
1228,54,22875,96,Female,Sales,24/7/2023,4
1229,26,47239,NA,Male,Sales,9/5/2021,1
1230,43,38335,96,Female,Marketing,1/7/2024,4
1231,37,53114,52,, ,10/10/2021, 
1232,60,24318, ,Male,Operations,26/1/2024,3
1233,24,23444,0,Male,Marketing,27/9/2020,3
1234,26,33749,1,*,Operations,7/4/2023,1
1235,50,*,60,Male,Finance,4/10/2023,3
1236,39,33634,30,Male,Operations,17/3/2024,2
1237,18,15388,45,Male,Marketing,30/1/2022,1
1238,25,29626,81,Male,Finance,18/1/2020,2
1239,51,53086,80,Female,Sales,2/1/2022,1
1240,-,34765,12,Female,HR,11/7/2021,4
1241,42,46358,13,Male,Marketing,18/2/2024, 
1242,50,32988,54,Male,Sales,7/4/2020,3
1243,26,31691,76,Male,Finance,18/2/2024,2
1244,61,43590,63,Female,Sales,3/4/2020, 
1245,NA,30137, ,Female,Operations,10/6/2024,NA
1246,34,28618,73,,-,7/7/2022,2
1247,28,47494,46,Male,Marketing,10/7/2021,1
1248,36,39758,84,Male,Operations,17/6/2021,3
1249,39,38039,87,Male,Sales,10/1/2024,3
1250,26,42752,90,Female,Sales,1/5/2020,4
1251,27,53848,43,Male,Finance,14/9/2022,3
1252,42,30045,8,Male,Finance,21/4/2023,1
1253,38,45240,26,Female,IT,28/3/2022,2
1254,28,29054,17,Female,Sales,5/6/2023,2
1255,37,57805,81,Female,Sales,21/1/2024,2
1256,29,37149,0,Male,Finance,23/4/2020,5
1257,56,44445,65,Female,IT,19/1/2021, 
1258,32,,91,Female,Sales,9/4/2020,2
1259,23,32400,15,Female,IT,25/2/2022,4
1260,,57175,5,Male,Marketing,4/8/2021,2
1261, ,23924,98,Female,IT,26/10/2020,4
1262,32,31478,5,Male,NA,12/7/2020,3
1263,49,65630,56,Female,Sales,30/8/2024,3
1264,20,27261,*,Female,Finance,6/7/2020,3
1265,20,16284,72,Male,Marketing,7/7/2023,5
1266,*,45091,100,Female,IT,26/6/2023,4
1267,49,-,9,Female,Operations,18/10/2023,3
1268,25,45564,0,Female,-,24/5/2022,4
1269,23,32707,13,Female,NA,2/7/2022,1
1270,22,,12,Male,Finance,3/3/2020,4
1271,64, ,53,Female,HR,23/11/2021,3
1272,33,31343,27,Female,Marketing,13/5/2023,5
1273,63,41547,28,NA,Operations,10/1/2024,3
1274,34,*,29,Female,Operations,7/3/2024,4
1275,56,36074,7,Female,IT,2/9/2022,4
1276,22,27961,100,Female,HR,30/10/2023,-
1277,41,17375,-,Female,HR,10/4/2020,3
1278,44,*,61,Male,Marketing,13/7/2024,1
1279,42,27632,21,Female, ,23/10/2020,
1280,38,48643,87,Female,IT,6/10/2022,2
1281,63,16291,*,Female,Finance,3/1/2024,3
1282,25,17782,60,Female,Sales,8/7/2023,4
1283,63,30947,97,Male,IT,17/9/2023,1
1284,51,0,44,Male,IT,11/12/2020,3
1285,32,38249,96,Male,HR,19/5/2021,
1286,52,20311,84,Male,Marketing,6/2/2022,1
1287,43,35315,93,Male,Sales,22/5/2024,4
1288,53,44776,24,Female,Finance,13/3/2023,5
1289,51,54919,81,Male,Marketing,31/8/2023,5
1290,52,35738,47,Female,Finance,14/2/2021,4
1291,32,35440,42,Female,,16/2/2024,1
1292,20,0,*,NA,IT,26/1/2020,1
1293,58,26746,18,Female,HR,12/10/2023,2
1294,26,47214,71,Male,Sales,25/1/2022,1
1295,53,30763,56,Female,IT,16/11/2023,3
1296,60,32285,60,Male,Finance,20/6/2022,5
1297,43,,87,-,Sales,16/1/2023,5
1298,27,55842,76,Female,HR,15/3/2021,5
1299,47,53347,,Male,Marketing,18/1/2021,2
1300,59,41595,41,*,Marketing,29/8/2024,1
1301,53,0,17,Male,IT,10/9/2022,5
1302,34,NA,NA,Female,IT,4/5/2020,5
1303,42,21090,83,,HR,8/5/2021,3
1304,28,26873,NA,Female,Marketing,27/9/2022,2
1305,64,29786,0,Female,HR,25/5/2020,2
1306,48,43800,*,Male,Sales,5/3/2023,1
1307,29,49510, ,Male,Sales,17/2/2023,
1308,-,10226,19,Male,IT,26/5/2020,1
1309,43,-,94,Female,Marketing,7/5/2021,4
1310,56,-,12,Female,IT,9/11/2023,2
1311,30,28551,1,Male,Marketing,3/5/2020,3
1312,47,14009,-,Female,Sales,20/7/2023,3
1313,20,NA,45,Female,Sales,1/2/2024,3
1314,48,37501,20,Female,Operations,23/4/2024,2
1315,38,NA,85,Female,NA,20/1/2021,2
1316,63,33762,64,Female,Finance,2/5/2020,1
1317,*,32519,97,Female,HR,17/5/2023,4
1318,46,26044,23,Male,Marketing,8/2/2024,5
1319,,25855,27,NA,Sales,31/10/2022,4
1320,47,21954,36,Male,Marketing,9/4/2021,4
1321,23,21974,15,Male,Marketing,2/5/2023,5
1322,28,45378,0,Female,Operations,2/6/2023,2
1323,28,31682,37,Male,Marketing,3/2/2022, 
1324,21,-,,Female,HR,5/12/2023,*
1325,39,30571,5,Male,IT,15/8/2023,3
1326,51,26458,0,NA,Sales,5/4/2021,3
1327,47,38563,,Female,Operations,7/4/2022,5
1328,22,41915,84,Female,Operations,4/9/2020,2
1329,48,2395,69,Female,IT,23/10/2020,2
1330,45,28881,83,Male,Finance,4/4/2020,3
1331,48,31692,68,Female,Operations,4/8/2023,NA
1332,40,36002,0,Female,Sales,19/10/2021,3
1333,20,37448,NA,*,*,9/2/2020,4
1334,52,49885,90,Female,Marketing,15/12/2022,2
1335,38,57907,39,Female,HR,22/6/2024,3
1336,38,51896,41,Female,Finance,15/6/2022,2
1337,27,29561,75,Male,Marketing,1/6/2020,1
1338,,33154,32,Female,IT,1/8/2021,4
1339,44,42166,21,Female,HR,24/4/2023,4
1340,-,25376,46,Female,Sales,26/8/2022,5
1341,29,57971,72, ,IT,5/8/2023,1
1342,40,27733,15,Female,HR,5/9/2024,2
1343,39,29438,22,Female,Operations,9/9/2024,3
1344,40,67117,84,Male,Marketing,5/1/2021,2
1345,40,46925,10,Male,Finance,17/7/2020,3
1346,32,30934,6,Male,-,31/8/2024,3
1347,43,30056,56,Male,Sales,25/10/2023,2
1348,45,53387,72,Male,IT,19/9/2023,3
1349,30,48590,37,Male,HR,1/7/2022,3
1350,52,34333,83,Female,Operations,1/12/2021,2
1351,54,40781,65,Female,Marketing,31/5/2021,5
1352,61,68169,44,Female,Finance,16/11/2023,5
1353,55,22275,47,Male,Finance,10/5/2022,5
1354,21,37126,34,Male,Finance,18/1/2021,2
1355,31,45102,19, ,Sales,17/2/2024,1
1356,64,26520,86,Female,Finance,7/11/2023,3
1357,54,40470,62,NA,HR,18/2/2024,1
1358,25,*,26,Female,IT,1/4/2022,2
1359,51,39693,31,-,Operations,25/11/2022,4
1360,19,15255,12,Female,IT,28/7/2024,2
1361,25,51391,NA, ,,8/5/2024,4
1362,42,53706,38,Male,Marketing,9/5/2021,4
1363,44,43239,64,Male,IT,11/9/2021,4
1364,28,31650,20,Male,Operations,2/4/2021,4
1365,34,NA,NA,Female,Marketing,30/11/2023,
1366,47,51386,6,Female,Finance,12/1/2023,2
1367,55,37112,22,Male,Finance,8/9/2023,5
1368,-,17809,91,Male,Marketing,2/5/2024,*
1369,51,25499,0,Male,HR,27/7/2021,2
1370,32,41761,51,Female,IT,13/3/2024,3
1371,39,14754,89,Male,*,9/8/2022, 
1372,42,17250,97,Female,Operations,3/6/2024,3
1373,31,18395,25,Male,,30/4/2023,5
1374,42,35808,52,Female,Sales,1/10/2022,1
1375,62,40476,12,Female,Sales,5/11/2020,-
1376,34,0,44,Female,*,21/6/2022,3
1377,60,48314,66,Male,Operations,23/4/2022,2
1378,*,50201,28,Male,Finance,26/7/2024,3
1379,46,47647,58,Male,Marketing,17/2/2021,3
1380,-,43656,4,Female,Sales,12/1/2020,2
1381,19,43733,33,Male,IT,21/11/2022,5
1382, ,48151,98,Male,Sales,4/7/2020,2
1383,25,38268,76,Male,Operations,14/8/2024,
1384,53,22542,71,Female,Marketing,10/11/2021,5
1385,44,18262,18,Female,Marketing,23/10/2021,1
1386,44,33766,37,Male,Sales,1/3/2021,3
1387, ,17461,5,Male,HR,5/1/2020,4
1388,NA,12447,39,Male,Marketing,5/1/2023,3
1389,29,*,51,Female,IT,27/4/2021,2
1390,23,18698,71,Female,IT,10/9/2022,5
1391,60,32061,80,Female,IT,30/6/2021,-
1392,41,31785,40,Male,Sales,18/9/2022,
1393,54,28275,56,Female,Operations,15/6/2023,2
1394,,26338,*,Male,IT,23/11/2023,2
1395,37,6987,27,Female,Sales,18/3/2021,1
1396,64,32980,-,Female,Marketing,8/7/2023,3
1397,62,48053,15,Male,Finance,25/5/2024,3
1398,54,29908,18,Male,IT,5/5/2024,3
1399,23,38806,65,Female,IT,3/1/2020,2
1400,38,48758,0, ,IT,27/8/2022,3
1401,48,33606,16,Male,IT,24/2/2022,3
1402, ,31790,,Male,HR,25/5/2021,3
1403,34,24491,34,Male,Marketing,5/7/2020,4
1404,50,42352,69,Male,Sales,24/4/2021,1
1405,NA,21962,3,Female,Finance,12/9/2021,3
1406,57,15728,18,Male,Marketing,22/10/2023,5
1407,50,0,67,Female,Sales,1/4/2021,5
1408,19,43654,25,Female,Finance,18/2/2024,4
1409,62,-,94,Male,Finance,1/3/2021,2
1410,,45780,87,Female,Finance,29/1/2022,5
1411,20,34946,15,Male,IT,10/11/2024,4
1412,43,34284,52,-,IT,22/2/2023,1
1413,41,23762,48,Female,IT,6/6/2022,1
1414,29,39654,63,Female,IT,26/3/2023,3
1415,26,27875,-,Female,Marketing,10/9/2021,3
1416,21,44222,23,Female,NA,9/1/2021,4
1417,22,43656,75,Female,HR,19/1/2024,4
1418,22,33608,51,Female,HR,2/12/2020,4
1419,29,27822,71,Female,Finance,3/7/2023,1
1420,62,35007,3,Female,Operations,14/6/2023,4
1421,28,38562,97,Female,Sales,30/11/2020,5
1422,45,NA,78,Female,HR,15/10/2021,1
1423,44,32985,18,Female,Marketing,25/7/2022,3
1424,39,45871,12,Female,Marketing,19/5/2020,1
1425,20, ,55,*,Finance,20/2/2024,1
1426,38,39545,21,Male,IT,19/10/2024,3
1427,28,45057,92,Male,,28/6/2020,5
1428,45,42829,NA,Male,Sales,26/2/2023,5
1429,46,12555,1,Female,Operations,4/1/2020,2
1430,34,51764,54,Male,Finance,5/9/2021,5
1431,27,19956,50,Female,NA,30/5/2021,4
1432,NA,46337,26,,IT,30/9/2024,1
1433,,27720,95,Female,Finance,14/1/2020,5
1434,46,42695,79,Female,HR,3/4/2022,3
1435,21,20156,10,-,Sales,13/4/2023,5
1436,56,30589,95,Female,HR,25/12/2021,2
1437,41,66047,88,-,Operations,2/10/2020,2
1438,62,42106,4,Male,IT,14/9/2022,3
1439,41,25858,70,,Finance,27/4/2020,3
1440,31,*,92,Male,Marketing,30/10/2024,5
1441,43,28337,76,Female,Sales,8/10/2023,5
1442,28,51691,22,Female,Finance,19/10/2020,5
1443,20, ,0,Male,IT,23/10/2020,5
1444, ,41281,79,Male,Finance,16/8/2020,3
1445,64,25496,87,Male,IT,22/10/2023,5
1446,,-,22,Female,Operations,10/9/2024, 
1447,23,39648,10,NA,Finance,8/10/2020,5
1448,50,33190,75,Male,*,17/5/2020,5
1449,34,27607,43,Female,Finance,23/9/2020,5
1450,57,28694,,Female,Marketing,15/2/2023,1
1451,35,40112,31, ,Sales,29/3/2022,3
1452,61, ,73,Male,Marketing,15/6/2021,3
1453,NA,51702,61,*,Operations,23/1/2023,4
1454,21,42319,61,Male,,11/4/2021,5
1455,53,58322,NA,Female,IT,12/3/2024,4
1456,56,32155,79,Female,HR,29/5/2020,5
1457,32,39649,64,Female,Operations,26/11/2024,4
1458,*,44735,49,-,Finance,9/4/2021,4
1459,43,17538,89,NA,Finance,12/3/2020,3
1460,NA,42085,4,Female,Sales,22/9/2020,5
1461,45,36486,96,Male,Sales,29/11/2021,4
1462,47,37766,54,Male,Sales,11/10/2024,5
1463,63,49915,48,Male,Finance,17/9/2020,-
1464,45,0,94,*,Finance,4/6/2021,-
1465,62,36706,53,Female,Operations,6/5/2020,2
1466,57,36315,54,Female,IT,24/3/2024,2
1467,51,40223,38,*,Sales,17/4/2024,2
1468,27,42797,53,Male,Operations,3/2/2023,2
1469,NA,34220,0,Male,HR,4/2/2024,5
1470,32,40209,22,Male,HR,15/2/2021,5
1471,61,*,3,Male,*,4/1/2020,4
1472,47, ,14,Female,Finance,10/2/2023, 
1473,45,49569,89,Male,Sales,27/6/2022,2
1474,56,11527,14, ,Marketing,1/5/2020,1
1475,43,20142,72,Female,Marketing,14/11/2022,5
1476,43,18561,83,Female,NA,11/9/2020,5
1477,61,44513,54,Female,HR,19/8/2021,1
1478,18,65989,NA,Male,Finance,3/3/2024,3
1479,39,53361,60,Female,Finance,23/6/2023,4
1480,40,17556,60,Female,Marketing,5/6/2022,2
1481,42,27943,83,Male,IT,20/3/2021,1
1482,25,40250,2,Female,Operations,20/2/2021,
1483,*,45700,32,Male,Operations,2/3/2022,3
1484,32,13162,-,Male,IT,29/11/2024,3
1485,19,*,24,Female,Marketing,15/10/2023,
1486,29,14434,0,Female,-,20/11/2020,4
1487,35,28316,57,Male,HR,25/12/2023,1
1488,,30942,97,Male,Operations,10/6/2024,4
1489,59,,95,Male,*,20/4/2020,1
1490,44,271570,,Male,IT,9/1/2024,*
1491,19,0,89,Female,Marketing,14/4/2023,3
1492,52,46425,92,Male,HR,26/2/2020,3
1493, ,54557,1,NA,Operations,16/10/2024,2
1494,30,29792,78,Female,Marketing,20/6/2022,5
1495,21,52240,18,Male,Sales,10/8/2020,1
1496,45,24362,46,Female,Finance,4/7/2024,4
1497,40,24669,16,Male,Sales,15/8/2021,NA
1498,35,47035,42,Male,Operations,26/7/2023,2
1499,38,40055,19,Male,HR,27/7/2021,3
1500,56,267085,61,Female,Sales,21/7/2023,3
1501,31,48477,71, ,Sales,28/2/2022,4
1502,30,42558,61,Male,Marketing,2/11/2024,4
1503,37,49938,55,Male,IT,3/10/2021,3
1504,30,48312,7,Female,Finance,10/3/2023,1
1505,25,29295,5,*,Sales,22/1/2021,4
1506,21,224086,0,,Operations,17/4/2022,4
1507,23,11289,20,Female,Operations,10/3/2022,5
1508,41,51772,60,Male,IT,8/1/2023,4
1509,41,42621,97,Male,Finance,14/10/2022,1
1510,37,35544, ,Male,Sales,29/7/2023,1
1511,30,59503,80,Female,Operations,30/3/2020,5
1512,51,14921,77,Female,Operations,19/9/2020,5
1513,25,46877,58,Male,Finance,6/8/2021, 
1514,51,32704,17,Male,HR,16/6/2021,3
1515,64,21351,98,Female,Sales,12/8/2023,3
1516,22,5383,4,Female,*,22/1/2024,2
1517,33,37154,88,-,Sales,21/8/2020,5
1518,33,2054,,Male,Sales,6/9/2022,5
1519,31,40291,23,Male,Marketing,25/3/2024,5
1520,44,42048,35,Female,Finance,14/1/2021,3
1521,59,44262,15,Male,Marketing,13/12/2020,3
1522,59,52201,87,Male,Sales,23/3/2023,1
1523,48,52716,85,Male,-,2/2/2023,1
1524,,NA,*,Female,HR,28/6/2024,1
1525,48,43510,63,Female,IT,2/12/2020,2
1526,31,0,58,Male,HR,19/9/2021,1
1527,*,28710,,Male,Finance,3/2/2020,1
1528,*,8888,2,Male,IT,21/4/2022,3
1529,32,60574,16,Male,Finance,4/11/2024,5
1530,37, ,90,Female,IT,20/9/2021,2
1531,45,36520,14,Male,Finance,4/7/2021,1
1532,55,38528,71,Female,Operations,27/12/2020,3
1533,44,51816,68,Female,Operations,5/4/2023,5
1534,18,30589,36,NA,Operations,5/1/2022,1
1535,29,28219,67,Female,Operations,15/5/2022,2
1536,56,*,21,Male,HR,3/9/2021,4
1537,44,34176,34,Male,Sales,11/2/2020,3
1538,,NA,99,Male,Sales,10/4/2023,5
1539,48, ,60,Male,Finance,23/6/2020,4
1540,41,25741,28,Female,Marketing,5/12/2021,*
1541,49,42783,38,Male,IT,12/9/2020,*
1542,37,31064,93,Male,HR,26/1/2020,5
1543,40,30946, ,Female,HR,14/9/2024,3
1544,20,29741,90,Female,Sales,11/11/2021,3
1545,NA,30151,69,Male,Operations,15/8/2022,5
1546,64,,15,Male,Operations,30/4/2020,5
1547,19,12814,59,Male,Marketing,21/12/2023,5
1548,54,42230,44,Female,Marketing,27/6/2024,4
1549,38,48184,27,Female,Sales,1/8/2021,1
1550,20,25528,41,Male,HR,28/10/2021,NA
1551,29,53115,94,Male,Operations,16/9/2023,2
1552,45,0,8,Male,Operations,19/10/2022,4
1553,42,49261,4,Male,-,14/11/2021,2
1554,33,26636,49,Female,-,17/3/2023,
1555,29,46002,15,Female,Sales,4/11/2022,4
1556,38,NA,60,Male,IT,16/2/2021,4
1557,62,0,9,Male,HR,17/7/2023,2
1558,39,48595,46,Female,Finance,18/11/2024,2
1559,36,-,40,Female,HR,24/6/2024,3
1560,29,33760,19,Female,Sales,10/6/2023,2
1561,29,37411,0,Female,IT,1/11/2024,3
1562,40,30709,NA,Male,-,12/3/2020,2
1563,59,23146,3,*,Operations,6/2/2021,1
1564,52,42462,97,Female,IT,19/4/2022,4
1565,26,NA,49,Male,IT,1/1/2022,5
1566,38,32754,43,Male,Marketing,18/10/2020,2
1567,34,8722,19,Female,HR,7/9/2021,4
1568,19,61515,90,Female,IT,1/10/2022,1
1569,54,0,71,Female,IT,22/10/2021,3
1570,28,-,30,Male,Marketing,29/7/2020,*
1571,38,27202,28,Male,Marketing,3/6/2021,2
1572,22,38082,16,Female,IT,24/2/2024,3
1573,51,24816,86,Female,IT,4/6/2024,2
1574,54,,66,Female,Finance,14/5/2020,
1575,49,51178,32,Male,Marketing,3/10/2020,5
1576, ,44732,34,-,HR,9/5/2021,1
1577,56,67388,80,Female,HR,25/6/2024,
1578,30,*,37,Male,HR,3/9/2020,*
1579,*,32264,26,Male,HR,3/7/2021,3
1580,40,56455,8,Male,Operations,8/10/2023,3
1581,NA,53893,*,Male,IT,7/6/2020,1
1582,20,89285,52,Female,Finance,23/1/2021,1
1583,38,16071,89,Male,Marketing,27/3/2022, 
1584,27,10417,34,Male,Operations,19/2/2023,4
1585,20,52900,39,Female,,8/2/2021,1
1586,32,34263,60,Male,HR,13/5/2023,4
1587,27,47630,42,Male,Sales,19/2/2023,5
1588,64,45387,52,Female,Finance,10/4/2021,4
1589,26,19173,14,Male,Operations,3/6/2023,4
1590,33,18175,98,Male,Operations,17/5/2020,-
1591,41,32781,*,Male,Marketing,19/10/2021,3
1592,NA,38827,46,Female,HR,28/2/2020,5
1593,47,44930,1,Male,Operations,26/11/2022,1
1594,30,30113, ,Female,IT,27/6/2021,2
1595,18,27895,NA,,Operations,16/12/2022,4
1596,21,38351,20,Female,IT,30/1/2020,1
1597,24,7415,10,Male,IT,23/11/2024,4
1598,53,53270,47,Male,Operations,6/11/2020,4
1599,38,43099,32,Female,Operations,27/5/2022,5
1600,47,,95,*,Operations,21/9/2022,3
1601,56,NA,42,Male,Marketing,24/7/2021,2
1602,44,37401,91,*,IT,2/8/2023,-
1603,43,35786,18,Female,Sales,15/10/2024,1
1604,36,23068,68,Female,HR,1/7/2022,3
1605,31,43540,45,Female,Sales,30/7/2022,-
1606,57,36969,49,Female,IT,29/10/2021,2
1607,59,25768,43,Female,HR,31/10/2024,*
1608,48,25137,22,Male,HR,24/6/2023,-
1609, ,39127,27,Male,HR,30/6/2023, 
1610,50,31872,9,Male,IT,20/4/2023,1
1611,26,48612,65,Female,Operations,9/6/2020,1
1612,19,47396,-,Male,Marketing,25/2/2024,4
1613,53,30932,12,Female,Marketing,1/5/2020,2
1614,24,34199,36,Male,Operations,4/11/2023,2
1615,22,21929,21,Female,Sales,3/6/2023,2
1616,39,34394,13,Male,IT,17/4/2024,3
1617,51,33355,24,-,HR,20/11/2023,2
1618,33, ,50,Male,Sales,19/7/2022,NA
1619,31,15176,99,Female,Finance,30/4/2020,NA
1620,-,56071,30,Female,Sales,12/8/2021, 
1621,23,42042,15, ,Finance,4/11/2024,*
1622,62,37648, ,Female,Marketing,26/12/2022,1
1623,54,0,27,Female,Operations,2/11/2023,5
1624,58,-,36,Female,Operations,5/9/2020,1
1625,19,30255,76,Female,HR,10/2/2024,
1626,NA,38875,81,NA,Finance,24/7/2024,5
1627,*,28522,12,Male,IT,28/4/2020,2
1628,59,44142,98,Male,HR,2/9/2023,1
1629,-,33540,26,Female,HR,6/6/2020,4
1630,36,22371,98,Male,Sales,22/7/2022,2
1631,60,20147,9,Female,Finance,26/5/2020,4
1632,61, ,0,Female,Finance,8/11/2020,3
1633,34,38774,15,Female,Sales,20/12/2020,4
1634,18,36511,55,Male,Sales,10/1/2021,4
1635,21,21837,90,Female,Sales,10/8/2021,4
1636,54,45237,5,Female,Finance,26/12/2023, 
1637,47,47385,33,Male,HR,13/9/2021,5
1638,63,42926,25,NA,HR,29/9/2023,5
1639,47,23884,-,Female,IT,17/10/2024,5
1640,46,15204,17,Female, ,26/5/2020,3
1641,63,5653,39,Male,IT,27/10/2022,
1642,38,27261,44,Female,,1/8/2022,4
1643,20,,62,Female,-,10/8/2020,1
1644,42,40838,87,Female,Operations,5/5/2021,5
1645,20, ,52,Male,IT,1/1/2021,3
1646,NA,41096,17,Male,HR,13/6/2020,3
1647,56,53275,35,Female,HR,17/4/2021,3
1648,63,19505,44,Female,Finance,18/9/2022,1
1649,54,NA,52,Female,Operations,5/4/2020,1
1650,-,51606,48,Female,IT,14/3/2020,3
1651,62,5770,44,Female,Sales,20/8/2024,2
1652,31,24871,40,Female,Operations,9/2/2022,5
1653,56,37452,15,Female,NA,30/11/2022,4
1654,59,35469,37,Male,Finance,29/9/2021,5
1655,48,21900,6,Male,Operations,4/3/2020,5
1656,57,11604,97, ,Finance,26/4/2022,1
1657,44,20662,19,Female,Marketing,8/1/2023,1
1658,34,36754,,Female,Sales,18/7/2022,5
1659,,17896,50,,IT,23/1/2023,2
1660,52,54746,70,Female,IT,10/11/2024, 
1661,36,26570,-,Male,HR,22/12/2023,1
1662,*,27254,NA,Female,Sales,11/6/2024,1
1663,-,34740,11,Female,HR,17/8/2023,3
1664,35,,48,Female,HR,29/11/2021,5
1665,48,36063,14,Male,Marketing,4/11/2021,
1666,,12926,88,,IT,15/3/2022,4
1667,64,23884,96,Male,Marketing,7/3/2024,2
1668,43,-,53,Female,Operations,19/3/2022,2
1669,58,59274,*,Female,IT,26/6/2021,5
1670,62,29935,41,,Sales,16/9/2020,5
1671,34,36319,0,Female,Finance,29/2/2024,5
1672,30,49138,65,Male,Sales,12/3/2022,2
1673,35,20191,24,Male,Operations,25/8/2021,2
1674,29,29541,73,Male,Marketing,7/12/2020,2
1675,39,15718,88,Female,HR,30/10/2023,3
1676,54,47585,61,Female,IT,11/5/2022,5
1677,62,27571,18,Female,,12/12/2022,-
1678,28,4969,6,Female,Operations,30/5/2021,4
1679,30,32036,57,Male,Marketing,10/7/2021,2
1680,53,28038,0,Female,Sales,9/2/2023,4
1681,42,0,56,Female,NA,1/8/2024,5
1682,36,44135,61,Female,IT,30/7/2024,2
1683,18,20262,70,NA,Operations,25/11/2024,5
1684,31,24471,76,Male,Marketing,25/6/2021,3
1685,19,50351,18,Male,NA,9/3/2020,3
1686,22,0,99,Male,Marketing,4/12/2020,5
1687,,44985,0,*,Sales,12/10/2020,1
1688,44,44957,55,Male,Operations,25/3/2020,3
1689,48,26488,49,Female,Operations,3/7/2024,4
1690,NA,54493,67,Female,Operations,30/6/2020,3
1691,33,26519,,Female,IT,3/4/2022,5
1692,41,50171,4,Male, ,13/6/2022,1
1693,63,44963,42,Male,Sales,15/3/2020,3
1694,50,36437,81,Female,Operations,19/4/2022,4
1695,51,44964,3,*,IT,23/11/2022,4
1696,23,*,75,Female,HR,8/12/2022,4
1697,20,38884,10,Male,Operations,18/12/2022,4
1698,51,28090,*,NA,IT,5/11/2023,3
1699,-,37865,30,Female,IT,17/9/2022,4
1700,38,37161,2,Male,Finance,2/1/2024,4
1701,,28617,94,Female,Operations,20/8/2021,3
1702,59,42150,81,Female,IT,26/11/2020,1
1703,41,-542,57,Female,IT,22/8/2021,
1704,64,39667,0,Female,HR,27/6/2023,5
1705,19,49606,8,Female,Sales,6/2/2022,4
1706,53,35607,23,Male,Marketing,22/5/2021,3
1707,47,37941,44,Female,IT,27/8/2023,1
1708,44,4230,13,Male,Operations,2/2/2024,5
1709,24, ,35,Female,Marketing,20/11/2020,2
1710,18,45423,85,Female, ,1/6/2023,3
1711,57,28778,3,Male,Finance,14/10/2021, 
1712,40,48218,81,Female,Sales,25/11/2022,5
1713,24,39888,81,Male,HR,23/7/2021,5
1714,34,47964,12,Female,Operations,18/8/2023,5
1715,,31238,22,Male,HR,25/8/2022,3
1716,37,4791,96,*,Sales,12/7/2021,1
1717,48,45985,0, ,Finance,18/7/2023,4
1718,49,28639,25,Female,IT,1/6/2023,1
1719,55,29858,5,-,Finance,26/12/2020,2
1720,20,19278,75,Female,IT,3/1/2020,2
1721,34,49772,34,NA,HR,1/9/2024,5
1722,60,0,60,Male,Finance,19/1/2021,1
1723,37,30564,9,Female,Marketing,4/4/2020,1
1724,48,,65,Male,Sales,19/6/2024,2
1725,26,21921,29,Male,Marketing,6/1/2022,2
1726,40,0,31,Male,Finance,3/6/2020,2
1727,49,26621,46,Female,*,31/7/2022,3
1728,41,,42,Female,Finance,23/11/2022,5
1729,26,27635,23,Female,Finance,25/3/2020,4
1730,47,35396,24,Male,Sales,14/6/2023,5
1731,38,32953,0,Male,HR,7/12/2021,3
1732,40,0,73,Male,Sales,2/7/2021,1
1733, ,48280,93,Female,Finance,3/2/2021,4
1734,63,12686,,Male,*,12/3/2024,2
1735, ,42485,-,-, ,20/3/2021,5
1736,37,28093,22,Female,Marketing,26/3/2024,4
1737,32,38713,55,Female,Marketing,18/3/2023,4
1738,44,38053,8,Female,HR,12/2/2023,1
1739,*,33124,94,Male,HR,17/10/2020,1
1740,38,42155,53,Male,HR,26/4/2022,4
1741,57,61463,42,Female,Operations,10/4/2023,4
1742,29, ,18,Female,IT,6/2/2021,2
1743,39,37683,0,Male,Sales,14/6/2022,2
1744,22,25765,57,*,Marketing,31/7/2022,3
1745,18,42560,52,Male,HR,27/9/2021,2
1746,58,40195,5,Female,HR,5/10/2024,1
1747,45,39675,50,Male,HR,5/12/2021,3
1748,*,*,49,Male,*,27/1/2023,5
1749,49,38668, ,Male,Sales,6/4/2024,1
1750,55,*,28,Female,Marketing,28/9/2021,
1751,29,-,11,Male,Operations,17/12/2021,5
1752,23,38125,66,Male,HR,13/8/2023,1
1753,53,32115,70,Female,Marketing,26/5/2022,3
1754,38,30082,,Female,HR,3/4/2022,1
1755,43,34544,42,Female,Operations,4/8/2021,4
1756,20,23989,30, ,IT,4/10/2024,3
1757,-,33764,-,Male,Operations,19/12/2021,4
1758,19,,47,Male,IT,27/11/2021,4
1759,60,34394,67,Male,IT,8/11/2023,3
1760,26,33715,37,Male,Marketing,10/1/2022,1
1761,55,44691,1,Female,Operations,10/3/2023,5
1762,58,25333,42,Female,HR,9/3/2022,4
1763,34,51514,2,Female,Operations,20/2/2020,4
1764,*,8364,41,Male,Operations,19/10/2020,-
1765,38,25983,86,Female,Finance,6/8/2021, 
1766,60,37537,57,Female,HR,28/4/2022,1
1767,58,*,61,NA,Marketing,17/2/2020,1
1768, ,0,0,Male,Sales,12/3/2023,5
1769,51,35687,3,Male, ,26/2/2022, 
1770,20, ,49,Female,HR,2/5/2023,5
1771,37,37611,35,Female,Sales,23/1/2020,1
1772,39,40429,2,Male,Sales,19/2/2020,1
1773,41,45219,NA,Male,Marketing,18/3/2021,4
1774,60,38520,45,NA,Sales,5/7/2020,1
1775,46,58785,57,Male,IT,7/9/2023,4
1776,29,27218,70,Male,IT,9/3/2020,5
1777,52,50734,92,Male,Finance,10/9/2021,1
1778,40,55018,51,Female,Operations,10/10/2024,5
1779,31,24397,12,Male,Finance,17/6/2022,2
1780,48,53776,*,-,Sales,19/5/2023,3
1781,56,32578,58,Male,Sales,14/9/2024,1
1782,41,25378,22,Female,Sales,12/8/2020,1
1783,57,44836,0,Male,IT,20/6/2021,3
1784,51,37285,84,Female,Sales,9/7/2023,NA
1785,56,19446,38,Male,Sales,28/4/2020,4
1786,-,34388,86,Male,Operations,3/3/2021,2
1787,18,52857,0,Male,IT,26/12/2022,5
1788, ,37686,48,Female,NA,9/3/2024,-
1789,31,49594,0,Male,Marketing,18/12/2021,5
1790,52,29062,95,Female,Finance,2/12/2024,1
1791,31,34382,25,Male,Marketing,25/7/2023,4
1792,20,32369,8,Male,Finance,26/11/2023,2
1793,23,0,63,Male,Sales,3/8/2024,NA
1794,62,40597,95,Male,Finance,30/3/2020,4
1795,28,22974, ,Male,Marketing,9/4/2023,4
1796,,0,25,Male,Sales,2/1/2021,3
1797,44,23854,67,Male,Sales,9/8/2020,3
1798,46,36370,0,Male,Finance,10/2/2020,4
1799,28,13889,51,Male,HR,10/6/2022,1
1800,19,39329,65,Male,Operations,23/2/2024,3
1801,29,-,26,-,Marketing,6/2/2023,2
1802,41,43209,58,Male,Marketing,14/7/2021, 
1803,41,22757,7,Female,HR,30/7/2024,3
1804,50,17992,64,Female,Marketing,14/2/2024,1
1805,35,21782,94,Male,HR,10/12/2022,5
1806,57,12853,74,Male,Sales,5/11/2024,5
1807,38,30457,38,Male,HR,17/4/2020,3
1808,39,24021,8,Female, ,8/1/2022,1
1809,36,45519,26,Female,HR,8/6/2023, 
1810,19,22373,43,Male,Finance,31/10/2023,4
1811,34,47676,34,Female,Sales,13/11/2021,1
1812,57,53615,28,Male,IT,8/6/2023,
1813,21,42230,89,Female,,6/8/2020,4
1814,27,32846,43,Male,Finance,5/10/2022,4
1815,60,18737,74,Male,HR,1/5/2023,1
1816,31,54234,30,NA,Marketing,6/2/2020,2
1817,31,35262,NA,Male,Marketing,22/3/2023,4
1818,43, ,2,Female,Sales,26/1/2023,2
1819,NA,33882,9,Male,IT,20/10/2020,3
1820,42,59062,28,Female,IT,18/12/2022, 
1821,48,54613,50,Male,Marketing,23/4/2023,4
1822,48,21288,34,Male,Finance,2/4/2020,2
1823,48,6816,50,Female,HR,29/9/2023,1
1824,60,31481,58,Male,Operations,29/3/2020,3
1825,53,24757,3,Female,Finance,13/11/2022,3
1826,42,53990,*,Female,Operations,17/4/2022,3
1827,48,35631,-,Female,Finance,9/6/2021,2
1828,40,26392,91,Male,Finance,18/9/2020,2
1829,59,32904,63,Male,Finance,9/11/2020,1
1830,31,43362,63,Male,IT,28/5/2022,1
1831,34,27104,100,Female,Sales,1/1/2023,4
1832,23,28571,12,Female,Marketing,27/10/2023,1
1833,22,33506,16,Female,HR,20/12/2021,4
1834,36,0,10,Male,IT,13/3/2024,3
1835,55,29706,83,Male,Finance,7/2/2023,3
1836,60,53346,92, ,Operations,22/9/2021,4
1837,,0,22,Female,HR,18/5/2021, 
1838,52,NA,5,Female,Finance,27/6/2022,3
1839,32,*,-,Male,Marketing,17/5/2020,5
1840,53,26924,23,Female,HR,25/2/2022,4
1841,39,30769,53, ,Finance,10/10/2023,1
1842,30,19625,22,Female,Marketing,6/10/2023,3
1843,63,42032,57,Female,*,9/2/2021,3
1844,31,, ,Male,Finance,20/5/2020,5
1845,23,11072,40,Female,HR,9/5/2024,2
1846,*,17275,56,Male,Finance,21/11/2023,-
1847,47,30887,71,Male,Operations,7/8/2024,3
1848,20,51089,60,Male,Marketing,8/1/2024,*
1849,26,0,60,Female,Finance,24/5/2021,
1850,32,9175,0,Male,*,16/6/2023,5
1851,24,35401,43,Male,Sales,8/10/2024,3
1852,21,32793,*,Female,Operations,18/5/2021,1
1853,49,15035,-,Female,HR,2/7/2022,NA
1854,29,22738,53,Male,HR,13/9/2021,3
1855, ,34305,0,Male,Finance,17/11/2023,1
1856,49,32950,82,Female,IT,24/6/2021,4
1857,32,34192,15,Male,IT,29/1/2023,4
1858,47,25209,1,Male,NA,7/3/2022,2
1859,44,30915,14,Female,IT,7/12/2020,2
1860,25,30679,19,Male,Marketing,21/5/2021,3
1861,44,69610,12,Female,Finance,21/1/2023,3
1862,-,35565,79,Female,IT,13/6/2020,2
1863,23,0,41,Female,Operations,19/8/2023,4
1864,50,19317,7,Male,HR,16/4/2023,4
1865,38,24885,0,NA,Marketing,18/3/2024,5
1866,41,47456,70,Male,IT,4/2/2023,
1867,40,32964,45,Female,Marketing,3/9/2023,NA
1868,57,38056,22,Male,Finance,22/12/2020,2
1869,-,41865,32,Female,HR,11/11/2024,3
1870,56,42590,25,Male,Sales,24/9/2020,2
1871,41,20227,74,Male,HR,13/7/2020,*
1872,58,36791,22,,Sales,2/1/2024,5
1873,48,24329,NA,Female,HR,28/7/2023,3
1874,60,38092,88,Male,Marketing,8/12/2020,4
1875,20,19869,17,Male,Operations,7/7/2024,2
1876,64,36829,97,,Marketing,22/4/2022,5
1877,NA,25190,18,Female,Finance,28/6/2021,NA
1878,37,27309,2,Male,Finance,28/1/2022,4
1879,45,39410,73,Male,Sales,26/1/2023,5
1880,54,21644,89,Male,HR,6/8/2023,5
1881,22,64902,5,Female,Marketing,30/9/2022,2
1882,NA,36384,97,Female,Sales,23/7/2024,3
1883,44,31879,41,Female, ,2/1/2021,5
1884,40,44354,33,Male,Operations,27/8/2023,5
1885,49,52992,0,Male,Operations,7/8/2023,2
1886,47, ,25,Male,Finance,19/6/2023,4
1887,23,50534,66,Female,NA,12/2/2021,4
1888,24,58424,7,Female,Operations,22/3/2021,3
1889,32,28967,NA,Male,IT,16/1/2020,4
1890,35, ,82,Male,IT,7/10/2020,1
1891,*,47163,60,Female,Finance,19/4/2020,2
1892,63,46312,*, ,Finance,13/8/2021,3
1893,32,28107,26,Female,Marketing,14/11/2023,
1894,20,48340,11,Female,Finance,20/7/2024,3
1895,24,0,84,Male,Marketing,2/1/2021,4
1896,60,24092,34,Female,,8/8/2020,-
1897,51,17167,0,Male,Operations,12/3/2020,2
1898,48,32562,20,Male,Sales,24/11/2021,4
1899,,22507,0,Male,Operations,5/10/2021,NA
1900,23,26060,21,Male,Operations,12/6/2023,5
1901,47,49012,91,Male,IT,4/2/2024,1
1902,20,38405,83,Female,,2/1/2023, 
1903,31,40831,27,Male,Marketing,19/10/2020,3
1904,22,37081,32,Male,Finance,22/2/2023,2
1905,60,45065,14,Female,Sales,27/8/2024,4
1906,40,,36, ,IT,29/7/2020,1
1907,44,39686,42,Male,Finance,21/9/2022,2
1908,21,38465,56,,HR,15/1/2022,5
1909,22,21286,93,*,Sales,27/10/2023,5
1910,29,42732,95,Male,HR,14/11/2020,1
1911,32, ,20,Male,Operations,21/10/2020,4
1912,50,48098,-,Female,Sales,29/1/2022, 
1913,43, ,61,Male,Sales,8/12/2022,
1914,24,46871,85,Female,Marketing,7/6/2020,5
1915,41,37653,38,Female,Sales,18/5/2023,*
1916,37,38053,80,NA,*,4/2/2024,1
1917,58,29385,72,Female,*,9/9/2022,4
1918,42,48051,21,NA,Operations,25/1/2022,5
1919,37,NA,-,NA,IT,3/5/2022,2
1920,34,27480,-,Female,Marketing,28/1/2021,1
1921,44,29208,30,Male,HR,7/1/2022,3
1922,53,4559,0,Male,HR,21/1/2023,3
1923,52,20098,63,Female,HR,25/6/2021,NA
1924,26,36744,0,Female,Finance,26/5/2024,2
1925,46,47341,28,Female,Marketing,10/8/2021,5
1926,NA,65457,15,Female,HR,15/11/2022,3
1927,24,15009,4,Male,Sales,31/12/2021,-
1928,30,23517,79,Male,Marketing,21/12/2022,1
1929,35,24593,61,Female,Finance,7/5/2022,5
1930,57,,52,Female,IT,31/12/2021,1
1931,51,39156,22,Male,-,24/8/2021,2
1932,-,29900,16,Male,IT,21/3/2020,1
1933,31,,65,Male,Operations,6/12/2022,4
1934,33, ,21,Male,IT,30/11/2023,
1935,60,25348,86,Female,Finance,26/7/2024,3
1936,36,32640,0,Female,Marketing,4/2/2023,2
1937,26,27515,44,-,Marketing,8/9/2022,2
1938,46,30646,85,Female,IT,13/5/2020,4
1939,26,34602,93,Male,Operations,6/5/2022,1
1940,19,50712,65,Male,HR,3/6/2024,4
1941,NA,0,75,-,Sales,8/9/2020,5
1942,24,35378,77,Female,IT,19/12/2021,3
1943,53,36199,8,Male,Marketing,31/10/2022,-
1944,38,21556,57,Female,Marketing,23/2/2020,4
1945,40,163011,78,Male,Operations,3/11/2024,3
1946,53,35209,2,Female,HR,29/10/2021,5
1947,48,0,40,Male,Sales,9/1/2022,5
1948,45,42557,60,Male,Finance,2/2/2020,4
1949,33,237163,23,Male,IT,22/9/2022,1
1950,42,17735,57,Female,IT,18/12/2022,3
1951,53,26018,90,Female,Sales,7/6/2023,3
1952,26,21307,46,Female,Operations,28/2/2021,1
1953,20,49693,51,Male,Sales,29/7/2023,5
1954,27,28380,28,Female,Operations,23/8/2022,2
1955,53,52188,-,Female,Operations,10/5/2021,3
1956,26,60236,81,Female,IT,24/2/2023,1
1957,18,57689,94,Female,NA,3/4/2020,3
1958,18,20397,0,Male,IT,2/1/2022,4
1959,26,28873,87,Male,Sales,24/9/2024,2
1960,44,*,4,Female,Operations,19/8/2021,2
1961,48,NA,20,Female,Marketing,15/2/2021,4
1962,20,22509,94,Female,Marketing,11/8/2020,4
1963,60, ,79,Female,Sales,6/11/2024,4
1964,36, ,59,Male,Marketing,26/7/2023,5
1965,50,31118,23,Male,Marketing,21/11/2021,5
1966,23,42338,49,Female,Finance,31/7/2020,4
1967,43,0,57,Male,IT,13/1/2021,3
1968,*,26458,,Male,HR,7/10/2022,5
1969,NA,0,NA,Female,Finance,31/12/2020,3
1970,41,40354,77,Female,Finance,12/7/2023,5
1971,37,44567,28,Male,Operations,6/11/2022,5
1972,59,NA,74,Female,Marketing,6/4/2024, 
1973,30,38109,16,Male,,10/6/2024,NA
1974,-,31579,31,Male,HR,19/12/2021,1
1975,46,32099,9,Female,Sales,12/5/2023,4
1976,,38255,47,Male,Marketing,21/11/2024,5
1977,NA,45384,16,Male,Operations,5/12/2020,4
1978,64,20587,43,Female,HR,19/9/2020,2
1979,33,38593,0,Female,HR,17/7/2024,4
1980,21,26793,87,Female,IT,23/11/2020,1
1981,61,37789,36,Female,Marketing,2/5/2022,2
1982,64,29639,0,*,Marketing,4/1/2022, 
1983,47,51232,81,NA,IT,24/12/2023,3
1984,28,32754,91,Female,IT,2/2/2021,*
1985,18,-,97,Female,Finance,14/5/2024,3
1986,64,47158,23,Male,Finance,29/6/2023,4
1987,45,31433,13,Female,Sales,24/11/2021,2
1988,*,41301,98,*,Marketing,6/11/2024,3
1989,27,36751,17,Male,Marketing,24/2/2021,3
1990,23,41718,8,Female,Sales,1/2/2024,2
1991,56,22384,81,Male,Marketing,18/7/2020, 
1992,45,33614,19,Male,Finance,30/7/2024,3
1993,55,37364,78,Female,Marketing,18/3/2024,2
1994,-,37447,30,*,IT,28/8/2021, 
1995,61,37172,6,Male,NA,27/8/2020,4
1996,43,40176,22,Female,IT,13/9/2023,1
1997,56,49487,27,Female,Marketing,16/2/2023,5
1998,64,40664,40,Female,Marketing,21/7/2023,3
1999,22,42802,98,Male,IT,15/3/2020,1
2000,20,34894,74,Female,Operations,15/3/2023,4
2001,57,27146,47,Female,HR,8/2/2022,2
2002,30,,71,,HR,14/5/2023,2
2003,35,27065,14,Female,HR,22/6/2023,3
2004,46,25138,100,Male,Sales,2/10/2022,4
2005,41,43383,20,Male,-,13/3/2021,4
2006,35,35734,19,Female,Marketing,31/8/2023,2
2007,34,35530,52,Male,Marketing,13/1/2023,3
2008,57,53461,30,Female,Sales,1/3/2021,1
2009,49,20442,69,Female,Operations,15/1/2020,5
2010,53,37562,71,Male,NA,8/9/2023,5
2011,23,28452,50,Male,HR,12/8/2020,NA
2012,39,39327,44,Female,Marketing,16/11/2024,5
2013,33, ,0,Male,HR,21/1/2022,1
2014,,32541,57,Female,Marketing,6/12/2023,1
2015,-,44549,11,Female,HR,30/10/2024,2
2016,59,49237,78,Male,Sales,7/12/2020,5
2017,45,50818,10,Female,HR,10/1/2024,2
2018,60,36851,*,Female,HR,2/12/2020,-
2019,25,43461,44,Male,Finance,9/8/2020,3
2020,44,36899,0,-,Finance,28/2/2020,1
2021,54,45556,41,Female,Marketing,26/11/2023,5
2022,59,51362,76,Female,-,11/9/2024,1
2023,60,74163,16,Female,Marketing,4/6/2020,2
2024,42,30630,36,Female,IT,25/6/2021,5
2025,59,25166,NA,Female,Sales,26/2/2020,5
2026,44,34656, ,Female,Operations,1/9/2020,3
2027,*,0,4,Female,Operations,24/12/2021,3
2028,20,38555,27,Female,HR,28/12/2021,5
2029,51,33109,13,Female,Finance,25/7/2020,3
2030,30,14657,90,Female,Operations,8/1/2020,NA
2031,48,55606,69,Female,IT,18/12/2023,3
2032,31,33720,70,Male,IT,23/3/2024,4
2033,52,51894,78,Male,Operations,19/1/2024,2
2034,46,33167,63,Male,Finance,2/12/2023,4
2035,-,44926,8,Male,Finance,13/11/2021,2
2036,*,30794,41,Male,HR,25/10/2024,1
2037,30,32946,38,Male,HR,15/1/2020,3
2038, ,58126,1,Male,IT,2/3/2024,2
2039,29,51764,31,Female,NA,17/12/2022,3
2040,39,37425,97,Female,IT,3/5/2022,
2041,23,55504,61,Female,HR,21/7/2022,3
2042,24,29105,1,Female,Finance,16/12/2023,3
2043,47,*,16,Male,HR,26/2/2022,2
2044,49,43769,49,Female,Marketing,11/8/2022,5
2045,55, ,-,Male,Finance,17/1/2022,1
2046,18, ,52,Female,Operations,5/2/2024,5
2047,53,38613,22,Female,Finance,11/5/2022,3
2048,44, ,52,Male,IT,27/10/2023,5
2049,56,47854,,Female,Sales,3/2/2021,5
2050,61,,22,Male,Sales,9/2/2020,4
2051,29,38110,4,Male,,10/6/2024,1
2052,56,27863,36,Female,IT,19/12/2022,5
2053,23,55047,-,Female,IT,17/10/2024,4
2054,56,19166,84,Male,Marketing,2/12/2020,5
2055,41,32399,-,Female,Finance,27/8/2024,5
2056,21,23866,47,Female,Operations,20/1/2022,5
2057,21,53432,90,Male,Marketing,14/1/2022,1
2058,57,36276,56,Male,Operations,7/12/2021,5
2059,21,23869,96,Female,IT,13/10/2022,3
2060,34,23923,44,Female,HR,14/12/2022,1
2061,39,25603,67,Male,HR,26/1/2022,1
2062,44,43830,22,Female,*,17/8/2022,2
2063,26,29770,28,Female,Finance,29/8/2021,1
2064,42,*,94,Female,Marketing,2/10/2020,2
2065,53,42777,13,Female,IT,31/8/2021,1
2066,59,42045,39,Male,,29/6/2020,3
2067,55,22124,42,Female,IT,18/7/2021,5
2068,55,31111,34, ,IT,29/7/2023,1
2069,46,0,-,Male,IT,7/9/2024,2
2070,*,28467,68,-,Finance,28/3/2024,5
2071,35,15354,26,Female,Sales,25/3/2022,3
2072,32,NA,54,Female,Sales,22/5/2020,5
2073,44,31484,0,Female,Marketing,21/8/2023,5
2074,52,26948,58,Male,Marketing,29/4/2024,1
2075,28,-,62,NA,Sales,25/4/2023,3
2076,53,40392,29,Male,NA,30/6/2020,1
2077,25,28896,13,Female,Finance,10/9/2023,5
2078,45,41776,60,Male,Marketing,4/7/2022,2
2079,55,44795,39,Male,IT,2/4/2020,4
2080,18,12667,23,Female,Operations,19/2/2021,1
2081,45,30929,71,Male,Marketing,28/11/2023,3
2082,22,17254,0,Male,Sales,21/8/2023,2
2083,30,17745,,Male,HR,25/2/2022,2
2084,61,36184,84,Female,Sales,7/7/2024,1
2085,22,34732,90,Male,HR,6/9/2024,1
2086,35,29090,4,Male,Finance,16/1/2020,5
2087,50,NA,63,Male,Operations,22/3/2021,1
2088,19,54606,94,Female,Operations,16/6/2024,1
2089,40,21072,54,Female,Marketing,23/11/2023,4
2090,20,40388,22,Male,Finance,28/6/2022,2
2091,34,31925,68,Female,Operations,16/5/2021,4
2092,47,15375,21,Female,,16/4/2020,1
2093,48,37798,81,Female,HR,21/1/2024,5
2094,26,27708,70,-,HR,12/2/2020,4
2095,27,-,40,Female,IT,22/1/2020,2
2096,*,37459,51,Female,HR,20/4/2024,3
2097, ,64564,*,Female,Operations,27/6/2024,1
2098,37,45279,65,Male,Sales,18/5/2022,5
2099,63,14477,27,Female,IT,20/3/2024,4
2100,23,54098,100,Female,-,12/11/2024,3
2101,55,34590,0,,Operations,19/4/2020,3
2102,49,15598,85,Male,Sales,4/1/2021,4
2103,38,23457,32,Male,Finance,9/1/2020,1
2104,43,37076,57,Female,IT,27/7/2023,*
2105,37,43828,34,Male,Marketing,3/10/2020,NA
2106,52,49845,60,Male,HR,24/7/2023,-
2107,29,24884,-,Female,Sales,2/1/2020,5
2108,53,36210,23,Female,Finance,6/5/2022,1
2109,63,41827,34,Male,Operations,20/7/2024,2
2110,48,44357,65,Male,Finance,11/4/2024,1
2111,20,52022,72,Female,NA,25/10/2022,5
2112,25,24044,64,Female,Sales,7/7/2020,1
2113,62,37693,,Female,IT,3/8/2022,5
2114,37,44564,80,Male,IT,28/2/2020,1
2115,36,13282,51,*,Marketing,28/8/2022,1
2116,23,59657,18,Female,IT,10/4/2024,1
2117,20, ,89,Male,NA,19/1/2021,4
2118,48,37426,67,Female,HR,5/6/2022,2
2119,47,24684,94,Male,Finance,12/1/2021,2
2120,58,50666,0,-,Sales,20/12/2022,2
2121,26,38917,38,Female,Sales,1/2/2023,5
2122,47,38065,3,Male,Operations,7/12/2022,3
2123,21,26888,32,Male,Sales,27/1/2021,2
2124,35,39047,8,Male,Sales,16/6/2020,-
2125,36,64315,34,Male,HR,4/6/2022,3
2126,31,22372,30,Male,IT,21/7/2020,4
2127,55,-3041,44,Female,IT,7/9/2022,3
2128,19,27009,12,Male,Operations,4/10/2022,3
2129,62,25516,93,Male,IT,6/9/2023,1
2130,28,,NA,Male,Sales,21/3/2024,4
2131,46,32671,85,Female,Sales,10/5/2021,2
2132,54,53589,23,Male,Marketing,9/9/2021,3
2133,63,0,44,NA,Marketing,25/2/2022,2
2134,59,39806,16,Female,Marketing,28/11/2022,5
2135,45,44513,47,Male,Sales,4/2/2021,NA
2136,38,55468,*,Female,Marketing,5/3/2020,2
2137,42,34218,53,Male,HR,6/11/2024,2
2138,30,39153,19,Male,Operations,2/5/2022,1
2139,37,27577,23,Male,Marketing,15/6/2020,5
2140,NA,44772,14,Male,IT,19/3/2023,4
2141,51,48314,93,Male,Marketing,6/3/2024,3
2142,56,43397,48,Male,HR,31/12/2021,3
2143,62,42296,47,Male,Marketing,26/3/2020,4
2144,25,20367,62,Female,-,14/3/2020,1
2145,36,47351,0,Female,Marketing,5/1/2020,4
2146,22,42525,0,Male,Sales,27/12/2021,5
2147,56,59468,100,Female,,5/7/2022,4
2148,41,21782,8,Female,Marketing,9/4/2021,3
2149,48,34441,0,Female,HR,12/2/2023,2
2150,39,46350,82,Male,Sales,10/11/2023,1
2151,56,12379,40,-,Sales,16/11/2023,5
2152,53,49213,61,Male,Operations,16/2/2020,NA
2153,37,,15,Male,,3/8/2020,4
2154,61,37324,19,Female,Marketing,9/6/2021,2
2155,55,35632,92,Male,Operations,25/9/2020,3
2156,32,19733,29,Female,Finance,4/12/2021,3
2157,18,47500,,Female,Finance,18/10/2024,4
2158,18,18726,82,Female,Marketing,25/11/2020,5
2159,21,22739,86,Male,HR,13/3/2020, 
2160,47,33881,52,Female,HR,25/10/2021,5
2161,34,,0,Female,Finance,20/4/2020,5
2162,24,37904,40,Male,Operations,23/9/2022,4
2163,61,43115,93,Male,HR,5/3/2024,3
2164,44,10452,100,Female,Operations,6/5/2023,2
2165,58,50744,23,Male,Sales,7/2/2021,5
2166,40,42154,NA,Female,Finance,24/12/2021,4
2167,47,NA,70,Male,HR,24/8/2024,*
2168,18,22080,92,Male,IT,19/8/2020,2
2169,43,29839,22,Male,*,2/8/2020,3
2170,61,33746,84,,Sales,8/11/2020,1
2171,64,NA,70,Female,Marketing,18/5/2021,1
2172,35,35106,-,Female,Operations,20/2/2024,4
2173,46,57591,60,Male,Marketing,8/10/2024,5
2174,36,41755,4,Male,Marketing,28/5/2024,2
2175,-,30024,69,Female,HR,2/11/2023,5
2176,26,27038,83,Male,Sales,26/8/2021,3
2177,37,53852,35,Female,IT,1/3/2022,5
2178,NA,33914, ,Female,Operations,21/12/2022,3
2179,59,47886,93,Male,Operations,8/12/2021,3
2180,45,53470,43,Female,Finance,6/11/2022,4
2181,40,NA,90,,IT,4/10/2021,4
2182,35,66586,49,Female,Marketing,21/10/2021,2
2183,26,21122,14,Female,Marketing,13/8/2022,1
2184,*,39043,24,Male,Marketing,29/12/2023,3
2185,43,29737,74,Male,HR,25/3/2020,4
2186,50,58198,56,Female,Operations,19/3/2022,3
2187,60,32494,48,Male,Sales,31/5/2020,3
2188,58,26991,69,Female,Finance,28/11/2023,5
2189,22,24438,*,Female,Operations,23/2/2020,1
2190,23,32013,63,Male,IT,18/3/2023,2
2191,21,22228,60,Female,Marketing,21/9/2021,1
2192,42,51952,0,Male,Operations,17/3/2023,5
2193,30,54483,26,Male,Finance,28/5/2022,2
2194,45,32652,46,Female,Finance,19/3/2023,4
2195,24,-,28,Male,Finance,8/4/2022,1
2196,21,28745,84,Female,IT,13/9/2024,1
2197, ,21485,49,Male,Finance,18/6/2024,4
2198,62,22588,52,Male,Marketing,23/8/2022,5
2199,29,52495,97,Female,IT,2/6/2024,
2200,34,33372,5,Female,IT,5/11/2023,1
2201,*,30603,77,Female,Operations,1/6/2022,4
2202,55,-,85,Male,Marketing,28/2/2023,4
2203,44,46442,NA,,Finance,13/8/2023,5
2204,41,47104,28,Male,Operations,22/6/2021,5
2205,54,22077,93,Female,Sales,10/2/2024,5
2206,*,51844,21,Female,Operations,3/9/2024,1
2207,36,43245,50,Female,HR,8/7/2024,5
2208,-,34580,32,,Sales,29/9/2023,2
2209,NA,24166,0,Male,Marketing,6/4/2021,3
2210,40,21779,77,Female,Sales,28/6/2020,3
2211,51,27456,16,Male,IT,11/1/2024,2
2212,51,36445,0,Female,Sales,25/8/2024,3
2213,28,29549,74,NA,HR,10/3/2021,2
2214,31,43663,69,Male,Sales,24/2/2020,5
2215,42,41224,42,Female,Operations,24/9/2020,5
2216,NA,26766,63,Male,NA,5/8/2024,2
2217,54,14219,4,Male,Operations,24/5/2022,2
2218,59,,51,Male,IT,25/5/2024,5
2219,35,18776,16,Female,IT,25/11/2020,NA
2220,28,52802,49,Male,IT,29/5/2024,1
2221,49,45640,65,Female,IT,22/4/2020,3
2222,27,37634,37,Female,HR,14/11/2020,1
2223,*,32395,87,Female,HR,17/7/2020,5
2224,31,47500,85,Male,Finance,31/1/2020,2
2225,34,41822,38,Female,Finance,16/9/2022,4
2226,23,44167,50,Female,Operations,15/7/2021,1
2227,21,48274,30,Female,Sales,4/6/2020,3
2228,18,47216,,Female,Operations,3/2/2020,4
2229,60,41709,76,Male,HR,3/11/2020,2
2230,,47856,60,Male,HR,14/2/2024,2
2231,53,39716,92,Female,Marketing,10/5/2021,2
2232, ,50125,90,Male,*,6/5/2023,4
2233,46,44586,*,Female,Sales,24/2/2021,5
2234,54,9371,12,Male,HR,8/5/2023,5
2235,*,49047,35,Male,Operations,17/1/2020,3
2236, ,24137,28,Male,Marketing,28/2/2021,5
2237,26,25424,70,Female,Marketing,10/9/2024,1
2238,59,28424,85,Male,Finance,16/1/2024,2
2239,63,0,81,Male,IT,21/9/2022,4
2240,43,44350,11,Female,Marketing,8/9/2022,3
2241,33,30818,78,Female, ,18/3/2020,4
2242,57,57776,92,Female,Finance,9/1/2020,5
2243,48,41782,48,Male,Operations,20/7/2022,3
2244,NA,22980,2,Male,IT,21/5/2023,2
2245,58, ,13,-,Sales,2/9/2024,3
2246,39,45772,59,Female,Sales,20/11/2022,1
2247,27,38187,0,Male,Sales,16/12/2023,1
2248,-,41125,64,Female,-,27/3/2023,5
2249,22,,42,Female,,14/4/2022,1
2250,54,37210,93,Male,IT,24/9/2022,-
2251,27,32353,96,Female,HR,15/9/2024,4
2252,30,34346,-,Male,Sales,9/3/2023,2
2253, ,47049,32,Female,Finance,29/4/2022,5
2254,54,37168,-, ,Operations,14/1/2020,3
2255,-,-,,Male,Finance,19/1/2023,3
2256,61,19540,,Male,-,30/5/2021,3
2257,52,26741,*,Female,NA,6/7/2024,4
2258,51,38498,37,*,Sales,11/3/2023,2
2259,37,15106,22,Male,Sales,17/8/2022,3
2260,19,41537,94,Female,Marketing,10/11/2024,5
2261,41,35719,100,Female,HR,27/5/2021,4
2262,35,40715,,Female,HR,13/4/2022,3
2263,27,30648,46,Female,Finance,22/3/2021,1
2264,49,33508,NA,Male,IT,4/9/2024,2
2265,*,27245,60, ,NA,12/10/2024, 
2266,19,0,75,Male,Sales,20/10/2023,3
2267,22,40305,18,Male,Operations,1/2/2023,NA
2268,49,30321,89,Male,Marketing,31/5/2021,5
2269,44,50411,48,Male,Sales,15/9/2021,5
2270,31, ,65,Female,Sales,27/3/2021,4
2271,28,36210,63,Female,Operations,29/8/2022,1
2272,45,12930,6,Female,Marketing,12/4/2022,5
2273,49,55995,92,Female,Operations,29/7/2023,4
2274,36,32728,58,Male,IT,23/2/2022,4
2275,30,31736,10,Male,Operations,28/6/2021,4
2276,34,31011,28,Male,Finance,19/6/2020,1
2277,46,*,58,Female,Finance,7/12/2022,2
2278,63,37738,99,Male,Sales,12/11/2023,1
2279,36,49203,52,Male,Sales,27/12/2022,4
2280,42, ,5,Male,-,23/1/2022,5
2281,34,36079,88,Male,Marketing,13/6/2020,5
2282,63,,98,Female,Marketing,4/2/2020,3
2283,31,22606,69,Female,HR,5/9/2020,3
2284,-,36248,68,Male,Finance,18/3/2024,4
2285,54,56083,83,Female, ,2/6/2023,5
2286,48,-,41,Male,Operations,3/12/2022,NA
2287,23,19295,39,Male,Operations,7/3/2022,NA
2288,29,NA,2,Male,Operations,2/4/2024,2
2289,43,40487,86,Male,Operations,24/3/2023,5
2290,44,31342,*,Male,IT,20/2/2022,3
2291,32,34725,72,Female,HR,27/6/2023,4
2292,28,51917,57,Male,Marketing,27/9/2023, 
2293,43,40295,55,*,Finance,22/9/2021,5
2294,24,21438,14,Female,Marketing,18/2/2020,2
2295,55,56297,19,Female,IT,1/3/2023,NA
2296,41,29084,54,Male,Finance,21/5/2023,-
2297,44,32485,36,Male,Marketing,5/2/2021,3
2298,40,38036,83,Female,Operations,6/10/2020,4
2299,*,17992,100,Female,HR,11/3/2021,1
2300,64,28991,31,Female,IT,16/11/2020,1
2301, ,36816,69,Female,HR,10/9/2022,1
2302,29,0,-,Male,*,1/10/2023,4
2303,21,31309,39,Male,Sales,21/3/2021,*
2304,35,28944,,Female,Sales,1/8/2022,-
2305,38,48850,21,Male,Marketing,22/6/2020,3
2306,40,52960,16,NA,HR,29/8/2022,2
2307,32,29618,,Female,Sales,9/9/2022,1
2308,40, ,*,Male,Sales,14/1/2024,1
2309, ,26870,86,Male,Marketing,20/8/2024,5
2310,31,47347,79,Female,*,20/1/2024,3
2311,20,40016,85,Male,Marketing,24/8/2022,5
2312,40,26376,41,Female,Marketing,1/11/2021,3
2313,32,43374,57,Female,HR,27/9/2020,4
2314,54,38970,47,Female,HR,2/2/2023,3
2315,23,34770,16,Male,Finance,14/3/2023,5
2316,56,32348,19,Female,*,1/1/2024,4
2317,25,-,89,Male,Sales,2/3/2021,4
2318,28,27980,*,Male,IT,24/1/2022,5
2319,,47694,0,Male,Finance,28/12/2021,5
2320,34,57021,28,Male,IT,7/8/2023,1
2321,45,27112,51,Male,HR,29/10/2022,3
2322,60,40212,3,Male,Sales,20/4/2021,2
2323,40,42007,59,Female,HR,10/5/2022,4
2324,34,-1172,12,Male,Marketing,6/6/2021,-
2325,22,57874,51,Female,Marketing,4/4/2024,3
2326,27,40498,49,Male,IT,22/3/2022,
2327,35,29126,97,Male,Operations,1/12/2020,1
2328,40,36598,,Male,Marketing,22/8/2021,3
2329,45,*,46,Male,-,29/7/2023,3
2330,59,-9416,76,Male, ,11/3/2020,3
2331,,34417,-,Male,Marketing,29/5/2022,4
2332,61,22346,43,Female,Sales,26/3/2020,4
2333,29,46863,19,Male,Sales,5/10/2023,3
2334,19,45332,19,Male,Operations,17/2/2023,1
2335,56,41302,88,Female,Operations,26/3/2024,1
2336,41,20267,41,,IT,17/11/2024,2
2337,26,24737,26,Male,Operations,18/1/2024,4
2338,42,48683,74,-,IT,13/10/2023,3
2339,,38800,44,Male,Finance,25/2/2020,2
2340,41,34343,44,Female,Operations,9/9/2020,4
2341,32,49800,77,Male,Marketing,24/11/2024,4
2342,NA,19647,74,Female,Marketing,31/10/2022,4
2343,35,24669,83,Male,IT,20/9/2021,3
2344,47,35510,86,Male,HR,19/7/2022,4
2345,26,53512,43,Male,Sales,31/1/2022,3
2346,45,56206,92,Male,Operations,22/11/2021,3
2347,43,37327,98,-,NA,9/12/2023,2
2348,28,29061,38,Female,IT,7/12/2021,*
2349,64,30323,38,Male,IT,13/3/2024,1
2350,*,57132,33,NA,Finance,22/8/2023,1
2351,29,18586,49,Male,Operations,30/3/2024,3
2352,46,40965,0,Male,IT,3/3/2022,2
2353,60,23338,26,Female,Finance,16/7/2021,5
2354, ,49722,2,Male,Finance,4/4/2020,1
2355,27,18679,97,Female,Operations,13/3/2020,1
2356,55,43092,16,Male,Marketing,26/5/2021,4
2357,53,24544,,Male,HR,13/11/2022,1
2358,38,31079, ,Male,Finance,14/11/2021,4
2359,60, ,21,Male,Marketing,31/5/2020,3
2360,23,42464,62,Male,IT,12/3/2024,3
2361,38,34795,82,-,Finance,1/11/2022,1
2362,58,NA,40,Male,IT,20/6/2023,4
2363,50,27203,68,-,Sales,11/1/2020,2
2364,28,27306,38,Female,IT,21/7/2022,3
2365, ,20641,38,Male,Sales,28/6/2023,3
2366,40,26446,27,*,Marketing,13/1/2024,1
2367,47,48125,9,NA,Marketing,2/4/2020,1
2368,36,46560,54,-,IT,1/2/2024, 
2369,22,*,61,Male,Sales,18/7/2020,5
2370,32,15927,83,Male,,2/12/2024,5
2371,43,24001,53,Female,HR,31/7/2020, 
2372,52,26407,68,*,Operations,6/3/2023,2
2373,62,-,22,Male,IT,17/4/2023,3
2374,51,59880,44,Male,Sales,11/6/2021,5
2375,33,*,,Male,-,26/7/2021,5
2376,33,38059,28,Female,Marketing,25/11/2023,5
2377,64,32190,96,Female,Finance,9/6/2023,3
2378,52,41862,34,*,Marketing,25/8/2021, 
2379,31, ,58,Female,Finance,4/5/2022,4
2380,45,35351,70,Female,HR,26/11/2024,1
2381,51,28079,12,Male,Finance,12/7/2023,5
2382,58,16961,64,Male,HR,28/11/2022,5
2383,61,35019,3,*,IT,22/12/2020,4
2384,-,43691,51,Female,Marketing,6/9/2020,1
2385,25,19888,88,NA,Finance,7/6/2022,5
2386,43,-,72,Male,Sales,16/7/2021,1
2387,60,47214, ,Male,Marketing,8/9/2021,1
2388,40,61851,*,Male,IT,12/7/2020,4
2389,25,32520,24,Female,Sales,22/1/2020,
2390,18,25127,43,Male,Marketing,19/11/2021,3
2391,36,54133,11, ,Sales,6/5/2021,2
2392,21,48443,32,Female,IT,19/1/2021,2
2393,64,36648,34,Male,IT,28/7/2023,4
2394,44,31011,72,Male,,24/8/2020,5
2395,30,31501,98,Male,Sales,24/5/2023,3
2396,NA,16580,26,Male,HR,13/3/2021,2
2397,22,42812,90,Male,Finance,6/8/2021,5
2398,61,36969,50,Female,HR,26/2/2021,1
2399,35,30036,66,Male,Operations,9/9/2021,4
2400,38,18680,17,Male,Operations,13/9/2023,2
2401,18,33791,82,Female,HR,6/12/2023,3
2402,38,28760,37,Male,HR,15/1/2021,-
2403,44,34414,99,Male,HR,6/7/2020,3
2404,49,0,71,Female,Sales,15/10/2023,3
2405,37,36030,16,Male,Marketing,25/7/2024,4
2406,63,44700,20,Male,Sales,27/4/2023,5
2407,18,32727,49,Female,IT,5/8/2021,1
2408,37,19652,10,Female,Marketing,9/4/2023,1
2409,47,18174,90,Female,Marketing,2/4/2021,1
2410,21,38396,16,Male,Marketing,17/6/2023,2
2411,NA,38286,14,Female,Sales,2/2/2022,3
2412,,NA,65,Male,Operations,10/11/2022,1
2413,*,0,33,Male,Marketing,9/7/2020,3
2414,35,52460,33,Female,HR,20/11/2021,1
2415,50,38196,47,Female,Finance,29/5/2022,3
2416,45,43357,39,Female,IT,16/12/2023,3
2417,53,41566,90,Female,Operations,16/1/2020,1
2418,35,39024,100,Female,Operations,13/11/2024,1
2419,44,49595,3,Male,Operations,25/6/2023,3
2420,40,22819, ,Male,Marketing,6/2/2023,2
2421,51, ,27,Female,Sales,26/11/2020,5
2422,-,27589,36,,Finance,20/4/2024,*
2423,54,43715,73,Male,Operations,4/2/2022,2
2424,60,22603,68,Male,Sales,10/6/2024,4
2425,NA,25774,22,Female,IT,6/1/2023,3
2426,39,0,0,Female,Finance,4/8/2022,4
2427,51,39709, ,Female,,15/7/2024,1
2428,50,0,46,Male,HR,1/4/2024,3
2429,61,51197,46,Female,Marketing,23/3/2022,3
2430,48,38932,1,Female,Sales,1/3/2020,5
2431,51,30030,23,,Sales,23/1/2022,4
2432,58,25527,35,Female, ,2/6/2024,1
2433,28,28802,88, ,Sales,22/2/2023,2
2434,49,23260,94,Female,IT,4/12/2021,2
2435,27,8436,74,Female,Finance,14/1/2020,2
2436,23,0,23,Female,Marketing,16/9/2024,2
2437,37,43027,*,Male,IT,27/6/2023,-
2438,44,38181,51,Male,Marketing,26/11/2023,4
2439,30,12725,22,Male,,18/11/2020,1
2440,,39286,52,Female,Sales,10/11/2022,2
2441,60,28808,0,Male,HR,29/2/2024,5
2442,19,25299,46,Female,Finance,10/1/2022,4
2443,44,39253,19,Female,Marketing,27/5/2024,4
2444,56,-,42,Male,Sales,8/11/2022,1
2445,63,33151,15,Female,Operations,3/7/2022,5
2446,19,NA,79,Female,IT,1/12/2020,-
2447,34,44613,-,Female,Marketing,15/1/2020,5
2448,40,35712,6,Male,NA,13/1/2023,3
2449,28,36976,30,Male,Finance,18/9/2020,1
2450,52,19632,46,Male,IT,26/3/2021,4
2451,41,*,9,Female,Marketing,18/3/2022,5
2452,63,28882,83,Female,HR,24/10/2021,3
2453,33,25630,34,Female,HR,5/1/2024,2
2454,24,,47, ,Sales,16/12/2021,NA
2455,28,-,6,Male,Finance,27/3/2020,5
2456,53,47342,42,Male,Finance,19/6/2020,2
2457,25,33705,71,Female,,30/4/2024,4
2458, ,31673,59,Female,IT,8/6/2024,1
2459,*,39109,63,Male,IT,14/7/2021,2
2460,44,,34,Male,IT,14/10/2023,3
2461,63,73489,10,Female,IT,19/7/2020,1
2462,24,25025,57,,IT,13/1/2021,2
2463,64,21712,75,Female,Sales,9/9/2023, 
2464,20,35571,43,Male,HR,17/7/2021, 
2465,63,-272,36,Male,HR,17/4/2024,3
2466,23,43928,86,Female,Sales,18/2/2024,5
2467,-,42462,72,Male,HR,16/1/2024,4
2468,18,25561,34,Male,Finance,29/4/2023,2
2469,20,35498,21,Male,Finance,25/1/2020,4
2470,20,22796,91,Male,Finance,8/7/2023,2
2471,38,31800,0,Male,Marketing,27/1/2024,2
2472,19,15685,38,Female,Operations,27/5/2020,2
2473,56,36844,99,NA,Finance,2/2/2023,5
2474,26,34906, ,Male,IT,4/7/2023,2
2475,28,*,58,Male,Operations,15/5/2023,1
2476,57,17677,66,Female,Finance,29/4/2020,2
2477,28,17195,59,Male,HR,17/7/2022,1
2478,31,14024,99,Male,Marketing,27/11/2022,2
2479,59,34554,60,Female,Finance,6/3/2023,5
2480,48,41179,55,,Marketing,5/1/2023,1
2481,18,34404,93,Female,-,27/3/2020,2
2482,*,42076,35,Female,Finance,5/4/2020, 
2483,38,45235,70,NA,Sales,19/1/2020,3
2484,-,33572,73,Male,Finance,5/5/2023,3
2485,36,7848,61,-,HR,22/4/2020,3
2486,61,44026,98,Male,Marketing,11/5/2023,4
2487,59,-,95,Male,Operations,24/8/2021,5
2488,25,61604,41,Female,HR,27/6/2023,3
2489,22,42915,66,Male,Finance,9/10/2024,1
2490,62,NA,30,Male,Operations,5/2/2023,3
2491, ,41587,3,Male,Marketing,22/9/2020,5
2492,36,19368,22,Female,Operations,4/7/2021,3
2493,18,9764,26,Female,Sales,6/11/2020,5
2494,18,36960,31, ,IT,27/6/2020,1
2495,36,47210, ,Male,Operations,19/1/2021,2
2496,29,31576,40, ,Marketing,18/1/2023,-
2497,50,44084,93,Female,*,31/10/2020,*
2498,43,24634,40,Female,Sales,14/4/2021,1
2499,57,27868,62,Male,IT,14/11/2022,2
2500,30,NA,33,NA,IT,3/3/2022,1
2501,38,31142,51,Female,IT,19/10/2020,1
2502,18,45570,NA,Female,HR,24/10/2020,2
2503,29,44697,0,Female,Finance,24/6/2020,5
2504,49,35686,62,Male,Operations,23/1/2023,3
2505,60,0,22,Female,Marketing,18/3/2020,4
2506,34,30396,16,Female,Operations,16/12/2020,3
2507,42,63449,27,Female,Operations,14/4/2021,4
2508,60,51716,19,Female,HR,26/10/2022,4
2509,52,24048,20,Male,HR,14/11/2023,2
2510,64,33315,37,Male,,16/6/2020,1
2511,54,32123,21,Female,IT,4/9/2022,*
2512,43,29239,51,Female,Finance,18/12/2021,3
2513,29,41241,0,Male,*,5/4/2021,2
2514,57,29424,44,Female,Operations,19/8/2020,5
2515,30,35259,52,Male,Operations,17/2/2023,5
2516,-,37880,38,Male,Marketing,18/1/2021,3
2517,64,-,0,Female,Sales,18/2/2023,NA
2518,58,40872,79,-,Operations,2/5/2023,4
2519,47,36828,55,Male,Finance,7/2/2023,2
2520,63,19898,68,Male,Marketing,27/6/2020,5
2521,NA,44453,11,Female,IT,15/10/2020,2
2522,49,23812,0,Female,Finance,9/4/2020,1
2523,50,32588,98,Female,IT,29/1/2022,4
2524,23,55094,0,Male,HR,16/9/2023,2
2525,32,37619,91,Female,Operations,9/7/2021,5
2526,21,46178,36,Female,Finance,18/8/2021,5
2527,48,29941,NA,Female,IT,27/2/2024,4
2528,32,41037,96,*,Sales,1/3/2024,5
2529,50,30199,0,Male,Sales,12/6/2023,2
2530,64,36525,99,Female,Sales,5/9/2021,3
2531,37,44904,86,Female,Finance,15/12/2023,5
2532,50,-,25,Male,Operations,10/1/2021,1
2533,35,46550,75,Female,HR,24/6/2024,3
2534,56,58002,14,Female,HR,6/6/2024,1
2535,27,41879,NA,Male,IT,27/5/2021,3
2536,20,-,100,,HR,1/3/2023,4
2537,51,-,38,Male,Sales,8/4/2024,2
2538, ,51958,34, ,Finance,18/4/2021,1
2539,45,39172,100,Female,Finance,2/3/2024,3
2540,38,*,29,Female,Operations,29/10/2020,1
2541,32,38614,8,Female,Operations,29/10/2023,3
2542,21,41856,39,Male,HR,4/11/2024,5
2543,44,29282,42,Male,Sales,19/5/2023,5
2544,53,55475,22,Male,IT,5/5/2020,4
2545,47,45401,86,Male,Marketing,13/4/2023,3
2546,28,264,*,Male,Operations,18/10/2024,4
2547,61,39238,97,Female,Sales,23/9/2021,5
2548,*,29117,60,Female,Sales,8/1/2023,
2549,47,44164,71,Male,HR,16/6/2024,2
2550,52,37123,51,*,IT,27/2/2021,1
2551,45,4552,-,Male,Sales,30/5/2023,3
2552,47,18515,28,Male,IT,17/12/2023,2
2553,30,46197,58,,Operations,31/12/2021,2
2554,61,35495,99,Female,HR,8/3/2022,4
2555,42,47085,22,Female,Marketing,21/12/2023,4
2556,23,29829,40,Male,Operations,2/4/2020,2
2557,49,46179,*,Male,Finance,18/4/2022,1
2558,27,276873,57,Male,,14/11/2022,2
2559,52, ,64,Female,Marketing,22/1/2021,4
2560,56,37089,0,Male,IT,19/4/2024,3
2561,37,0,54,Male,IT,26/12/2021,4
2562,33, ,81,Male,Operations,25/4/2023,1
2563,24,46354,14,Male,Operations,30/8/2021,3
2564,20,48833,37,Male,Operations,2/4/2021,1
2565,57,38864,84,Male,Sales,27/2/2020,3
2566,45,56237,69,Female,Marketing,30/9/2022,4
2567,49,13131,37,Female,Sales,15/2/2023,4
2568,63,36536,69,Female,IT,4/7/2021,2
2569,57,60092,21,Male,Finance,7/11/2020,1
2570,21,17377,,Male,Finance,21/4/2022,4
2571,56,41933,46,Male,IT,20/10/2024,5
2572,32,37283,1,Female,Operations,29/11/2023,2
2573,62,42376,58,Male,,10/8/2020,3
2574,36,60393,87,Male,HR,7/6/2024,2
2575,22,30819,11,Female,Operations,25/6/2020,2
2576,47,48648,51,Male,Finance,13/7/2023,5
2577,64,32684,93,Male,IT,22/2/2022,5
2578,61,62674,99,-,Marketing,8/1/2024,2
2579,21,NA,47,Male,IT,8/6/2023,4
2580,64,0,22,Male,Sales,7/3/2020,5
2581,48,28004,0,Male,Sales,9/8/2021,3
2582,45,20570,63,Female,Operations,18/3/2022,2
2583,40,57646,0,Male,HR,6/8/2023, 
2584,64,23023,49,Male,NA,18/7/2023,5
2585,46,35458,20,Male,HR,21/6/2020,3
2586,47,36960,83,-,IT,31/12/2023,4
2587,60, ,0,Female,HR,13/11/2024,*
2588,41,0,70,Male,-,24/10/2024,5
2589,27,7578,23,,Marketing,12/2/2024,2
2590,64,23865,87,Female,Sales,18/8/2022,1
2591,47,47666,36,Male,Operations,7/12/2020,2
2592,40,48495,38,Male,Finance,12/6/2020,5
2593, ,36998,30,Male,IT,17/3/2021,
2594,38,38981,6,Male,HR,10/5/2021,NA
2595,18,34491,73,,Sales,10/5/2021,1
2596,57,27032,45,Male,HR,6/1/2023,5
2597,27,36887,64,,-,13/9/2022,1
2598,46,0,70,Male,Operations,9/3/2024,*
2599,48,37583,10,Male,Operations,16/4/2024,4
2600,47,33384,42,,IT,11/5/2021,
2601,56,51808,54,Female,IT,12/3/2024,3
2602,28,41958,60,Female,Operations,13/10/2021,3
2603,60,45292,16,Female,Finance,25/7/2020,2
2604,39,18719,100,-,Marketing,5/7/2024,*
2605,42,23078,0,Male,,1/6/2021,2
2606,42,28074,88,Female,IT,10/3/2023,1
2607,42,36219,42,Female,Sales,30/1/2021,5
2608,*,32467,82,Male,Operations,7/8/2021,4
2609,52,64472,33,Female, ,6/8/2023,1
2610,63,-,89,Female,Operations,23/3/2021,2
2611,52,*,43,NA,Finance,27/3/2021,4
2612,64,38778,17,Male,Finance,4/2/2022,3
2613,61,42233,57,Female, ,15/6/2023,2
2614,34,36583,51,Female,Finance,26/6/2023,5
2615,26,12396,4,Male,Sales,28/9/2023,4
2616,28, ,0,Female,Marketing,6/8/2022,2
2617,56,31442,19,Male,,22/8/2024,3
2618, ,48093,35,Female,*,7/12/2022,NA
2619,,,0,Male,,25/4/2022,4
2620,44,48787,46,Female,Marketing,8/10/2024,2
2621,39,16067,86,Male,IT,19/9/2020,4
2622,23,-,17,Male,HR,15/8/2024,3
2623,22,36673,4,Male,Sales,15/10/2020,5
2624,49,0,44,Male,HR,21/7/2023,3
2625,,58540,14,NA,HR,6/9/2020,4
2626,,58499,59,Female,NA,8/6/2024,3
2627,33,34991,0,Male,Marketing,22/7/2021,4
2628,54,31967,19,Female,Finance,1/8/2022,2
2629,36,45058,58,Male,Operations,26/8/2020,*
2630,41,18399,0,Male,IT,26/5/2024,4
2631,29,*,2,Male,Marketing,19/4/2024,3
2632,NA,*,39,Male,HR,9/11/2024,5
2633, ,35607,57,Female,Operations,11/5/2021,3
2634,62,11239,69, ,Operations,16/9/2024,4
2635,*,16231,46,Female,IT,15/4/2022,3
2636,40,36149,8,Male,,31/8/2024,3
2637,63,-,22,*,Sales,15/2/2024,5
2638,51,42300,13,Female,Marketing,8/7/2024,3
2639,32, ,*,*,-,18/11/2021,5
2640,60,53422,91,Male,Marketing,23/5/2023,2
2641,20,51127,86,Female,Operations,17/10/2023,3
2642,NA,38587,92,Male,Sales,30/5/2023,3
2643,37,43656,56,Female,Operations,23/11/2023,5
2644,43,40021,74,Male,Finance,1/7/2021,5
2645,61,34597,77,Male,-,20/8/2023,4
2646,-,39355,9,Female,Sales,7/2/2022,3
2647,21,NA,9,Male,Marketing,7/6/2023,4
2648,57,44167,91,Male,Marketing,22/10/2020,2
2649,63,34816,51,Male,Operations,13/9/2020,4
2650,63,25484,43,Male,Finance,23/11/2021,2
2651,52,39929,0,Male,Marketing,14/2/2022,3
2652,40,36407,64,Male,Marketing,25/3/2020,5
2653,64,33658,74,, ,4/12/2023,1
2654,*,41480,51,Male,HR,16/3/2023,4
2655,53,43675,88,Male,Marketing,6/9/2022,4
2656,30,55522,89,*,Operations,25/9/2020,5
2657,45,52423,90,Female,Operations,11/10/2024,1
2658,27,58802,93,Male,Operations,21/2/2024,2
2659,30,32666,25,NA,Finance,18/3/2022,*
2660,61,31753,27,Female,Operations,6/2/2020,4
2661,20,31494,31,Male,Marketing,23/2/2024,1
2662,36,21031,88,Female,Sales,26/1/2021,4
2663,35,48130,97,Female,Finance,2/4/2024,4
2664,60,*,21,Female,HR,25/2/2024,1
2665,55,40328,43,Male,IT,16/5/2023, 
2666,63,34382,13,Male,IT,15/10/2022,3
2667,37,31102,24,Male,Marketing,25/3/2022,4
2668,30,23745,42,Male,Finance,8/10/2023,3
2669,19,38210,28,Male,Sales,27/7/2021,1
2670,29,30427,24,Female,Marketing,9/9/2024,4
2671,24,1985,14,Male,IT,11/1/2020,5
2672,19,25265,80,Male,Operations,4/11/2020,4
2673,-,42004,63,Male,Sales,17/1/2020,1
2674,53,34758,64,Male,Operations,4/12/2020,1
2675,NA,29075,30,Female,Finance,17/7/2022,5
2676,60,25251,18,Female,Finance,19/3/2024,5
2677,26,NA,68,NA,Marketing,17/5/2024,2
2678,44,29927,43,Female,Operations,9/5/2020,2
2679,28,22795,20,Female,Sales,13/1/2024,3
2680,42,NA,39,Female,*,27/2/2022,5
2681,44,NA,30,Female,IT,16/2/2021,3
2682,44,43374,58,Female,Sales,21/5/2024,2
2683,22,-,*,Female,HR,27/1/2022,1
2684,34,36388,38,Female,Finance,15/10/2020,4
2685,41,37576,26,Male,HR,24/4/2024,3
2686,19,40324,98,-,IT,27/11/2023,NA
2687,*,18980,69,Male,NA,28/10/2022,3
2688,44,61517,19,Female,Finance,15/12/2021,3
2689,36,33776,46,Female,Finance,16/4/2023,4
2690,64,25007,NA,Male,Marketing,3/5/2023,1
2691,38,41832,0,Male,Operations,1/5/2021,3
2692,24,44144,28,Male,Finance,10/6/2020,4
2693,31,30426,2,Male,IT,23/6/2022,1
2694,30, ,8,Male,HR,21/4/2022,3
2695,23,27165,46,Female,Finance,11/9/2021,5
2696,47,45117,79,Female,Marketing,19/8/2021,5
2697,55,34194,58,Female,HR,17/10/2024,5
2698,32,46143,,Female,Marketing,17/4/2020,1
2699,41,33791,46,Male,Operations,31/7/2022,5
2700,28,13373,4,Male,IT,16/2/2024,1
2701,44,31333,70,Female,IT,1/6/2022,3
2702,49,37756,4,Male,HR,23/11/2022,4
2703,50,34823,,Female,Finance,14/12/2020,2
2704,49,55335,52,Female,IT,10/7/2024,3
2705,29,36511,0,Male,Marketing,5/6/2020, 
2706,56,39220,77,Female,IT,15/11/2022,3
2707,38,53117,16,Female,Sales,26/10/2022,5
2708,42,31949,44,Male,IT,1/4/2023,2
2709,40,35657,28,Female,Finance,10/4/2021,3
2710,47,39001,83,Male,HR,10/8/2020,4
2711,35,30275,96,Male,Finance,16/4/2022,2
2712,43,38369,97,Female,Sales,9/5/2021,1
2713,37,39128,7,Male,HR,25/6/2020,2
2714, ,56803,15,Female,Finance,5/8/2024,3
2715,,52475,14,Female,IT,30/4/2021,2
2716,*,29613,87,Male,Sales,29/11/2020,5
2717,30,34029,28,Male,IT,1/1/2020,4
2718,59,47908,95,Male,Marketing,1/1/2020,5
2719,20,39697,48,Male,Finance,8/10/2020,1
2720, ,43582,,Male,Sales,30/9/2021,*
2721,59,32767,5,Male,-,5/6/2022,1
2722,59,46858,92,Female,Sales,4/1/2023,3
2723,61,48620,13,Female,Sales,13/11/2021,5
2724,19,26291,83,,Finance,12/1/2023,
2725,39,50204,13,Female,Finance,20/6/2023,4
2726,58,14773,85,Male,HR,6/9/2024,2
2727,21,42601,14,Male,Finance,20/2/2021,4
2728,57,27302,67,Male,Finance,14/3/2021,3
2729,56,33874,NA,Male,Marketing,15/10/2023,5
2730,46,46439,14,-,Finance,22/4/2023,5
2731,47,-,55,Female,Marketing,6/2/2020,2
2732,64,NA,21,,Marketing,19/8/2024,2
2733,31,0,69,Male,Marketing,17/7/2020,5
2734,19,37706,35,Female,HR,12/6/2023,4
2735,33,41193,99,Female,Sales,29/12/2020, 
2736,29,32176,12,Male,Marketing,16/7/2021, 
2737,58,35549,65,Male,Marketing,22/2/2021,1
2738,56,NA,NA,Female, ,5/6/2021,3
2739,-,34231,91, ,IT,24/3/2023,1
2740,55,42690,48,Male,HR,15/6/2022,4
2741,63,9745,13,Female,HR,4/12/2023,2
2742,48,42785,18,Male,Marketing,28/3/2024,3
2743,62,45762,40,NA,Finance,10/5/2023,5
2744,58,21520,68,Male,Operations,5/2/2024,1
2745,49,49522,38,Female,Finance,27/12/2023,
2746,50,22665,100,Female,HR,5/10/2021,4
2747,,30338,NA,Male,Finance,16/11/2020,5
2748,29,39299,92,Female,Marketing,31/8/2021,*
2749,62,35973,41,Female,Operations,20/10/2022,1
2750,35,52833,NA,Female,HR,18/11/2020,3
2751,52,23971,23,Male,IT,14/7/2022,3
2752,26,30822,44,Male,Finance,16/6/2023,5
2753,43,31426,33,Female,HR,6/1/2020,2
2754,29,-,49, ,Finance,23/8/2021,*
2755,28,55609,56,-,Marketing,20/8/2022,3
2756,22,14319,35,Male,Sales,25/2/2023,4
2757,25,33122,94, ,Operations,1/3/2022,1
2758,50,15564,58,-,IT,16/7/2022,2
2759,58,37924,69,Male,Marketing,4/4/2024,4
2760,-,35191,10,Male,Sales,2/7/2023,3
2761,26,23321,67,Female,Finance,9/7/2022,1
2762,59,44753,55,Male,Sales,29/10/2022,3
2763,53, ,*,Female,,9/9/2024,3
2764,26,40789,*,Male,,4/8/2021,1
2765,63,30085,92,Male,Sales,8/9/2024,4
2766,43,55729,54,NA,IT,17/5/2020,2
2767,60,43357,7,Male,Operations,3/7/2020,5
2768,37,31083,55,Male,Operations,12/5/2023,5
2769,45,31340,29,Male,Finance,3/7/2022,3
2770,41,28584,4,Female,Marketing,12/8/2022,5
2771,18,40025,8,Female,Marketing,27/10/2023,5
2772,-,17421,16,Male,Sales,10/8/2023,4
2773,63,20668,0,Female,Operations,20/6/2021,4
2774,28,38622,84,Male,Marketing,7/2/2021,4
2775, ,0,49,Male,Operations,17/11/2020, 
2776,31,28946,68,NA,-,17/3/2021,5
2777,-,34457,81,-,HR,17/6/2021,NA
2778,38,8755,-,Male,Marketing,21/11/2021,3
2779,54,31033,30,Female,IT,18/2/2024,2
2780,*,40579,37,*,Sales,12/8/2021,2
2781,22,43204, ,Female,Sales,17/11/2021,
2782,31,13890,48,Male,IT,17/2/2023,3
2783,52,15801,79,Female,Finance,2/8/2021,3
2784,26,39644,-,Male,Finance,16/4/2023,4
2785,28,52933,65,Male,HR,8/10/2021,4
2786,21,44444,45,Male,Finance,24/2/2024,2
2787,25,54740,8,Female,Sales,1/1/2022,4
2788,54,6559,41,Male,Sales,16/12/2021,2
2789,45,49887,12,Male,Operations,27/11/2024,4
2790,,37308,33,Female,Marketing,28/8/2020,4
2791,*,44239,22,Female,HR,17/5/2022,2
2792,19,60520,NA,Male,Operations,26/3/2022,5
2793,46,33872,26,Female,Marketing,16/7/2022,3
2794,37,43352,72,Female,*,22/5/2024,*
2795,55,41953,58,Female,IT,11/12/2022,4
2796, ,-,61,Female,HR,31/12/2021,2
2797,23,25383,40,Male,Sales,6/6/2024,4
2798,29,15080,-,Male,Finance,17/3/2023,3
2799,64,17520,14,Male,Marketing,17/8/2023,1
2800,33,45705,82,Female,,1/10/2021,3
2801,63,37119,28,Male,Operations,17/4/2021,1
2802,19,,51,Female,IT,11/8/2023,3
2803,57,42561,89,Male,*,29/10/2023,5
2804,22,40882,48,Female,Operations,28/12/2022,3
2805,64,33709,41,Female,Finance,3/12/2021,3
2806,37,44735,93,Male,Marketing,10/11/2020,
2807,29,29979,27,Female,,20/7/2024,4
2808,33,39578,,Female,Marketing,19/1/2024,NA
2809,47, ,94,Male,Finance,28/1/2020,3
2810,37, ,45,Male,*,31/10/2023,3
2811,38,0,29,Female,Sales,16/4/2021,5
2812,23,41056,96,Male,Finance,14/6/2024,1
2813,26,-,3,Female,IT,16/10/2023,
2814,20,31700,34,Female,IT,18/7/2024,
2815,37,44437,0,Female,IT,6/4/2024,5
2816,50,52212,45,Male,*,28/2/2023,5
2817,54,28640,98,Female,IT,14/2/2023,3
2818,34,18345,6,Female,-,15/8/2024,2
2819,58,15423,100,Male,Operations,13/9/2021,1
2820,32,34441,2,Female,Sales,1/8/2020,4
2821,36,-,,Male,IT,26/11/2020,5
2822,30,41228,51, ,Operations,15/11/2020,1
2823,40,23207,94,Female,Finance,12/1/2021,4
2824,61,16188,36,Female,Sales,10/4/2022,4
2825,41,30204,80,Female,Operations,10/8/2023,1
2826,,30852,6,Male,Finance,28/3/2024,5
2827,44,38472,38,Male,HR,25/5/2020,5
2828,*,NA,38,Female,Finance,19/2/2022,4
2829,29,47350,100,Male,HR,17/9/2024,3
2830,28,32971,,Female,Operations,30/7/2024,1
2831,25,17320,-,Female,HR,31/1/2023,-
2832,41,31239,77,Male,Finance,18/11/2020,1
2833,58,36584,0,Female,Finance,9/11/2024,2
2834,27,28771,20,Female,Finance,30/6/2021,3
2835,41,60168,51,Male,Marketing,8/8/2023,1
2836,28,50082,54,Male,,13/10/2020,3
2837,50,42162,99,Female,Operations,12/7/2021,-
2838,46,49236,14,Female,Marketing,19/3/2020,2
2839,30,57937,,Female,Finance,31/1/2022,3
2840,45,36449,0,Male,Finance,22/11/2023,4
2841,22,17205,2,-,Finance,12/3/2021,3
2842,34,26536,0,Male,HR,5/6/2024,2
2843,53,35347,60,Male,IT,15/1/2020,2
2844,37,22059,51,Male,Sales,18/2/2020,3
2845,21,, ,Male,Finance,23/9/2022,4
2846,*,-7214,57,Female,Finance,17/12/2021,4
2847,*,52440,3,Female,Marketing,1/9/2021,4
2848,56,21556,16,Female, ,30/8/2021,4
2849,47, ,33,,IT,19/6/2024,NA
2850,,*,23,Male,HR,30/10/2022,1
2851,37,26939,21,Male,NA,5/11/2020,-
2852,49,45460,6,Male,Marketing,6/7/2024,4
2853,63,55674,80,Male,Operations,11/4/2024,5
2854, ,32152,63,Male,HR,6/9/2024,5
2855,20,NA,93,Female,HR,8/3/2024,4
2856,51,35654,20,Female,Operations,26/6/2023,2
2857,*,41545,70,Male,IT,4/7/2024,4
2858,54,40569,9,Female,Operations,10/9/2023,4
2859,34,45800,38,Male,IT,19/7/2020,4
2860,61,33921,30,Male,Sales,30/11/2024, 
2861,47,42230,22,Female,Marketing,10/10/2020,3
2862,45,47207,95,Male,Sales,25/1/2024,3
2863,*,42899,97,Female,Operations,25/1/2021,5
2864,30,25461,97,Male,HR,14/9/2022,2
2865,42,38402,55,Male,HR,22/4/2023,1
2866,60,32565,79,Male,Sales,20/11/2021,4
2867,35,74230,19,-,Operations,24/4/2021,5
2868,45,51048,42,Female,IT,4/8/2024,3
2869,52,65474,77,Male,HR,19/11/2020,2
2870,19,36896, ,Female,Operations,29/3/2022,1
2871,22,49004,98,Female,Finance,19/2/2020,1
2872,NA,32114,69,Female,,26/6/2024,4
2873,*,50974,81,Male,Sales,1/3/2021,2
2874,-,24534,44,Female,Sales,6/10/2021, 
2875,61,41644,9,Female, ,3/10/2023,4
2876,51,23895,39,Female,Marketing,25/7/2021,
2877,28,40779,72,Female,Finance,26/8/2024,2
2878,52,26738,81,Female,HR,24/4/2020,*
2879,42,40317,40,*,HR,10/2/2021,1
2880,46,36495,84,Female,Sales,26/5/2024,5
2881,63,52951,43,Male,Finance,23/9/2021,5
2882,18,40854,48,Female,Marketing,9/11/2022,3
2883,54,34597,36,Male,IT,27/2/2022,
2884,29,28945,67,Female,IT,23/12/2023,3
2885,62,21237,79,Female,HR,2/4/2023,5
2886,55,8728,25,Male,Marketing,22/12/2020,5
2887,22,34164,*,Female,Marketing,11/11/2024, 
2888,64,47540,86,Female,HR,9/3/2020,5
2889,41,56837,34,,Finance,2/2/2021,5
2890,38,19091,85,Male,Finance,3/5/2020,1
2891,18,32635,56,Female,Sales,30/7/2023,1
2892,41,34503,5,Female,Finance,27/3/2023,5
2893,37,38499,37,Female,Finance,13/11/2022,2
2894,33,*,94,Female,Finance,30/3/2023,3
2895,29,28825,67,Female,HR,29/9/2022,4
2896,43,-,37,Female,Sales,19/10/2021,2
2897,23,50280,23,Female,HR,30/7/2023,4
2898,36,-,13,Female,Finance,20/5/2023,1
2899,21,NA,54,Male,HR,17/9/2020,3
2900,22,31808,81,Female,Sales,13/5/2024,2
2901,60,NA,43,Male,HR,31/5/2022,4
2902,43,-,85,Male,Finance,2/6/2023,4
2903,57,42423,10,Female,Finance,29/8/2021,3
2904,48,12531,78,Male,Marketing,26/5/2024,1
2905,35,20249,35,Female,Operations,25/3/2022,5
2906,26,37501,84,Female,IT,22/7/2023,4
2907, ,40962,*,Male,HR,6/8/2022,4
2908,48,48002,87,Male,*,6/7/2022,4
2909,56,23204,,Female,IT,27/4/2022,4
2910,34,33092,86,Male,NA,25/5/2022,2
2911,64,35970,80,Male,Sales,19/10/2021,3
2912,53,42972,42,Female,IT,7/3/2024,2
2913,54,19543,31,Male,IT,25/10/2024,3
2914,*,19633,58,Female,-,2/11/2024,3
2915,53,37159,7,Female,Sales,21/6/2023,1
2916,60,37198,78,Male,NA,18/9/2020,3
2917,24,11689,46,Male,Marketing,29/6/2023,3
2918,19,29406,68,Female,Marketing,4/6/2020,5
2919,19,54509,51,Female,Operations,20/10/2024,4
2920,38,53178,4,Male,Marketing,3/4/2021,4
2921,58,44956,27,Female,Operations,19/3/2024,2
2922,29,35721,-,Male,Marketing,6/5/2023,4
2923,29,40951,71,Female,Operations,2/8/2021,5
2924,59,37436,67,Female,IT,6/1/2023,3
2925,*,23023,28,Male,Sales,30/10/2023,NA
2926,53,33258,45,*,IT,25/12/2021,3
2927,56,55730,17,Female,HR,4/11/2023,1
2928,22,0,,Female,Finance,4/5/2023,2
2929,43,0,6,Male,Operations,10/6/2020,
2930,49,22624,100,Female,Finance,6/7/2023,2
2931,31,38291,77,Female,Operations,7/2/2023,3
2932,30,32018,71,Male,Operations,26/6/2023,2
2933,41,41169,47,Male,Marketing,7/4/2021,5
2934,35,51194,81,Male,NA,9/1/2020,2
2935,30,52909,63,Male,Marketing,6/1/2021,2
2936,64,44633,4,Female,Sales,27/10/2023,1
2937,64,45390,79,Female,Finance,9/9/2022,4
2938,49,31267,51,Male,*,7/6/2024,5
2939,57,44035,43,Female,Marketing,22/3/2022,5
2940,41,-,55,Female,Finance,3/12/2024,5
2941,35, ,80,Female,Finance,24/5/2023,1
2942,31,18583,55,Female,Operations,22/3/2020,5
2943,49,26714,80,Female,Marketing,21/3/2023,5
2944,43,31294,4,Female,IT,21/3/2020,5
2945,22,0,37,Male,IT,10/6/2022,2
2946,19,27732,NA,Male,Operations,18/9/2023,5
2947,49,35836,76,Male,HR,26/12/2023,5
2948,19,25498,81,Female,HR,26/6/2020,5
2949,58,24482,81,Male,,21/6/2021,2
2950,24,40697,50, ,Finance,20/5/2021,5
2951,32,12237,94,Female,Sales,23/1/2023,2
2952,56,39295,12,Male, ,29/1/2020, 
2953,57,35897,84,NA,Sales,24/4/2020,5
2954,NA,49181,44,Male,Marketing,1/9/2020,NA
2955,40,51766,97,Male,Marketing,5/9/2021,1
2956,44,41083,89,Male,IT,13/1/2024,1
2957,30,37562,75,Male,HR,12/1/2022,4
2958,45,28293,-,Female,HR,11/10/2021,1
2959,44,52162,33, ,Sales,20/4/2020,2
2960,47,17151,43,Female,IT,9/4/2021,3
2961,19,38280,22,Male,Operations,8/7/2024,2
2962,47,47606,92,Female,Operations,15/12/2021,2
2963,20,25630,67,Male,Sales,15/8/2022,1
2964,39,14472,28,Male,Sales,12/3/2021,4
2965,46,43236,4,Female,HR,17/4/2023,*
2966,NA,*,89,Male,*,2/8/2023,3
2967,62,29865,91,-,Sales,20/1/2020, 
2968,32,39823,84,Female,Sales,6/2/2024,3
2969,31,30622,84,Female,Finance,8/11/2023,4
2970,51,36418,9,NA,Sales,12/2/2021,1
2971,20,47146,12,Male,Marketing,19/10/2021,1
2972,61,48085,23,Female,Sales,15/7/2022,NA
2973,34,35863,35,Female,Operations,8/8/2024, 
2974,52,-,37,Male,IT,27/4/2024,NA
2975,*,38153,74,Male,Sales,17/3/2022,2
2976,, ,67,Male,Sales,21/7/2023,5
2977,50,39184,86,Male,Finance,26/3/2021, 
2978,40,46066,52,Male,Sales,18/5/2024,2
2979,45,38475,53,Female,IT,25/3/2023,5
2980,34,29853,66,Male,Finance,19/8/2020,2
2981,NA,36637,,Male,NA,19/8/2024,1
2982,26,34590,24,Female,Operations,29/8/2023,2
2983,26,20945,70,Female,Marketing,5/10/2024,5
2984,,48153,16,Female,IT,19/9/2022,5
2985,47,32720,100,Female,Marketing,24/4/2020,1
2986,35,28471,13,Male,Marketing,2/1/2022,3
2987,34,32527,34,Female,HR,5/9/2020,1
2988,35,22786,93,Female,Marketing,22/5/2021,3
2989,64,42209,64,Male,HR,6/11/2022,4
2990,54,53938,56,Female,,14/12/2021,1
2991,31,49319,97,Female,,18/7/2022,
2992,32,39937,,Female,Marketing,7/2/2023,1
2993,18,32648,27,Female,Finance,8/1/2020,*
2994,25,35587,62,Male,Sales,27/7/2024,5
2995,28,42100,16,Female,Operations,9/9/2022,3
2996,64,,82,Male,Sales,2/6/2023,2
2997,45,-,74,Male,HR,13/11/2020,1
2998,NA,27384,22,Male,HR,9/12/2021,-
2999,54,36852,58,Male,Sales,29/12/2023,2
3000,27,32307,18,Female, ,16/5/2023,5
3001,21,34035,94,Female,Operations,17/3/2023,-
3002,38,49330,2,Female,Finance,8/9/2022,3
3003,31,37760,23,Male,Sales,14/11/2024,1
3004,33,36338,60,Female,Marketing,17/7/2021,3
3005,,24335,76,Male,HR,27/2/2023,4
3006,58,32725,32,Male,Marketing,30/9/2020,3
3007,58,21450,10,Male,Marketing,7/12/2022,1
3008,64,32504,18,Female, ,3/7/2021,5
3009,19,36624,43,Female,Marketing,17/3/2021,3
3010,48,33521,37,Female,Sales,10/4/2021,*
3011,50,39873,76,Female,IT,12/11/2024,4
3012,54,33218,39,Female,Sales,20/7/2023,5
3013,30,13007,100,Male,Marketing,13/7/2020, 
3014,42,32887,17,Female,Marketing,29/6/2024,3
3015,19,45761,29,Male,Sales,27/10/2023,1
3016,51,18609,65,Female,-,8/11/2022,3
3017,48,,NA,Female,IT,4/9/2024,4
3018,57,46652,25,Male,Marketing,22/8/2022,5
3019,59,21567,36,Male,HR,26/11/2024,5
3020,62,35135,19,Female,Finance,26/2/2021,
3021,45,26954,39,Female,HR,2/4/2024,2
3022,46,47710, ,Male,Finance,23/6/2022,3
3023,63,28029,8,Female,IT,9/12/2020,5
3024,47,38475,7,Female,Finance,4/2/2020,5
3025,50,36092,45,Male,Marketing,3/1/2024,3
3026,35,30323,18,Female,Marketing,20/6/2021,2
3027,26,30416,94,Female,IT,20/9/2021,5
3028,63,28016,74,Female,Sales,24/2/2020,5
3029,53,17177,51,Female,Sales,19/6/2021,2
3030,56,38298,91,Female,HR,20/11/2022,2
3031,52,25197,*, ,Finance,7/6/2024,3
3032,45,30983,57,Male,Sales,30/4/2023,2
3033,46,NA,6,Male,Marketing,29/8/2020,4
3034,26,26857,4,Female,Finance,12/8/2022,4
3035,30,48519,45,Male,Sales,9/7/2024,4
3036,30,44234,17,Male,HR,26/12/2021,3
3037, ,29812,43,Male,HR,7/8/2022,3
3038,52,41094,0,Male,HR,27/5/2024,5
3039,44, ,22,Female,HR,17/4/2020,3
3040,48,30736,51,Male,NA,18/4/2022,NA
3041,30,54691,0,,IT,4/11/2023,2
3042,37,10675,58,Female,Finance,12/10/2021,2
3043,55,33831,52,Male,Marketing,16/1/2021,2
3044, ,21284,19,Female,Marketing,29/11/2020,5
3045,58,49092,72,Female,Marketing,29/1/2024,2
3046,56,48956,84,NA,IT,9/1/2022,2
3047,59, ,*,Male,Finance,27/6/2024,2
3048,57,29494,81,Female,Operations,25/7/2023,1
3049,27,38652,76,Male,Marketing,29/2/2024,1
3050,54,,98,Female,Finance,16/4/2021,3
3051,NA,42636,74,Male,Sales,30/1/2022,3
3052,19,35111,34,-,Finance,19/5/2023,5
3053,18,21757,65,NA,Finance,27/7/2020,NA
3054,44,62527,86,Female,HR,12/10/2024,2
3055,51,44955,12,Female,IT,28/12/2021,3
3056,32,40139,38,Male,Finance,11/8/2023,1
3057,42,35325,17,Female,Operations,26/6/2020,1
3058,NA,35484,97,Male,Operations,15/5/2024,4
3059,53,0,67,Female,Marketing,12/11/2024,3
3060,47,26552,NA,Female,IT,15/2/2021,2
3061,20,38011,14,Male,Finance,7/9/2023,5
3062,21,35796,46,Female,Marketing,25/3/2021,3
3063,-,,83,-,HR,9/7/2023,1
3064,22,35012,17,Male,IT,12/5/2020,2
3065,53,41118,,Male,Sales,21/4/2023,2
3066,28,32076,76,Female,-,29/3/2024,4
3067,41,40387,5,Female,Operations,20/12/2022,3
3068,20,50164,44,Female,Marketing,28/11/2024,3
3069,-,,1,Male,Sales,16/10/2023,3
3070,24,24310,69,Female, ,12/12/2021,5
3071,28,NA,38,Female,Operations,25/3/2021,2
3072,29,40148,38,Female,Marketing,7/8/2024,1
3073,41,46480,98,NA,Operations,6/1/2022,5
3074,*,41890,55,Male,Sales,13/10/2023,2
3075,25,15970,54,Male,Sales,8/5/2022,4
3076,22,45975,20,Male,IT,23/7/2023,1
3077,18,43720,12,Male,IT,7/5/2022,2
3078,48,17612,23,Male,Marketing,8/8/2020,1
3079,18,55049,95,Female,Marketing,6/2/2021,1
3080,37,23598,49,Male,Finance,27/11/2024,2
3081,43,28197,33,Male,,12/8/2023,2
3082,37,NA,73,,Sales,1/5/2020,3
3083,49,36231,47,Female,Finance,1/8/2023,5
3084,63,NA,0,Male,HR,4/5/2023,-
3085,42,38329,-,Female,Finance,30/7/2024,3
3086,,NA,59,Female,IT,28/11/2023,1
3087,47,58676,28,-,Sales,8/8/2022,2
3088,41,39921,30,Male,Marketing,4/4/2022,5
3089,36,47492,73,Female,Finance,11/6/2021,3
3090,36,,NA,Male,Operations,3/2/2020,1
3091,39,30311,92,Male,HR,14/5/2022,-
3092,40,51963,67,-,Sales,19/9/2023,2
3093,38,13769,13,Male,Marketing,12/7/2022,2
3094,64,24830,7,Female,Marketing,22/3/2021,3
3095,-,43471,3,Male,-,25/3/2023,1
3096,49,14503,4,Female,HR,20/1/2022,1
3097,47,36278,80,Male,Finance,4/9/2023,NA
3098,34,29674,39,Female,,26/5/2023,3
3099,55,30650,84,Male,Sales,3/11/2020,1
3100,58,31455,9,*,Sales,17/8/2024,4
3101,18,33077,60,Male,Operations,13/2/2021,1
3102,39,25122,25,Male,Operations,7/1/2020,3
3103,37,25690,10,Male,Sales,13/3/2022,3
3104,43,43577,18,Male,Operations,6/3/2021,5
3105,59,23961,14,NA,IT,3/6/2024,4
3106,32,54483,91,Female,Sales,11/9/2023,3
3107,58,22536,47,Female,Marketing,13/5/2020,3
3108,27,31845,58,Female,Operations,1/8/2023,3
3109,-,30552,38,Male,IT,30/1/2021,5
3110,58,32777,66,Female,NA,16/7/2022,3
3111,57,28377, ,Male,HR,13/8/2021,2
3112,26,30308,14,Female,Finance,24/1/2023,5
3113,31,62152,7,Male,Marketing,2/11/2023,*
3114,30,22009,9, ,IT,2/10/2024,2
3115,25,39208,-,Male,IT,15/3/2020,2
3116,36,28552,-,NA,HR,5/6/2023,3
3117,47,37119,95,Male,-,19/1/2023,4
3118,45,44424,28,Male,Sales,11/2/2022,2
3119,44,32332,73,-,Marketing,21/9/2020,
3120,24,32644,-,Female,HR,18/6/2020,3
3121,,25890,39,Male,Sales,26/12/2023,5
3122,59,32033,36,Male,HR,5/8/2020,2
3123,61,34893,11,Male,HR,21/8/2022,1
3124,43,27266,1,Female,IT,16/9/2021,2
3125,20,27598,16,Female,Operations,22/3/2023,2
3126,22,53062, ,Female,IT,5/2/2020,NA
3127,37,27594,63,Male,Sales,23/1/2020,1
3128,*,28297,13,Male,HR,5/8/2023,1
3129,62,10997,98,Male,HR,17/1/2023,4
3130,36,26620,56,Female,Finance,11/1/2022,2
3131,42,26142,34,Male,HR,7/8/2023,-
3132,30,28925,0,Male,Operations,13/10/2022,5
3133,32,53778,41,Male,HR,23/7/2023,3
3134,41,16537, ,Male,Sales,14/12/2020,
3135,*,60225,14,,IT,4/9/2023,4
3136,26,16912,10,Male,IT,27/6/2021,2
3137,38,56760,15,Female,,9/9/2020,1
3138,*,43614,66,Male,HR,3/2/2023,4
3139,33,30424,14,Female,IT,4/12/2022,1
3140,37,48453,70,Male,Marketing,12/5/2024,4
3141,57,15597,1,Male,Sales,27/4/2024,5
3142,62,32721,87,,HR,26/9/2022,1
3143,45,22543,97,Female,IT,17/3/2021,-
3144,55,26308,46,Male,Finance,10/12/2023,4
3145,30,36544,59,Female,Sales,10/12/2023,2
3146,55,37142,98,Male,HR,25/1/2024,3
3147,26,49560,54,Male,Marketing,1/7/2024,4
3148,46,38885, ,,HR,11/10/2024,4
3149,45,27926,72,Female,HR,2/2/2023,5
3150,35,31564,48,Male,Operations,4/11/2021,2
3151,61,22200,90,Female,Finance,22/5/2020,1
3152,36,44436,12,Female,HR,10/10/2022,1
3153,62,,98,Male,Marketing,12/10/2021,1
3154,64,34591,70,Male,HR,11/10/2024,4
3155,40,32283,95,Female,Finance,9/11/2023,2
3156,38,,58,Female,HR,13/1/2024,4
3157,50,29978,30,Female,IT,19/3/2024,5
3158,*,52448,0,Male,Sales,20/3/2023,1
3159,22,33651,,Male,IT,15/5/2021,3
3160,53,45486,35,Male,Finance,20/12/2023,4
3161,49,30700,99,Male,Operations,22/2/2020,3
3162,37,29674,21,Female,Operations,4/9/2023,3
3163,51,45558,77,Male,Marketing,30/8/2024,1
3164,34,39495,10,Male,HR,23/12/2020,4
3165,28,69955,0,Female,Marketing,9/9/2021,4
3166,20,29378,50,Female,Finance,29/7/2021,2
3167,64,40932,68,Female,Marketing,25/6/2022,5
3168, ,29094,61,Male,Marketing,7/7/2022,1
3169,53,*, ,Male,IT,28/8/2022,3
3170,62,41904,93,-,Sales,10/11/2024,3
3171,63,41667,,Female,Sales,29/7/2024,5
3172,37,15620,80,Female,HR,8/9/2022,2
3173,62,24080,36,Male,HR,27/9/2023,4
3174,18,50766,7,Female,Operations,15/3/2022,4
3175,30,29243,97,Female,Marketing,6/7/2020,3
3176,29,38476,21,Female,Finance,25/7/2024,3
3177,57,44940,12,Male,HR,8/12/2022,3
3178,21,29575,34,Male,Marketing,12/1/2024,4
3179,*,37622,23, ,IT,15/3/2022,3
3180,46,15731,*,Male,Finance,11/3/2024,1
3181,61,24944,21,*,HR,31/12/2022,4
3182,33,-,62, ,*,29/3/2022,
3183,49,35035,95,Female,Finance,8/10/2020,2
3184,40,20194,1,Male,Operations,20/4/2021,4
3185,19,23056,97,Male,Finance,12/2/2021,3
3186,23,25681,-,Male,IT,17/9/2022,3
3187,39,47080,18,*,Finance,3/5/2023,-
3188,47,17158,100,Female,Marketing,12/4/2024,3
3189,45,35035,49,Male,Finance,29/8/2022,4
3190,40,39387,-,Male,Sales,23/12/2023,3
3191,19,40379,79,Male,Operations,15/4/2020,3
3192,51,22364,42, ,Sales,20/12/2020,3
3193,34,21580,83,Female,Marketing,14/7/2022,5
3194,42,35821,NA,Female,Operations,17/12/2022,5
3195,28,46089,79,Male,Sales,11/7/2021,2
3196, ,40526,29,Male,Operations,10/1/2020,4
3197,56,53945,3,Female,Sales,15/4/2024,1
3198,56,33673,40,Male,HR,12/7/2023,5
3199,*,34527,99,Male,IT,18/10/2020,3
3200,19,0,58,Male,HR,30/7/2022,3
3201,60,6074,*,Male,Sales,4/8/2022,5
3202,48,54832,45,Female,HR,20/9/2023,1
3203,18,19860,3,Female,IT,16/10/2022,3
3204,57,31083,*,Male,Operations,23/11/2024,1
3205,28,54791,66,Female,IT,29/7/2024,4
3206,43,37380,96,Female,Finance,29/12/2023,5
3207,30,27651,21,Male,-,21/5/2023,4
3208,46,35236,4,Female,Sales,1/4/2022,1
3209,41,48992,15,,*,13/8/2022,3
3210,64,,7,Male,Marketing,26/9/2024,5
3211,56,26511, ,Male,Sales,27/5/2024, 
3212,30,42717,6,Male,IT,26/7/2023,*
3213,36,50449,NA,Female,Finance,22/12/2022,2
3214,47, ,41,Male,Finance,12/11/2023,5
3215,55,13596,41,Female,Operations,15/7/2024,5
3216, ,33545,55,Male,Marketing,2/9/2021,3
3217,42,19967,13,Male,IT,27/4/2024,1
3218,*,40762,39,Male,IT,10/5/2022,5
3219,63,26756,56,Female,Operations,26/11/2024,NA
3220,35,39392,78,Female,*,7/11/2022,5
3221,34,40326,95,Female,,22/12/2023,1
3222,60,34971,19,NA,Marketing,28/12/2020,2
3223,62,51971,60,Female,Marketing,21/7/2020,4
3224,*,32072,12,Male,HR,19/10/2022, 
3225,32,21754,43,Female,Finance,11/10/2021,4
3226,30,0,91,Male,,24/9/2024,1
3227,59,30368,-,Female,HR,26/4/2024,
3228,21,39379,70,Male,HR,15/12/2022,1
3229,20,0,38,Male,HR,24/12/2023,3
3230,62,30522,6,Female,HR,3/5/2023,4
3231,37,30886,41,Male,Marketing,31/5/2021,1
3232,27,41112,79,Female, ,30/7/2024,NA
3233,42,47177,73,Male,Marketing,15/1/2020,1
3234,21, ,*,NA,Finance,5/6/2022,3
3235,37,20756,96,Female,Finance,12/5/2021,-
3236,40,45588,73,Female,Sales,19/5/2023,1
3237,,26365,56,Male,Sales,5/9/2021,5
3238,26,0,97,Male,Marketing,22/3/2023,5
3239,58,48693,76,Female,Operations,24/3/2021,1
3240,,18938,39,Female,,22/4/2020,1
3241, ,46961,11,Female,-,19/2/2024,2
3242,42,46519,90,Female,Operations,11/5/2024,2
3243, ,30529,26,Male,Operations,3/4/2024,3
3244,31,41213,59,Male,HR,25/3/2021,5
3245,51,42951,54,Male,IT,25/4/2023,3
3246,63,15645,85,Female,HR,20/7/2022,2
3247,62,33416,25,Female,Operations,20/10/2020,4
3248,29,37500,,Male,Marketing,2/2/2021,4
3249,43,21336,93,Male,Finance,2/3/2022,-
3250,32,26461,75,Female,-,22/6/2024,4
3251,19,NA,-,Male,IT,26/4/2024,5
3252,24,43342,,Male,,9/1/2020,1
3253,43,29003,14,Male,,20/10/2023,5
3254,38,18259,8,Female,Operations,10/4/2024,3
3255,21,4221,0,Male,Operations,26/4/2024,3
3256,,30877,31,Male,IT,27/4/2024,1
3257,53,49541,*,Male,Sales,5/8/2020,2
3258,43,31530,14,Male,Operations,24/11/2023,1
3259,46,44367,79,Female,Sales,2/8/2022,2
3260,39,48183,9,Female,Sales,22/7/2024,5
3261,*,55889,63,Male,Marketing,13/5/2020,5
3262,39,27172,0,Female,HR,11/10/2020,5
3263,57,NA,27,Male,HR,20/9/2022,2
3264, ,NA,98,Male,Operations,11/7/2024,2
3265,38,23561,93,Female,HR,26/5/2020,4
3266,48,42005,30,Female,Finance,5/2/2021,3
3267,24,35599,3,Female,IT,6/12/2023,1
3268,62,22618,51,Male,Finance,16/11/2020,3
3269,20,55579,32,,HR,2/11/2023,2
3270,49,*,25,Male,IT,26/10/2020,1
3271,21,16383,93,Male,Marketing,5/3/2020,5
3272,45,35991,0,Female,Sales,10/10/2021,1
3273,-,64108,84,Male,Sales,20/4/2021,5
3274,23,27602,71,,Sales,4/7/2021,3
3275,21,26664,54,,Operations,13/5/2023,4
3276,57,38729,23,Female,IT,7/5/2024,2
3277,62,27863, ,Female,Finance,7/9/2022,2
3278,47,29795,74,Male,HR,2/12/2022,3
3279,38,51463,NA,Female,Marketing,19/10/2021,1
3280,57,40925,57,Female,Sales,11/10/2022,3
3281,63,39207,47,Male,Sales,28/5/2021,2
3282,58,34980,18,Female,Sales,20/12/2022,4
3283,25,12417,84,Male, ,9/1/2021,5
3284,49,23077,87,Male,Finance,9/4/2022,4
3285,31,16475,18,Male,IT,24/7/2021,1
3286,25,,56,Male, ,13/1/2023,3
3287,52,33287,38,Male,Operations,26/5/2022,3
3288,37,40609,52,Male,Marketing,26/11/2024,5
3289,,,51,Male, ,11/9/2023,1
3290,22,39555,18,Female,Marketing,20/8/2021,NA
3291,33,17505,39,Male,Marketing,2/12/2024,1
3292,23,29486,67,Male,Sales,19/9/2023,3
3293,29,0,33,Male,Marketing,1/9/2021,1
3294,39,42754,26, ,Sales,4/2/2021,2
3295,31,41306,69,Male,Marketing,19/8/2024,1
3296,64,20000,79,Female,HR,5/4/2024,1
3297,29,22695,78,Male,Sales,18/10/2022,3
3298,,49201, ,Male,HR,15/4/2021,4
3299,63,19417,22,Female,Marketing,23/5/2023,3
3300,35,,50,Female,Finance,13/8/2021,3
3301,43,29130,66,Male,Finance,17/6/2023,3
3302,47,20859,100,Male,HR,5/6/2024,4
3303,32,43544,0,Female,Operations,5/10/2024,1
3304,54, ,NA,Male,Finance,1/1/2023,4
3305,27,50603,12,Female,Finance,21/7/2022,4
3306,33,24762,68,Male,Finance,13/8/2021,4
3307,63,21926,52,Female,IT,13/8/2022,5
3308,51, , ,Male,HR,12/12/2020,1
3309,42,37214,-,Female,Operations,18/1/2023,4
3310,27,35750,43,Female, ,19/7/2023,1
3311,29,54932,66,Female,IT,8/6/2021,1
3312,39,51789,27,*,Operations,19/10/2023,-
3313,58,33437,15,-,HR,20/4/2021,3
3314,-,34238,96,Female,HR,13/3/2021,
3315,59,26231,32,Female,Finance,16/3/2023,1
3316,26,40045,49,Male,Finance,28/10/2022,1
3317,51,36676,10,Female,Operations,12/11/2022,3
3318,19,37460,85,Male, ,3/4/2024,1
3319,59,33042,17,Female,IT,6/2/2020,4
3320,52,45483,3,Male,IT,24/5/2020,5
3321,47,31095,,Female,Sales,31/3/2022,5
3322,20,53289,93,,IT,29/8/2024,1
3323,23,13306,35,Male,Sales,7/9/2024,3
3324,60,43799,60,Female,Operations,20/11/2024,1
3325,28,30583,96,Female,HR,18/10/2021,5
3326,35,-,13,Male,Operations,27/9/2022,4
3327,27, ,66,Female,Finance,13/4/2022,1
3328,NA,NA,2,Female,Operations,11/6/2021,1
3329,37,32397,35,Female,Operations,11/3/2021,5
3330,24,36779,-,Male,Sales,16/9/2022,5
3331,41,52941,76,Male,Finance,11/1/2022,4
3332,42,38735,69,Female,IT,4/3/2023,2
3333,28,11406,89,Female,HR,8/10/2020,5
3334,33,56266,53,Female,Operations,31/5/2021,2
3335,56,43385,2,Female,Marketing,7/11/2024,3
3336,18,36899,77,Male,-,8/2/2024,5
3337,27,44696,1,Male,IT,17/5/2022, 
3338,60,*,42,,Finance,25/11/2020,
3339,27,28815,24,Female,Finance,10/3/2021,4
3340,28,*,65,Female,Operations,14/9/2022,5
3341,25,10878,10,Male,IT,22/8/2022,2
3342,*,16033,2,Female,IT,28/12/2022,3
3343,61,31079,46,*,HR,23/8/2022,4
3344,36,30020,17,Male,Finance,10/7/2020,3
3345,49,34250,30,Male,Marketing,24/5/2022,3
3346,-,37755,75,Female,HR,30/8/2023,
3347,43,13413,5,Female,HR,23/5/2023,-
3348,53,39620,33,Male,Marketing,20/7/2024,1
3349,51,16360,88,Female,Marketing,31/8/2021, 
3350,36, ,67,Female,IT,14/10/2024,5
3351,,,38,Male,-,3/10/2021,NA
3352,33,NA,58,Male,Operations,1/9/2021,3
3353,20,0,45,NA, ,21/2/2023,5
3354,41,31543,8,Male,Finance,6/10/2024,2
3355,48,29204,79,Female,Sales,7/3/2022,2
3356,57,22117,98,Male,Finance,21/3/2021,4
3357,20,28537,42,Male,Operations,20/8/2023,5
3358,40,31295,8,Female,Operations,27/11/2023,1
3359,20,36275,0,Male,Marketing,22/10/2023,5
3360,44,*,83,Male,Sales,14/7/2022,1
3361,46,28545,45,Male,Operations,20/6/2024,1
3362,46,31563,53,Male,Sales,24/8/2023,*
3363,25,47050,77,Female,Sales,6/10/2021,4
3364,27,45035,67,Female,Sales,15/10/2022,1
3365,38,24370,,Male,Operations,30/6/2024,3
3366,64,42430,21,Male,Operations,30/1/2023,2
3367,31,46180,NA,Male,Marketing,20/7/2024,4
3368,42,28145,43,Female,Finance,17/12/2023,2
3369,18,150355,75,*,Finance,24/11/2021,
3370,23,43774,63,Male,Marketing,5/2/2021,5
3371,55,36270,55,Female,IT,29/6/2021,1
3372,24,33849,39,Female,HR,9/1/2024,1
3373,33,25141,35,Female,HR,20/7/2020,2
3374, ,22192,43,Male,Sales,7/8/2021,5
3375,54,39470,26,Female,Sales,6/7/2020,2
3376,55,28954,10,Male,Marketing,28/4/2022,5
3377,39,48522,37,Male,IT,13/7/2020,5
3378,25,42112,89,Female,IT,17/9/2020,5
3379,57,-,95, ,Finance,16/1/2024,3
3380,47,32423,77,Male,Finance,24/12/2023,1
3381,45,25219,-,*,Sales,25/2/2023,4
3382,31,25948,63,Male,Sales,1/2/2021,3
3383,40,33834,79,Female,Finance,1/12/2023,4
3384,23,30649,8,Female,Finance,16/4/2020,4
3385,20,,58,Male,Operations,4/1/2023,3
3386,18,0,70,Male,IT,26/9/2022,4
3387,46,26309,80, ,HR,22/2/2024,5
3388,NA,2624,0,Female,Marketing,17/9/2023,2
3389,63,0,45,Female,Finance,16/10/2021,2
3390,55,33085,0,Male,Operations,1/12/2021,2
3391,51,36382,69,Male,HR,23/3/2023,-
3392,23,27667,52,Male,IT,3/11/2024,2
3393,28,41538,55,Female,-,17/11/2021,1
3394,NA,0,5,Male,IT,28/2/2024,5
3395,20,26948,-,Female,HR,15/5/2020,3
3396,58,70319,81,Female,Operations,26/5/2021,3
3397,30,40330,,Female,IT,23/2/2022,4
3398,60,28890,50,Female,Operations,2/12/2022,2
3399,20,45083,20,Male,Operations,6/5/2024,5
3400,54,29516,33,Male,IT,19/5/2023,4
3401,50,21389,*,Male,Operations,20/1/2022,4
3402,26,23796,81,Male,Marketing,6/12/2021,3
3403,,26540,27,Male,Operations,22/3/2023,2
3404,59,16563,67,Female,HR,10/9/2024,4
3405,47,26646,98,Male,HR,2/9/2020,2
3406,29,15923,0,Female,Sales,26/5/2021,-
3407,40,36227,75, ,HR,10/11/2023,3
3408,53,31427,64,Male,Marketing,6/10/2020,2
3409,53,42761,31,Female,Sales,6/3/2020,3
3410, ,30830,12,Female,Marketing,20/8/2024,*
3411,25,0,,Male,HR,13/1/2024, 
3412,39,24510,*,Male,HR,30/3/2021,3
3413,52,25334,2,Female,IT,26/9/2022,4
3414,34,17668,1,Male,Marketing,31/8/2024,1
3415,30,-,92,Female,Sales,13/9/2022,5
3416,48,39073,41,Male,HR,24/6/2022,1
3417, ,38284,87,Female,Marketing,24/2/2020,1
3418,30,10608,35,Female,Finance,13/6/2023,2
3419,24,24066,70,Male,Sales,13/3/2020,3
3420,NA,42110,63,Male,Marketing,4/3/2024,2
3421,31,35569,98,Male,Operations,2/9/2022,3
3422,,42286,36,Male,Operations,5/5/2023,3
3423,33,46825,87,Female,Operations,18/7/2024,3
3424,,26025,-,Male,Operations,19/12/2021,5
3425,64,,-,Male,Operations,6/11/2023,1
3426,59,44409,25,Female,Sales,20/2/2024,4
3427, ,14424,36,*,Marketing,9/9/2023,2
3428,32,24356,47,Female,Sales,13/10/2024,3
3429,53,49464,,Female,HR,25/10/2021,5
3430,21,31555,82,Female,IT,26/3/2024,1
3431,30,5849,*,Male,Finance,25/2/2022,4
3432,41,41708,34,Female,Operations,4/2/2022,1
3433,56,42621,100,Female,IT,23/9/2022,2
3434,18,31767,96,Female,IT,10/10/2024,
3435,-,45841,45,Female,HR,9/3/2021,5
3436,18,-4887,98,Male,Finance,24/3/2021,
3437,51,31358,5,Female,Finance,23/4/2020,2
3438,31,26914,,*,HR,17/12/2023,3
3439,NA,42890,67,Female,Marketing,1/11/2021,4
3440,50,15408,*,Female,Marketing,3/5/2021,3
3441,47,33790,60,Male,IT,25/12/2023,2
3442,39,34740,44,Female,*,3/6/2021,1
3443,62,32475,5,Male,IT,6/11/2020,1
3444,26,30885,39,*,Sales,11/10/2024,5
3445,18,42941,56,Female,HR,23/10/2024,
3446,46,21290,-,Male,Marketing,13/7/2020,3
3447,26,23061,87,Female,Sales,18/5/2022,3
3448,40,12429,34,Female,IT,17/6/2023,
3449,38,27386,89,Female,IT,17/6/2021,4
3450,40,33523,98,Male,Sales,30/12/2021,5
3451,*,36705,0,Male,Finance,26/7/2020,1
3452,33,17129,53,Female,HR,6/4/2021,2
3453,57,14677,15,Male,Marketing,8/6/2024,2
3454,57,36995,74,Female,Sales,19/5/2021,-
3455,63,21342,72,Male,Finance,2/3/2023,1
3456,32,53505,*,Female,Marketing,13/9/2024,4
3457,28,44871,0,Male,Finance,29/10/2022,5
3458,30,13051,64,Female,Finance,17/7/2021,2
3459,,33510,37,Male,Finance,29/1/2023,1
3460, ,30324,86,Male,NA,20/7/2024,2
3461,,23619,93,Male,HR,22/12/2021,1
3462,51,51515,23,Female,Sales,26/10/2021,4
3463,47,26616,74,Female,Sales,25/8/2020,3
3464,62,23084,98,Male,IT,25/9/2021,5
3465,29,12001,41,Male,Finance,6/8/2024,4
3466,28,22619,71,Male,Marketing,30/9/2021,3
3467,23,39414,0,,Finance,20/8/2020,2
3468,27,24378,,Female,IT,15/1/2021,1
3469,19, ,99,Female,Finance,18/1/2023,4
3470,56,43788,54,Male,Sales,23/1/2024,3
3471,50,33594,73,Female,IT,7/11/2020,4
3472,60,48935,64,Male,IT,5/1/2024,2
3473,25,32635,54,Female,Finance,12/7/2024,1
3474,62,29245,67,Male,Finance,14/8/2022,5
3475,51,43776,32,Male,Sales,24/1/2024,2
3476,32,34826,18,Female,Finance,5/11/2021,4
3477,58,46973,76,Female,Marketing,7/2/2020,1
3478,48,,75,Female,IT,12/1/2023,2
3479,29,55483,22,Male,Finance,9/5/2023,2
3480,51,38474,12,Male,Finance,26/10/2021,5
3481,22,26561,92,Female,HR,9/1/2020,3
3482,60,36870,44,Female,HR,8/5/2021,3
3483,44,36826,,Male,NA,4/12/2023,4
3484,56,27741,65,Female,Marketing,7/6/2022,3
3485,20,29266,72,Male,Finance,10/1/2021,3
3486,34,42303,52,Female,HR,12/1/2022,5
3487,38,37834,*,Female,IT,3/9/2022,4
3488,22,29929,*,Female,Operations,17/2/2021,3
3489,24,30998,78, ,Marketing,6/3/2021,3
3490,23,0,31,Male,Sales,6/2/2021,2
3491,61,62783,86,Male,*,8/11/2023,4
3492,48,60763,20,Male,Marketing,16/6/2020,2
3493,56,49164,97,Female,Marketing,16/6/2022,2
3494,35,29151,19,Male,IT,22/7/2020,3
3495,42,32706,63,Female,Operations,7/10/2024,3
3496,37,41427,10,Male,Operations,20/2/2023,1
3497,52,41366,51,Male,Marketing,28/5/2022,5
3498,28,,51,Male,IT,23/6/2023,3
3499,64,17509,79,Male,Marketing,2/2/2020,2
3500,36,20464,46,Female,IT,8/9/2022,3
3501,63,22354,56,Female,Operations,26/9/2021,
3502,36,43243,,Female,HR,28/3/2020,3
3503,18,42897,40,,HR,13/7/2021,4
3504,38,-,56, ,HR,17/3/2024,2
3505,40,22979,64,Female,Finance,24/7/2023,5
3506,53,49981,79,Male,HR,5/8/2022,3
3507,35,22952,17,Female,IT,27/5/2022,3
3508,57,19361,63,Male,IT,12/12/2020,2
3509,25,5760,64,Male,IT,3/2/2024,3
3510,18,51040,23,Female,HR,8/6/2022,
3511,28,172142,75,Male,Operations,4/9/2020,2
3512,54, ,79,Female,Sales,15/8/2024,2
3513,35,55465,29,Male,IT,19/6/2023,5
3514,26,33095,44,Female,HR,1/3/2020,2
3515,51,30617,52,Female,Sales,21/4/2024,
3516,56,-,0,Male,HR,15/1/2023,5
3517,51,30642,40,Male,Finance,14/2/2021,5
3518,50,14750,77,Female,Sales,11/3/2020,2
3519,28,31487,-,Female,Sales,10/7/2021,4
3520,30,42350,22,Male,IT,24/10/2024,4
3521,18,38447,20,Male,Marketing,4/2/2023,
3522,58,53678,98,Female,Marketing,30/8/2024,2
3523,35,49980,31,Female,NA,7/9/2020,4
3524,32,30932,89,Male,HR,29/9/2023,2
3525,46,44782,98,,Operations,6/7/2024,3
3526,NA,52019,55,Male,Sales,5/12/2023,4
3527,23,46709,49,Female,Operations,20/12/2020,5
3528,NA,10952,20,Female,Operations,14/5/2024,3
3529,40,35436,82,Female,Marketing,7/6/2023,2
3530,52,29583,90,Male,Sales,19/2/2022,3
3531,47, ,54,Female,Sales,24/7/2020,1
3532,37,20548,10,Female,Marketing,10/6/2022,5
3533,59,36326, ,Female,Finance,4/5/2021,3
3534,26,39614,80, ,Sales,17/8/2023,1
3535,36,25257,25,Male,Operations,28/1/2023,1
3536,34,20408,*,Male,Sales,11/9/2021,4
3537,30,12136,8,Female,HR,28/12/2022,5
3538,43,35317, ,Male,Marketing,7/4/2023,2
3539,52,23104,57,Female,Operations,23/10/2024,3
3540,38,,73,Female,Marketing,25/1/2020,3
3541,26,31990,67,Male,Sales,3/1/2023,3
3542,52,NA,NA,Male,Finance,9/7/2022,3
3543,61,,28,Male,-,14/5/2023,1
3544,52,31555,86,Female,Sales,4/12/2020,2
3545,37,,11,Male,-,21/1/2022,4
3546,NA,194280,58,Male,Marketing,7/1/2020,4
3547,64,32608,33,Female,,21/4/2021,1
3548,21,36093,84,Female,-,11/4/2021,2
3549,58,35917,54,Male,Operations,16/10/2021,2
3550,40,35998,90,Male,IT,7/9/2024,2
3551,27,33296,64,Male,IT,25/12/2023,*
3552,58,41475,*,Male,Marketing,26/5/2020,5
3553,53,22950,40,Male,HR,10/7/2020,3
3554,28,NA,55,Female,Finance,29/6/2022,1
3555,49,39751,15,Male,Operations,29/8/2024,4
3556,49,13816,54,Female,Finance,2/11/2020,5
3557,49,NA,63,-,Marketing,21/3/2021,2
3558,54,25839,74,-,Finance,19/7/2024,4
3559,52,40175,80,Male,Marketing,11/12/2023,4
3560,29,19995,72,,,4/12/2021,2
3561,23,32032,77,Male,HR,29/3/2021,-
3562,33,21470,80,Female,NA,5/10/2024,1
3563,NA,52732,98,Female,Operations,19/12/2022,5
3564,NA,18395,7,-,Finance,1/9/2024,4
3565,56,57387,0,Female,IT,21/10/2022,1
3566,57,23040,89,Male,Operations,15/10/2024,4
3567,53,33291,82,Male,NA,4/2/2021,3
3568,26,44998,11,Female,Sales,22/2/2023,2
3569,57,0,16,Female,-,19/1/2022,2
3570,40,41914,98,Male,Operations,14/6/2022,2
3571,54,50730,21,-,Marketing,30/1/2024,5
3572,63,63019,69,Female,Operations,29/10/2024,4
3573,64,37306,-,*,Sales,12/9/2024,3
3574,*,28134,86,,Sales,1/1/2024,3
3575,46,14872,25,Male,Finance,19/11/2024,3
3576,37,33156,51,Female,Finance,15/4/2023,1
3577,61,34132,58,Female,Sales,29/9/2021,3
3578,26,17750,0,Male,IT,24/10/2024,1
3579,34,47275,1,Male,Marketing,5/4/2024,4
3580,47,30516,12, ,Sales,1/7/2022,4
3581,38,55487,37,Female,Sales,6/10/2021,1
3582,23,31248,67,Male,Operations,15/10/2024,2
3583,27,28367,73,Female,HR,31/7/2022,3
3584,30,35544,50,Female,Sales,6/2/2020,5
3585,30,36320,13,Male,HR,19/12/2023,1
3586,54,42521,73,Male,Operations,19/4/2020,2
3587,30,31482,65,-,Sales,18/8/2021,5
3588,*,25825,80,,IT,31/12/2021,3
3589,29,16718,30,-,HR,14/11/2021,3
3590,61,*,43,Female,HR,15/10/2024,4
3591,30,34073,97,Female,Finance,14/11/2022,3
3592,35,22293,49,Female,IT,21/1/2023,3
3593,24,,7,Male,HR,15/11/2021,2
3594,30,37117,11,Female,HR,14/10/2023,3
3595,56,43582,-,Male,HR,3/3/2021,2
3596,,10342,69,,IT,7/1/2023,3
3597,25,27501,9,Female,HR,23/10/2023,1
3598,-,37169,40,Female,Operations,15/11/2022,3
3599,25,14559,63,Male, ,15/1/2023,3
3600,55,56194,61,Female,Sales,9/3/2022,1
3601,26,,-,Female,Sales,15/7/2022,1
3602,-,47340,47,Male,Operations,8/5/2024,2
3603,-,48298,13,Female,NA,27/3/2021,NA
3604,29,25000,72,Female, ,16/4/2024,3
3605,35,35010,51,Male,IT,30/5/2023,3
3606,39,27886,81,Female,Sales,19/9/2024,3
3607,56, ,86,Female,NA,11/12/2021,1
3608,55,31686,35,Female,IT,5/10/2022,-
3609,25,41411,14,Female,Operations,18/2/2024,2
3610,18,0,51,Male,Finance,7/6/2023,5
3611,26,32033,86,Male,IT,7/11/2022,5
3612,21,23060,65,Female,HR,9/10/2020,3
3613,37,,62,Male,HR,19/11/2023,2
3614,58,21542,*,Male,Operations,11/4/2024,3
3615,,35543,19,Female,HR,16/11/2023,5
3616,29,,NA, ,Marketing,28/3/2023,1
3617,45,21026,100,Male,Marketing,2/6/2022,1
3618,44,34390,10,Male,IT,5/9/2024,-
3619,39,48719,29,Female,*,4/7/2022,2
3620,,33450,34,Female,NA,5/2/2024,3
3621,58,43854,15,Female,HR,24/3/2022,*
3622,45,0,24,Male,,1/6/2024,3
3623,60,25447,78,Female,HR,27/11/2021,4
3624,29,38440,78,Male,-,3/7/2022,3
3625,30,14404,-,Female,Sales,19/6/2024,4
3626,49,44329,19,Female,Marketing,11/5/2022,1
3627,47,*,93,Female,HR,29/8/2023,3
3628,47, ,57,Female,IT,18/1/2022,3
3629,60,0,13,Male,Marketing,21/9/2024,3
3630,39,42014,59,Male,Marketing,26/8/2024,2
3631,52,0,78,Male,Finance,9/1/2023,1
3632,54,42215,9,Female,Sales,12/5/2024,*
3633,52,40478,9, , ,24/1/2024,4
3634,61,48998,-,Female,Marketing,4/4/2023,2
3635,62,74210,73,Male,Sales,4/4/2021, 
3636,57,-,54,Male,Marketing,8/4/2020,4
3637,36,27462,NA,Male,Operations,1/10/2022,1
3638,30,44851,29,Male,Finance,8/10/2021,4
3639,34,28431,24, ,HR,8/6/2024,2
3640,20,47358,3,Male,Finance,31/1/2023,3
3641,37,4168,81,Male,Marketing,26/12/2022,4
3642,18,39948,35,Male,Sales,2/2/2023,4
3643,63,32746,*,Female,Marketing,24/5/2022,1
3644,43,32175,84,Female,Finance,18/5/2024,2
3645,44,23015,-,Female,IT,12/5/2021,5
3646,58,29299,62,Female,Operations,1/7/2021,4
3647,19,35305,19,Female,Finance,9/11/2024,2
3648,40,43367,44,Female,Marketing,29/5/2022,1
3649,35,17361,79,Female,Sales,22/9/2023,2
3650,57,44642,93,Male,-,28/10/2020,3
3651,36,34762,73,Male,Operations,25/10/2020,1
3652,39,47488,*,Male,Sales,4/1/2020,2
3653,64,16098,72,Female,IT,18/12/2023,4
3654,22,29971,1,Male,,26/2/2023,1
3655,,37286,26,Female,IT,24/2/2023, 
3656,61,25305,, ,Marketing,9/12/2020,1
3657,48,23647,88,Male,HR,9/5/2023,3
3658,32,60582,92,Male,IT,22/6/2020,4
3659,45,28081,NA,Male,HR,21/11/2021,2
3660,42,39715,80,Male,Finance,10/7/2020,2
3661,NA,33617,4,Male,Finance,12/1/2021,3
3662,22,39003,74,Male,NA,16/12/2020,5
3663,29,47964,98,Female,Sales,28/5/2021,1
3664,60,35504,0,Male,Finance,26/5/2024,3
3665,64,27310,94,Female,Finance,24/12/2020,3
3666,43,37933,19,Male,IT,23/11/2022,5
3667,57,55020,85,Male,IT,9/10/2024,4
3668,,29905,33,Female,Finance,22/4/2020,5
3669,43,-,35,Male,Sales,18/5/2023,4
3670,NA,33990,66,Male,HR,8/7/2021,5
3671,25,16891,49,Male,Operations,22/5/2021,2
3672,41, ,81,Female,Operations,20/6/2023,1
3673,34,51675,81,Male,Operations,3/4/2021,1
3674,59,31272,35,Male,*,5/12/2021,4
3675,57,34647,72,Male,HR,28/8/2022,3
3676,53,0,14,Female,HR,3/1/2020,5
3677,52,35537,92,Male,IT,26/6/2024,2
3678,40,45096,80,NA,HR,6/4/2020,4
3679,42,31650,72,Male,Operations,1/9/2022,3
3680,29,21154,72,Female,IT,1/1/2021,4
3681, ,13288,35,Female,Finance,14/1/2020,3
3682,56,27451,52,Female,IT,22/5/2020,*
3683,27,30767,92,Female,Operations,1/12/2024,3
3684,50,27592, ,Female,Finance,19/4/2022,3
3685,47,30816,95,Female,Operations,15/9/2022,2
3686,45,32306,16,Female,HR,3/2/2020,5
3687,52,21056,12,Male,HR,31/7/2024,5
3688,35,19816,97,Female,-,8/6/2024,5
3689,26,33016,,Male,Sales,22/1/2024,2
3690,30,39728, ,NA, ,23/1/2021,5
3691,36,0,98,*,HR,17/1/2022,4
3692,31,42618,81,Female,Finance,27/9/2023,2
3693,46,23137,,Male,Operations,7/11/2022,4
3694,49,38774,54,Female,Sales,1/11/2021,1
3695,64,53839,*,Male,Sales,29/10/2024,5
3696,42,44544,-,Male,Sales,1/9/2023,2
3697,41,42012,91,Female,Sales,16/2/2022,5
3698,58,23699,40,Male,Operations,21/9/2024,3
3699,NA,34870,16,Female,,8/4/2020,2
3700,52,52769,0,Male,IT,11/12/2021,4
3701,42,51175,74,Female,Finance,9/9/2022,3
3702,61,47443,78,Male,HR,3/6/2020,3
3703,34,39158,44,Female,Operations,16/12/2021,3
3704,21,39004,17,-,Sales,20/9/2023,5
3705,29,13544,36,Female,Marketing,24/9/2022,1
3706,59,26937,34,Male,Operations,8/9/2021,5
3707,50,59054,71,Male,Operations,23/12/2022,5
3708,37,42803,53,Female,Operations,22/2/2020,4
3709,49,62836,57,Male,Operations,31/10/2023,1
3710,25,39290,29,Female,IT,3/4/2022,5
3711,*,22752,,Female,IT,4/5/2023,1
3712,39,31378,0,Male,HR,1/2/2022,1
3713,60,47078,96,Male,IT,20/12/2022,2
3714,53,42988,4,Male,Operations,25/12/2020,3
3715,39,55165,0,Male,Sales,6/6/2022,1
3716,18,47786,22,Male,Finance,13/12/2021,3
3717,38,5992,100,Female,Finance,9/6/2022,1
3718,59,40684,74,*,Sales,11/8/2022,2
3719,64,61023,60,Male,Sales,5/9/2024,4
3720,42,44049,53,Male,*,9/8/2023,-
3721,19,20227,87,Male,Sales,13/12/2023,5
3722,51,-,61,Male,IT,5/10/2020,1
3723,57,36246,84,,Sales,4/11/2023,
3724,55,32147,63,Male,Finance,12/12/2020,2
3725,45,45926,73,Male, ,21/9/2023,4
3726,41,33412,86,Male,IT,6/9/2021,2
3727,64,25977,40,Female,IT,30/3/2020,1
3728,50,29319,15,Male,Finance,9/7/2024,2
3729,20,14366, ,Female,HR,6/9/2021,3
3730,47,46680,72,Male,,11/7/2022,4
3731,24,27787,100,Male,IT,26/4/2022,1
3732, ,16843,16,Female,IT,28/11/2023,4
3733,62,24359,35,Female,Marketing,19/11/2023,3
3734,19,27755,26,Male,Finance,25/12/2021,5
3735,52,198911,5,Male,IT,9/8/2020,2
3736,49,14561,20,Female,Operations,29/3/2022,3
3737,40,49026,18,Female,Sales,7/4/2024,5
3738,,30688,73,Female,IT,30/3/2023,4
3739,41,28130,81,Male,IT,18/12/2020,5
3740,61,36183,21,Female,HR,5/10/2023,1
3741,35,-,-,Male,Marketing,30/11/2024,1
3742,23,47292,14,Female,IT,8/1/2023,2
3743,54,26894,12,Male,Finance,6/9/2024,1
3744,NA,41900,60,Female,Marketing,4/11/2024,5
3745,,50502,0,Female,Marketing,28/6/2021,2
3746,53,23504,61,Male,Finance,5/8/2024,5
3747,26,8247,14,Female,Marketing,15/3/2020,1
3748,45,38148,78,Male,Operations,14/10/2023,2
3749,26,52354,23,Male,Sales,15/1/2021,4
3750,29,23960,16,Male,HR,19/5/2024,2
3751,26,39336,*,Male,Marketing,16/3/2020, 
3752,61,20861,24,Male,HR,27/11/2024,3
3753,55,30908,0,Female,-,22/7/2023,*
3754,41,53901,,Male,IT,23/7/2024,2
3755,52,40375,50,Female,IT,13/6/2024,3
3756,36,46149,19,Female,Finance,30/10/2021,3
3757,48,,26,Female,Finance,7/12/2021,5
3758,58,53702,25,Female,HR,22/4/2020,2
3759,36,26635, ,Male,*,22/7/2022,5
3760,21,-,0,Male,Operations,20/1/2021,2
3761,64,46694,62,Female,Sales,24/11/2021,3
3762,26,36980,4,Female,HR,8/8/2023,5
3763,36,34031,47,Female,Marketing,27/7/2024,2
3764,50,37863,87,Male,HR,4/6/2020,
3765,35,25991,NA,Male,Operations,8/7/2023,2
3766,43,25627,50,Female,Sales,27/4/2024,2
3767,56,33791,38,Female,Sales,30/9/2020,1
3768,50,NA,52,Male,Finance,26/5/2020,2
3769,31,48745,,Male,IT,9/11/2023,5
3770,51,24948,16,Male,Marketing,19/1/2020,5
3771,40,52301,84,Male,Marketing,27/10/2020,4
3772,49,42548,22,Female,Marketing,20/11/2023,1
3773,,35610,68,Female,Marketing,1/9/2022,1
3774,56,44418,48,Male,Sales,26/6/2023,1
3775,29,38899,93,Female,Marketing,27/4/2024,4
3776,23,52590,41,Female,Finance,16/5/2023, 
3777,22,41997,49,Female,IT,15/3/2021,1
3778,20,42856,53, ,Sales,27/10/2022,2
3779,25,49252,24,Female,IT,28/3/2022,3
3780,56,31120,80,Male,HR,13/1/2022,5
3781,19,32883,43,Male,HR,10/9/2023,3
3782,,33674,88,Male,Finance,12/10/2022,5
3783,35,65041,0,,-,18/12/2020,1
3784,24,30454,12,*,Sales,12/1/2021,3
3785,47,33874,4,*,Operations,12/9/2022,4
3786,59,15578,95,Female,Finance,19/11/2023,3
3787,49,39421,48,Male,Marketing,20/10/2021,4
3788,19,20947,69,Male,-,27/7/2024,2
3789,18,35285,83,Male,Finance,5/10/2021,1
3790,32,40401,,Male,Operations,24/7/2023,4
3791,39,22717,1,Male,*,18/8/2024,2
3792,56,0,63,Female,Finance,4/2/2024,1
3793,51,-,68,Female,Sales,19/7/2023,4
3794,44,40417,68,Female,Operations,15/8/2021,5
3795,38,16265,11,Female,Operations,30/7/2021,3
3796,37,35411,38,Female,Finance,4/9/2020,1
3797,21,31728,66,Female,IT,22/8/2024,
3798,35,48785,0,Female,HR,25/2/2022,4
3799,,39707,76,Female,Finance,14/5/2020,5
3800,*,26029,45,Female,Marketing,12/12/2023,4
3801,58,39388,17,Male,Marketing,7/6/2022,5
3802,54,,59,Male,IT,20/12/2023, 
3803,57,32840,-,Male,Operations,16/3/2022,*
3804,54,29064,15,Male,HR,18/4/2020,3
3805,58,22789,52,Male,NA,28/6/2024,3
3806,55,17165,20,Male,Operations,26/8/2020,2
3807,27,32737,NA,Female,HR,10/5/2024,2
3808,56,27097,28,Female,Operations,31/10/2024,5
3809,64,25069,33,Male,Sales,22/7/2024,1
3810,30, ,79,Male, ,7/9/2021,4
3811,54,37195,11,Female,Operations,14/3/2020,1
3812,24,43896,43,Female,IT,10/12/2023,
3813,23,19399,*,Male,Operations,30/8/2020,4
3814,36,52644,54,Female,,20/12/2020,1
3815,64,37487,70,Female,Sales,11/12/2021,1
3816,42,37288,46,Female,HR,19/3/2023,2
3817,27,52798,10,Female,Sales,6/10/2024,3
3818,39,52224,52,Female,Marketing,14/8/2024,1
3819,56,27376,61,Female,HR,29/5/2022,NA
3820,44,50937,12,Female,Finance,28/6/2020,1
3821,40,14891,99,Male,Operations,1/2/2021,5
3822,35,*,73,Female,Marketing,8/5/2021,1
3823,63,53818, ,Female,Finance,27/11/2021,1
3824,19,29684,68,Male,Finance,5/12/2022,3
3825,*,0,96, ,Finance,8/11/2021,5
3826,27,44769,27,Male,HR,13/7/2024,5
3827,43,33870,65,Female,HR,2/4/2023,-
3828,49,58426, ,Male,Operations,15/3/2024,NA
3829,48,49966,74,Male,Sales,8/8/2024,1
3830,27,28986,62, ,HR,14/9/2021,3
3831,50,,32,Female,Sales,24/11/2023,4
3832,53,11995,31,Female,-,21/8/2020,1
3833,28,29780,59,Male,Finance,28/5/2020,4
3834,50,15208,67,Male,Sales,23/3/2020,3
3835,45,24193,57,Male,Operations,19/11/2020,3
3836,31,58696,72,Male,HR,17/12/2020,5
3837,37,28081,16,Male,Marketing,16/8/2021,5
3838,57,20375,11,Male,Finance,31/10/2024,3
3839,29,10099,92,Female,,28/6/2023,2
3840,50,29515,21,Female,*,25/9/2022,3
3841,24,20422, ,Female,Operations,21/11/2021,1
3842, ,27979,61,Male,Operations,17/4/2020,4
3843,33,22260,62,Female,Marketing,10/5/2021,5
3844,34,42051,3,Male,IT,5/6/2023,5
3845,,46912,15,Female, ,5/2/2024,4
3846,-,27900,53,Female,Marketing,26/7/2022,1
3847,40,40728,25,Female,Marketing,11/3/2021,5
3848,20,24956,55,*,IT,19/10/2024,1
3849,-,41020,13,Male,HR,24/12/2020,5
3850,26,44229,19,Male,Finance,27/5/2020,3
3851,64,31226,42,Female,HR,30/12/2020,2
3852,43,0,-,Male,Sales,20/4/2023,3
3853,42,32975,63,Female,Operations,18/10/2021,4
3854,36,41571,35,Male,Operations,4/5/2021,1
3855,54,42956,93,,Operations,28/2/2023,4
3856,55,23215,33,Male,IT,22/8/2021,4
3857,24,37188,21,Male,HR,20/9/2023,1
3858,33,0,12,*,,22/10/2021,4
3859,23,29385,94,-,Operations,23/1/2020,3
3860,57,47613,87,Male,IT,24/1/2021,3
3861,35,47097,66,Female,Operations,7/8/2020, 
3862,44,48747,39,Male,HR,28/2/2020,3
3863,44,45897,59,Female,Sales,17/3/2024,5
3864,-,29897,43,Female, ,9/12/2023,4
3865, ,20397,4,Female,Sales,12/9/2021,2
3866,34,NA,24,Male,Sales,7/1/2024,4
3867, ,14557,62,,Operations,15/6/2022,4
3868,57,0,-,Male,IT,10/3/2021,1
3869,64,,98,Male, ,26/7/2021,1
3870,56,25194,93,Male,HR,1/11/2024,3
3871,49,25676,25,Male,Marketing,14/2/2020,3
3872, ,26885,15,Male,Finance,22/1/2020,3
3873,47,30490,68,Male,Marketing,12/9/2023,2
3874,35,40939,35,Male,Sales,9/1/2020,NA
3875,55,0,84,Male,Marketing,9/12/2021,4
3876,20,38854,11,Female,Sales,25/3/2022,5
3877,25, ,52,Male,Operations,3/2/2021,1
3878,47,0,19,Female,Marketing,4/7/2022,1
3879,37,44594,38,Male,HR,19/12/2023,5
3880,33,23515,20,Male,Sales,24/8/2021,4
3881,37,13396,96,Female,Marketing,13/10/2022,3
3882,39,49443,57,Male,Sales,27/10/2022,2
3883,27,13841,99,Female,Operations,26/8/2021,1
3884,39,51538,13,Female,*,5/10/2022,2
3885,55,31447,86,Male,Operations,27/11/2024,2
3886,54,38514,33,Female,Sales,12/10/2022,5
3887, ,18065,100,Male,Sales,5/11/2024,1
3888,25,12568,13,NA,Finance,5/12/2021,2
3889,20,54530,54, , ,6/10/2020,3
3890, ,28334,18,Male,*,10/9/2023,3
3891,43,49001,35,Female,Marketing,30/4/2024,2
3892,60,17293,33,Male,Operations,19/9/2020,2
3893,22,*,60,Female,Operations,12/8/2022,5
3894,48,27377,1,Female,Finance,28/1/2023,2
3895,37,33452,67,Male,Sales,22/11/2024,2
3896,25,36553,33,Male,Operations,12/6/2023,2
3897,NA,44168,22,Male,,10/4/2024,1
3898,57,9070,5,Male,Finance,9/3/2023,5
3899,43,41780,0,Male,Finance,24/3/2024,3
3900,31,23768,21,Female,Operations,15/8/2024,4
3901,30,19050,0,Female,Finance,20/2/2020,2
3902,28,39885,77,Male,Finance,1/5/2020,1
3903,44,243766,62,Male,Marketing,22/8/2020,4
3904,30,34821,,Male,Sales,8/10/2024,3
3905,*,12017,38,Male,Sales,30/4/2024,
3906,31,40438,76,Female,-,6/4/2022,-
3907,31,33401,18,Female,HR,11/4/2023,2
3908,24,41413,71,Female,Finance,6/10/2021,3
3909,32,32335,89, ,*,21/5/2020,2
3910,47,23735,42,Male,Operations,25/6/2020,5
3911,34,16111,45,Female,IT,29/9/2024,3
3912,35,27706,92,Male,Marketing,28/11/2022,3
3913,49,56256,77,Male,Finance,16/7/2024,-
3914,36,29058,NA,Male,IT,30/7/2020,5
3915,43,19325,97,Male,IT,11/7/2023,2
3916,34,27861,60,Female, ,21/5/2024,3
3917,45,36027,55,Male,Finance,8/8/2022,1
3918,58,9615,20,Male,Finance,15/4/2020,1
3919,*,31709,64,Male,Marketing,14/9/2023,3
3920,54,37489,48,Male,HR,16/11/2022,5
3921,60,31956,40,Female,HR,8/9/2021,2
3922,48,46810,58,Female,Finance,11/11/2021,1
3923,24,47367,12,Female,Marketing,2/5/2020,3
3924,45,29611,96,Female,Sales,8/6/2023,NA
3925,58,43633,14,Male,Operations,8/8/2023,4
3926,57,40831,5,Female,Operations,11/9/2024,3
3927,29,28239,-,Male,Finance,12/5/2023,1
3928,23,46419,1,*,IT,29/10/2024,1
3929,-,,93,Male,Marketing,15/6/2020,3
3930,62,23026,68,Male,-,14/1/2021,3
3931,27,37943,56,Female,Marketing,18/11/2024,NA
3932,29, ,36,Female,Operations,16/2/2022,3
3933,36,34040,*,Male,HR,24/6/2021,4
3934,21,19669,88,Female,IT,2/2/2022,2
3935,25,21169,28,Male,IT,23/3/2022,5
3936,24,53003,6,Male,Marketing,8/4/2022,
3937,-,10893,83,Female,Finance,3/5/2021,4
3938,33,26227, ,Female,Operations,12/4/2022,NA
3939,41,27424,,Male,NA,9/1/2024,1
3940,63,17980,21,Female,Operations,27/11/2022,5
3941,44,20115,23,Female,Sales,31/12/2020,4
3942,28,41307,30,-,Operations,14/7/2021,4
3943,28,0,0,Male,Finance,8/8/2022,2
3944,45,26043,42,Female,IT,12/4/2021,3
3945,47,46415,69,Female,Marketing,6/10/2022,3
3946,41,23414,60,Male,Sales,1/11/2020,5
3947,58,NA,83,Female,*,6/10/2024,5
3948,43,,10,Male,Operations,8/7/2024,4
3949,36,24929,44,Male,Sales,4/6/2020,2
3950,60,33029,67,Male,Sales,20/9/2024,3
3951,59,298892,96,Female,Sales,14/4/2023,4
3952,62,29259,19,Male,Sales,4/5/2020,2
3953,32,30031,50,Female,Marketing,30/10/2021,5
3954,29,48059,38,Female,Finance,24/7/2024,4
3955,44,35177,41,Male,Operations,28/5/2022,5
3956,63,12773,98,Female,Operations,25/2/2021, 
3957,47,9296,6,NA,IT,17/9/2024,3
3958,26,26278,NA,Male,Marketing,10/5/2021,*
3959,53,*,39,Female,Operations,11/4/2021,5
3960,48,18401,67,Male,HR,8/2/2024,2
3961,59,15138,52,Male,Finance,30/5/2020,4
3962,41,32392,46,Female,HR,17/4/2020,1
3963,39,33762,67,Male,Sales,5/9/2021,5
3964,34,42740,97,Male,Marketing,10/12/2021,2
3965,21,44128,89,Female,Finance,5/3/2021,5
3966,52,NA,66,Female,HR,11/4/2024,-
3967,-,32610,63,Male,Operations,17/5/2022,4
3968,42,38827,91,Male,HR,23/1/2022,5
3969,51,54502,64,NA,,21/7/2023,1
3970,60,28558,32,-,Sales,28/4/2021,2
3971,41,23527,,Male,IT,21/11/2021,1
3972,59,-3040,23,Female,Sales,12/2/2021,2
3973,59,35366,6,Male,Finance,26/4/2020,4
3974, ,38996,78,Male,Operations,11/8/2023,5
3975,47,51671,62,Male,Operations,15/6/2023,4
3976,28,32858,73,Male,Marketing,27/11/2023,4
3977,27,*,5,Male,Operations,8/4/2021,5
3978,45,61310,12,Female,Operations,17/2/2021,5
3979,24,15821,44,Female,Sales,19/11/2023,4
3980,20,27915,27,Female,Finance,19/9/2021,2
3981,36,30506,16,Male,IT,3/7/2020,4
3982,64,51899,37,Female,-,6/1/2023,5
3983,32,,57,NA,Sales,8/7/2023,3
3984,30,22243,82,Female,Marketing,7/9/2023,*
3985,49,37849,62,Male,Marketing,24/12/2021,5
3986,18,51618,11,Male,Sales,21/10/2021,1
3987,-,36467,59,Male,HR,3/4/2022,*
3988,24,32744,48,Female,Finance,12/7/2020,
3989,56,38677,7,Female,Marketing,15/2/2020,4
3990,25,29197,85,Female,Marketing,28/3/2022,4
3991,63,43488,1, ,Finance,4/11/2022,4
3992,18,50292,50,-,Marketing,25/12/2021,4
3993,19,37134,96,Female,HR,10/12/2023,4
3994,47,47565,99,Male,HR,11/7/2021,2
3995,20,39008,41,Male,HR,26/3/2021,5
3996,29,50253,72,Male,Operations,30/3/2022,2
3997,48,43980,75,Female,Operations,8/2/2020,4
3998,53,16139,0,Female, ,9/1/2023,2
3999,22,34339,34,Female,Marketing,23/9/2021, 
4000,-,268726,99,Female,Finance,31/7/2024,2
4001,40,5937,24,Male,HR,5/10/2021,4
4002,24,-,85,Female,HR,10/6/2022,1
4003,63,33584,27,Female,IT,17/10/2023,1
4004,32,49281,1,Male,IT,4/7/2021,5
4005,40,23258,82,Male,Operations,13/11/2022,5
4006,41, ,17,Female,HR,17/6/2024,1
4007,50,49104,9,Female,Operations,10/8/2024,4
4008,47,26029,NA,*,IT,17/7/2020,4
4009,61,36317,96,Male,NA,2/8/2021,4
4010,51,24363,75,-,Operations,6/3/2022,1
4011,26,15401,20,Male,HR,17/7/2024,5
4012,59,21481,32,Female,Marketing,27/2/2024,2
4013,48,NA,38,Male,NA,14/10/2023,5
4014,56,38078,11,Female,IT,10/3/2024,1
4015,18,20096,49,Male,Marketing,27/7/2022,4
4016,50,44875,11,Female,Marketing,1/9/2023,3
4017,50,50704,65,Female,Marketing,1/3/2023,*
4018,52,53753,72,Female,HR,1/3/2024,4
4019,56,37420,68,Female,Finance,10/9/2022,3
4020,44,30886,76,Male,-,5/7/2021,5
4021,26,19538,65,Male,Sales,20/2/2023,3
4022,22,,19,Female,HR,11/1/2021,-
4023,58,30442,97,Female,IT,3/1/2021,3
4024,28,29320,54,Male,Finance,9/9/2020,2
4025,48,0,NA,Male,Marketing,13/1/2020,5
4026,63,-,83,Female,HR,5/3/2023,2
4027,60,40480,NA,Female,Operations,19/5/2023,4
4028,50,32541,*,Male,IT,28/1/2020,1
4029,46,55654,76,Female,Marketing,18/1/2021,3
4030,20,43381,23,Male,Operations,4/7/2022,3
4031,*,33427,48,Female,Marketing,25/7/2023,5
4032,,19113,80,Female,Operations,19/12/2023,2
4033,32,16957,38,,Sales,1/10/2024,4
4034,21,52959,NA,Male,Operations,2/3/2024,5
4035,29,51160,35,Male,HR,29/9/2021,3
4036,39,35715,65,-,Finance,19/8/2022,3
4037,41,30416,95,NA,NA,1/9/2024,4
4038,50,40002,42,Female,HR,26/4/2020,2
4039,34,32381,12,Male,IT,12/4/2024,1
4040,40,29769,-,Female,Finance,2/10/2023,
4041,44,0,72,Male,IT,1/5/2024,NA
4042,46,34055,27,Male,-,6/12/2023,4
4043,32,43275,23,Female,HR,8/10/2023,5
4044,58,29455,*,Male,Sales,26/5/2024,4
4045,38,0,48,Male,Marketing,3/12/2020,1
4046,NA,32397,86,Female,HR,2/9/2021,
4047,61,,93,Male,Finance,12/5/2021,1
4048,42,37332,10,Male,Sales,1/7/2021,3
4049,34,49222,53,Female,NA,26/2/2024,3
4050,NA,37944,59,Male,Operations,14/9/2023,4
4051,*,19974,5,Male,Operations,2/2/2022,1
4052,60,36659,31,Female,Finance,1/12/2020,-
4053,25,16603,88,Female,Marketing,12/1/2021,5
4054,63,47299,3,Male,NA,1/1/2024,1
4055,57, ,,Female,HR,14/4/2020,3
4056,52,31712,30,Female,Marketing,8/9/2023,2
4057,44,37053,88,Female,Marketing,28/3/2024,3
4058,43,32688,60,-,Finance,31/7/2022,3
4059,-,56552,89,Male,*,16/7/2021,3
4060,21,22771,38,Male,IT,3/4/2024, 
4061,61,22803,84,Male,Sales,10/7/2024,1
4062,46,36307,86,Male,Finance,25/3/2023,5
4063,58,34112,72,Female,NA,17/12/2021,3
4064,19,33622,85,Female,Finance,24/2/2020,2
4065,59,23896,0,Female,Marketing,2/8/2021,2
4066,27,33706,NA,Male,Marketing,3/12/2024, 
4067, ,13796,21,Female,Marketing,18/10/2022,1
4068,45,52587,-,Female,HR,12/8/2023,4
4069,47,35134,78,Female,Sales,8/2/2022,2
4070,33,NA,44,Male,Operations,25/1/2022,1
4071,31,33850,-,Male,HR,10/3/2021,3
4072,32,*,98,Male,HR,8/1/2021,1
4073,41,27283,2,Female,Operations,8/2/2022,
4074,46,27660,73,Female,IT,24/4/2021,5
4075,53,20595,99,Male,Finance,3/5/2022,5
4076,,25024,95,,IT,13/10/2023,1
4077,21,42242,38,Male,Operations,24/11/2024,4
4078,45,27817,23,Female,Finance,22/11/2020,4
4079,47,63919,10,Male,Operations,27/4/2021,3
4080,38,25009,7,Male,HR,19/2/2024,4
4081,24,45223,79,Male,HR,2/8/2021,5
4082,56, ,55,Female,Operations,27/10/2021,2
4083,48,26181,95,NA,Finance,30/10/2021,1
4084,33,28732,62,Female,Finance,16/8/2023,1
4085,46,31217,55,Female,IT,30/3/2022,4
4086,49,44574,20,Male,Sales,17/5/2024,3
4087,31,42446,13,Male,HR,23/3/2021,3
4088, ,18564,25, ,Operations,4/2/2022,1
4089,48,42116,0,Female,Sales,28/11/2024,5
4090,57,45233,7,Female,HR,28/10/2024,5
4091,21,57630,53,Female,*,5/12/2022,5
4092,29,0,39,Male,Finance,30/9/2024,1
4093,61,46305,21,Male,Operations,23/3/2022,4
4094,64,65715,33,Female,,30/1/2022,4
4095,62,19148,88,Male,Operations,12/5/2023,2
4096,48,0,85,Female,HR,22/3/2022,4
4097,61,40050,24,Male,Operations,18/11/2021,4
4098,18,28397,14,Male,Sales,10/5/2020,3
4099,47,37751,20,Male,Marketing,12/1/2020,1
4100,42,37476,79,Female,*,26/6/2023,3
4101,33,28490,18,NA,IT,24/1/2023,3
4102,54,25607,89,Female,IT,21/8/2021,5
4103,28,37503,0,Male,,2/11/2024,3
4104,60,45983,61,Female,HR,2/7/2022,3
4105,20,22183,0,Male,Sales,14/10/2020,5
4106,50,39672,24,Female,HR,28/4/2022,2
4107,34,41353,17,Female,HR,14/1/2021,5
4108,-,25617,65,Female,Finance,3/2/2022,4
4109,33,47206,40,Male,HR,22/9/2023,1
4110,52,29820,35,Female,IT,28/10/2024,3
4111,35,19460,25,Female,IT,24/7/2021,5
4112,25,9171,-,-,HR,4/3/2022,*
4113,36,25163,30,Female,Operations,23/3/2022,5
4114,61,39735,55,-,Sales,30/10/2024,*
4115,62,21451,16,Female,Sales,17/1/2023,4
4116,29,33664, ,Female,Marketing,4/2/2020,1
4117,33,-,80,Female,IT,4/7/2024,3
4118, ,41238,61,Male,Finance,25/8/2024,1
4119,26,0,42,Male,Finance,18/7/2020,2
4120,54,22833,7,Female,HR,2/2/2024,4
4121,36,NA,NA,,Sales,23/10/2020,4
4122,23,9083,63,Female,IT,29/4/2020,4
4123,41,38770,68,Female,*,25/4/2022,3
4124,22,*,73,Female,Marketing,3/11/2020,4
4125,47,16679,61,Female,-,16/3/2024,4
4126,21,49696,44,Female,IT,18/4/2021,*
4127,58,19284,55,Female,-,28/6/2024,4
4128,42,37951,50,Male,Marketing,19/12/2020,4
4129,18,44919,77,-,Operations,5/11/2021,3
4130,31,49452,14,Male,Operations,2/1/2023,3
4131,60,26668,7,Male,Sales,20/2/2020,*
4132,56,32714,18,Female,Marketing,22/2/2020,5
4133,34,40996,78,Female,IT,15/5/2021,5
4134,57,25856,28,,Operations,1/3/2021,3
4135,49,40079,59,Male,Finance,21/2/2022,2
4136,33,51203,32,Male,Sales,13/3/2023,3
4137,36,27042,49,Female,IT,4/1/2023,3
4138,38,37875,95,Male,Operations,27/4/2022,5
4139,46,34524,NA,Male,IT,24/1/2022,4
4140,60,33041,40,Male,Operations,17/4/2022,5
4141,18,42484,1,Male,Operations,19/6/2024,1
4142,42,39102,43,Female,HR,7/4/2024,3
4143,40,38027,15,Male,HR,15/9/2023,3
4144,45,32654,47,Male,Finance,4/7/2020,3
4145,28,39452,8,Female,HR,10/9/2021,
4146,43,57630,44,Female,Finance,6/8/2020,4
4147,30,56697,62,Female,Sales,7/3/2023,1
4148,61,44540,51,Female,Marketing,30/1/2020,5
4149,54,37502, ,Female,Finance,25/9/2022,2
4150,26,18818,77,Female,-,26/1/2020,4
4151,29,31030,99,Male,Operations,4/1/2023,
4152,42,26443,12,Female,Sales,7/9/2023,1
4153,22,29620,91,Female,Marketing,13/5/2021,2
4154,22,51709,98,Female,Marketing,30/12/2020,5
4155,48,37892, ,Female,Operations,7/11/2021,5
4156,47,29946,11,Female,Finance,15/8/2024,4
4157,46,26132,42,Female,Sales,28/4/2024,5
4158,32,32845,39,Female,Sales,24/4/2022,1
4159,54,31796,51,Female,,29/2/2020,4
4160,38,30691,38,Female,Finance,29/5/2023,2
4161,60, ,58,Male,Marketing,5/9/2021,
4162,37,33238,74,Female,Operations,19/6/2022,NA
4163,43,34028,22,Female,IT,20/12/2023,4
4164,51,29213,74,Female,Operations,30/7/2020,4
4165,20,45285,34,Female,Operations,24/8/2023,4
4166,42,46334,20,Female,Operations,4/10/2021,5
4167,18,36138,98,Female,HR,21/8/2021,1
4168,55,40503,68,Female,IT,25/1/2024,-
4169,32,41858,98,Female,IT,8/2/2020,4
4170,36,36874,62,Female,Sales,5/2/2022,1
4171,61,45598,82,Female,Marketing,10/4/2024,3
4172,49,28029,1,NA,*,30/6/2024,2
4173,18,25816,62,Female,Sales,9/7/2022,1
4174,45,36643,0,Female,Marketing,4/9/2021,4
4175,NA,37505,*,Female,HR,25/3/2024,2
4176,59,30908,29,Male,HR,20/7/2023,4
4177,23,*,49,Female,Sales,13/12/2023,4
4178,20,37255,55,Female,Operations,11/11/2024,4
4179,,42580,95,Female,Finance,30/10/2021,5
4180,58,45092,86,Male,,20/4/2021,*
4181,*,53740,96,Female,Operations,4/10/2022, 
4182,30,36558,18, , ,1/5/2022,1
4183,61,24885,82,Female,Sales,24/5/2020,3
4184,29,36186,37,Male,IT,28/2/2020,2
4185,59,34270,2,Male,Marketing,28/3/2024,5
4186,42,38847,95,Female,Marketing,12/9/2022,2
4187,23,52485,42,Male,Operations,5/6/2021,
4188,31,32065,15,Male,Operations,18/1/2022,4
4189,43,33076,19,Female,Marketing,7/12/2022,2
4190,45,22660,61,Female,Sales,31/7/2024,5
4191,39,50525,4,Female,Finance,19/7/2020,
4192,59,37985,29,Male,Marketing,22/9/2024,-
4193,27,19979,,Male,IT,1/2/2020,4
4194,63,0,72,Female,IT,26/2/2024,2
4195,*,35466,66,Male, ,6/2/2022,1
4196,*,46011,46,Female,HR,23/11/2023,5
4197,22,51904,95,Female,,25/9/2022,5
4198,21, ,84,Male,Operations,23/11/2022,2
4199,28,48859,44,Female,Sales,28/9/2023,2
4200,38,,48,*,Finance,23/12/2021,
4201, ,35084,72,Male,-,25/3/2022,4
4202,20,26611,5,Female,IT,3/2/2020,NA
4203,51,49121,*,Male,Finance,7/9/2023,5
4204,47,16849,24,Male,IT,16/11/2021,2
4205,49,26040,62,*,Marketing,16/9/2022,5
4206,43,55962,30,Female,Sales,21/12/2021,1
4207,29,44834,80,Female,NA,7/9/2020,4
4208,31,64121,78,Female,Operations,4/7/2020,1
4209,64,35798,0,Female,Marketing,27/4/2021,-
4210,26,41211,6,Female,Finance,3/4/2021,3
4211,47,43060,31,Male,Sales,30/8/2024,5
4212,34,,1,Male,Operations,13/5/2023,4
4213,61,24243,70,,HR,6/1/2021,5
4214,63,*,72,Male,IT,31/5/2022,4
4215,40,49238,61,Male,IT,26/6/2021,NA
4216,64,42007,87,Female,*,30/7/2024,3
4217,35,58252,60,Female,Finance,12/3/2022,5
4218,NA,40267,57,Male,HR,3/9/2023,3
4219,*,37694,76,Male,NA,20/1/2024,2
4220,50,40625,3,Male,Sales,4/8/2023,1
4221,41,38826,81,Male,Finance,13/8/2021,4
4222,55,38263,52,*,Operations,1/7/2020,4
4223,43,62221,87,Male,Marketing,25/5/2023,5
4224,22,39139,94,Female,Sales,16/2/2021,1
4225,20,29267,88,Male,Operations,7/10/2022,2
4226,37,45025,51,Female,Marketing,21/10/2020,4
4227,53,61442,64,Female,IT,4/2/2020,4
4228,64,38960,0,Female,Marketing,24/11/2020,
4229,61,33654,33,Male,Operations,27/7/2023,4
4230,47,41208,50,Male,HR,17/3/2022,4
4231,NA,34073,71,-,Operations,28/8/2024,4
4232,44,53760,41,Female,IT,28/7/2020,3
4233,27,,85,Male,Sales,22/11/2021,1
4234,57,35970,53,Female,Operations,11/4/2024,2
4235,34,40612,70,Male,IT,23/9/2022,3
4236,57,42388,42,Male,IT,14/12/2022,1
4237,63,-,43,Female,-,8/8/2022,3
4238,42,37140,22,,Finance,2/3/2021,5
4239,41,37784, ,Male,,16/10/2020,1
4240,47,11916,75,Male,Finance,16/9/2021,5
4241,,42504,80,Female,IT,12/6/2023,1
4242,-,38737,25,Female,Finance,3/1/2023,4
4243,46,38054,41,Female,IT,10/1/2023,5
4244,NA,75145,50,Female,IT,7/9/2022,3
4245,60,32782,61,Male,-,25/6/2023,2
4246,59,NA,36,Male,Finance,18/2/2023,1
4247,41,39101,48,Female,Sales,22/5/2022,3
4248,28,42892,-,Female,Finance,5/9/2021,3
4249,34,36824,89,Male,Operations,29/2/2020,2
4250,47,29392,88,Male,Marketing,13/10/2023,*
4251,34,47034,57,Female,Marketing,18/10/2020,3
4252,25,46260,68,Female,HR,10/9/2024,1
4253,64,26489,58,Male,IT,3/5/2022,-
4254,64,46463,NA,Female,HR,11/9/2022,2
4255,20,51068,27,Female,Marketing,9/11/2020,1
4256,56,37788,*,NA,IT,8/8/2022,1
4257,31,22115,58,Female,Operations,13/10/2020,4
4258,56,0,82,Female,IT,23/3/2023,2
4259,61,NA,51,Female,Finance,27/3/2021,4
4260,19,45283,86,Male,Marketing,24/3/2022,1
4261,NA,32843,NA,Female,Marketing,6/8/2024,4
4262,49,35761,66,NA,IT,22/2/2023,4
4263,49,45454,29,Male,IT,25/6/2021,3
4264,50,29322,79,Male,IT,18/7/2021,4
4265,30,16925,54,Female,Operations,28/4/2021,NA
4266,*,48232,75,Male,IT,6/11/2023,2
4267,24,31993,15,Female, ,15/11/2023,2
4268,36,22557,77,NA,Finance,20/11/2024,2
4269,37,0,28,Male,Marketing,26/2/2020,5
4270,51,48410,71,Male,Operations,10/3/2021,5
4271,57,46818,19,Female,Finance,18/11/2024,
4272,63,57102,6,Female,Sales,18/8/2022,4
4273,52,26451,91,-,Marketing,7/10/2023,2
4274,37,37475,73,Female,Marketing,3/11/2020,2
4275,19,21678,0,Female,Marketing,2/2/2022,5
4276,38, ,80,Female,Sales,27/2/2021,NA
4277,45,32147,89,Male,Finance,10/9/2022,2
4278,38,30549,34,Male,Marketing,7/1/2023,5
4279,42,0,57,Female,Operations,2/1/2024, 
4280,62,0,65,Male,-,2/8/2023,5
4281,55,21073,18,Male,Sales,13/1/2024,
4282, ,17585,94,Female,Operations,13/6/2023,4
4283,25,48555,74,Female,Marketing,21/8/2023,2
4284,NA,9023, ,Female,Operations,2/6/2023,2
4285,42,27073,*,Male,Operations,18/2/2024,1
4286,34,26438,66,Female,*,17/6/2024,3
4287,42,47648,*,*,Finance,16/1/2021,1
4288,60,39027,18,Female,Finance,25/12/2021,4
4289,61,18161,92,-,Marketing,8/12/2020,1
4290,,26503,66,Male,Finance,19/12/2021,3
4291,37,*,76,Female,,23/7/2023,1
4292,42,48557,27,Female,IT,20/7/2024,4
4293,41, ,42,Female, ,11/2/2020,3
4294,19,12938,-,Male,IT,19/1/2023,5
4295, ,32025,41,Male,Finance,15/8/2023,1
4296,22,18246,22,Male,Sales,3/10/2024,4
4297,19,44741,52,Female,Marketing,11/1/2022,5
4298,18, ,78,Female,Operations,14/6/2020,1
4299,32,43243,47,Female,Sales,10/11/2021,*
4300, ,28049,70,Female,Finance,4/3/2020,1
4301,40,NA,83,Male,Sales,22/3/2021,-
4302,40,38626,52,Female,IT,20/2/2024,5
4303,22,20620,59,Female,Operations,5/4/2023,2
4304,-,40456,84,Female,Operations,9/3/2024,1
4305,21,37994,47,Male,IT,22/3/2020,4
4306,20,35671,36,Female,Marketing,5/5/2020,5
4307,*,39277,37,Male,Operations,1/2/2021,4
4308,*,19182,77,Female,Sales,20/7/2023,4
4309,37,NA,-,Male,Marketing,19/1/2022,
4310,25,*,43,Male,Finance,5/12/2022,3
4311,51,12649,73,Female,HR,24/9/2023,5
4312,26,38591,83,Female,Sales,12/9/2024,3
4313,22,42987,63,Female,Finance,14/10/2023,4
4314,,47919,NA,Female,IT,26/3/2020,NA
4315,64,48807,39,Female,HR,10/9/2024,4
4316,52,61403,11,Male,HR,1/9/2021,2
4317,53,9011,77,Female,HR,9/12/2023,4
4318,61,52275,0,Female,Finance,10/4/2024,3
4319,53,37418,38,Female,-,23/1/2022,2
4320,22,0,*,Female,IT,27/4/2022,1
4321,28,-6200,*,Female,Sales,7/12/2023,2
4322,40,-,79,Female,Operations,4/2/2023,1
4323,61,26784,11,Male,Marketing,27/4/2024,2
4324,39,36272,36,Female,Finance,17/12/2022,3
4325,50,46000,75,Male,Marketing,12/2/2020,3
4326,47,30166,*,Male,Sales,19/5/2021,
4327,54,34966,87,Male,Marketing,6/9/2021,3
4328,60,12569,74,Male,Sales,22/3/2023,3
4329,27,23435,18,,Marketing,13/7/2023,5
4330,54,32779,0, ,Finance,26/9/2020,1
4331,51,20217,34,Female,IT,20/6/2023,1
4332,*,-,31,Male,NA,16/1/2020,5
4333,39,21199,*,Male,HR,30/10/2021,2
4334,24,41518,-,Female,Operations,24/8/2024,4
4335,47,54290,23,Female,IT,21/6/2020,5
4336,27,24422,NA,Male,Finance,1/1/2020,4
4337,20,40919,42,Female,Operations,28/9/2021,4
4338,34,23717, ,Female,IT,30/6/2023,1
4339,53,11930,37,Male,Finance,18/10/2021,4
4340,27,44354, ,Female,HR,25/4/2022,4
4341,39,23292,-,Male,Operations,21/11/2020,1
4342,21,36000,53,Male,HR,13/6/2021,4
4343, ,31448,99,Female,Operations,9/1/2024,5
4344,22,50110,66,Male,Finance,27/6/2024,1
4345,-,48089,5,Female,HR,15/2/2020,4
4346,*,29905,0,Female,Finance,25/4/2023,1
4347,19,11568,29,Female,Operations,10/2/2021,2
4348,31,45983,51,-,Operations,21/2/2020,*
4349,19,34867, ,Female,IT,11/9/2023,1
4350,57,32453,61,Male,HR,7/8/2023,
4351,46,41751,25,Female,Marketing,11/7/2023,4
4352,NA,43033,28,Male,IT,18/4/2024,5
4353,33,50509,80,Female,Finance,5/4/2023,2
4354,45,34786,59,Female,Finance,5/2/2022,1
4355,45,21318,54,Male,Marketing,20/7/2024,1
4356,20,18383,NA,Male,Finance,1/7/2022,2
4357,52,41048,85,Female,Operations,27/8/2021,*
4358,45,38401,28,Male,Finance,24/5/2020,1
4359,58,39793,68,Male,IT,4/4/2020,5
4360,43,28985,37,Female,Marketing,19/7/2021,5
4361,43,22008,79,*,Marketing,13/7/2024,5
4362,38,31949,12,Male,*,18/10/2024,4
4363,38,34896,47,*,Finance,23/7/2024,4
4364,64,44452,59,Male,Finance,18/10/2023,2
4365,59,44464,0,Male,HR,4/10/2020,4
4366,62,33305,21,Male,IT,11/5/2024,3
4367,42,39896,58,Female,Finance,7/8/2023,4
4368,33,,67,Male,Sales,8/4/2022,3
4369,59,33395,43,Female,Marketing,9/7/2023,5
4370,25, ,82,Female,HR,24/10/2023,4
4371,50,39366,16,Female,Marketing,5/6/2023,1
4372,43,,13,-,HR,20/12/2020,5
4373,22,25520,42,Female,IT,7/9/2020,5
4374,41,30563,56,Male,Marketing,29/11/2021,4
4375,56,28618,6,Male,*,25/8/2024,1
4376,20,0,66,Female,Operations,17/2/2020,2
4377,40,35692,-,Female,HR,6/2/2021,2
4378,61,40492,35,Male,Marketing,31/5/2023,4
4379,60,22117,15,Female,Sales,14/4/2020,4
4380,58,NA,50,Male,HR,2/2/2023,1
4381,47,24772,19,Female,Finance,31/3/2022,1
4382,27,3798,75,Male,Finance,6/10/2024,5
4383,22,18651,50,Male,IT,25/4/2022,4
4384,26,NA, ,,Operations,1/2/2022,5
4385,57,31345,79,Male,,16/1/2023,5
4386,54,31096,-,Female,*,19/9/2021,5
4387,59,50196,62,Female,Sales,19/9/2023,2
4388,53,21865,76,Male,IT,27/8/2022,5
4389,42,56435,15,Female,IT,13/6/2023,2
4390,62,33050,49,Male,Sales,9/2/2024,1
4391,44,40154,73,Male,IT,31/10/2023,4
4392,26,0,16,Male,Operations,30/11/2024,*
4393,61,34111,7,Female,IT,20/11/2020,2
4394,45,13857,96,Female,Operations,27/10/2020,2
4395, ,30817,72,Female,Sales,7/12/2021,4
4396,55,44962,,Male,HR,3/3/2022,5
4397,62,25322,80,Female,Finance,20/5/2022,3
4398,23,44757,0,Male,Marketing,1/5/2023,4
4399,62,32072,0,Male,-,11/8/2022,NA
4400,39,41308,3,Male,HR,19/11/2023,3
4401,64,36718,26,Male,Finance,31/1/2022,2
4402,43,41767,83,Female,IT,17/10/2020,3
4403,63,33625,90,Female,Sales,14/1/2021,*
4404,25,38642,90,Female,Operations,31/10/2021,3
4405,44,28458,62,-,Operations,14/11/2022,2
4406,50,14611,1,*,Finance,14/8/2020,
4407,23,13314,34,Male,Marketing,5/2/2023,4
4408,56,25708,13,Female,HR,22/3/2020,5
4409,36,29338,82,Male,*,15/3/2024,2
4410,31,29818,32,Male,Sales,11/2/2023,4
4411,30,31466,76,Female,Finance,3/6/2021,5
4412,22,7821,34,Male,IT,28/2/2020,5
4413,59,16222,41,Male,Marketing,15/9/2023,4
4414,23,28426,32,Female,Operations,16/7/2024,4
4415,45,75144,85,Female,Marketing,1/8/2023, 
4416,40,34553,41,Female,-,5/9/2024,3
4417,40,41570,16,Male,IT,15/4/2020,-
4418,50,35571,92,Female,Sales,29/6/2024,5
4419,56,*,67,Female,Marketing,22/5/2023,2
4420,31,36808,0,Female,Operations,2/4/2024,2
4421,50,36264,21, ,IT,14/4/2021,5
4422,57,28581,81,Female,Marketing,21/6/2022,5
4423,61,52877,53,Female,Operations,26/10/2024,3
4424,62,29789,36,Female,Sales,14/10/2023,4
4425,54,15189,51,Female,IT,22/11/2020,1
4426,56,23084,52,Female,Finance,23/7/2020,3
4427,33,35809,79,Female,IT,4/10/2024,2
4428,51,*,15,Female,Sales,15/9/2022,4
4429,23,33127,NA,Male,IT,14/3/2022,1
4430,22,46050,8,Female,Finance,21/8/2021,4
4431,46,18572,53,Female,NA,17/6/2023,NA
4432,42,36033,23,Female,IT,17/2/2022,4
4433,43,19578,17,NA,Marketing,9/7/2022,5
4434,61,28665,-,Male,Marketing,9/7/2023,1
4435,54,14571,97,Male,Sales,27/4/2021,5
4436,26,24371, ,Male,Finance,8/11/2020,1
4437,25,NA,83,Male,IT,7/7/2020,5
4438,55,29292,54,Male,IT,15/10/2021,1
4439,39,29751,90,-,HR,19/8/2023,3
4440,57,44218,NA,Female,Sales,13/2/2022,3
4441,52,25250,68,Female,Operations,12/3/2022,2
4442,NA,21816,,Male,Finance,6/9/2024,*
4443,54,49615,0,Male,,19/4/2023,1
4444,41,,29,Male, ,4/9/2020,5
4445,38,19754,80,Female,IT,5/11/2024,5
4446,61,39830,85,Male,IT,22/5/2023,4
4447,24,27948,8,Male,Marketing,12/4/2022,4
4448,57,31171,68,Male,Marketing,16/8/2022,2
4449,25,*,99,Female,Marketing,13/2/2020,5
4450,19,40822,16,Female,Finance,14/11/2020,1
4451,37,64287,74,,Operations,1/3/2021,NA
4452,39,NA,69,Female,IT,25/2/2021,2
4453,48,24020,,Female,Sales,17/6/2021,4
4454,,43250,49,Male,IT,4/3/2021,5
4455,20,13955,21,Male,Finance,17/7/2021,4
4456,28,23730,65, ,Operations,12/2/2020,4
4457,60,28414,72,Female,IT,25/2/2020,3
4458,54,28678,78,Female,Marketing,15/10/2023,NA
4459,34,41890,19,NA, ,13/10/2023,4
4460,45,29197,96,Female,HR,24/8/2023,4
4461,62,42088,45,Male,Finance,6/12/2021,3
4462,60,46648,69,Female,Marketing,8/7/2024,2
4463,62,26785,*,Male,,15/12/2021,1
4464,46,25821,1,Male,HR,24/12/2020,3
4465,45,25371,6,Male,Finance,5/4/2020,4
4466,29,17933,61,NA,Operations,29/9/2022,*
4467,34,20656,54,Male,,12/4/2020,
4468,27,27504,9,Female,Operations,17/3/2024,2
4469,41,30372,95,Male,Marketing,24/4/2020,5
4470,24,,5,Female,Finance,15/1/2022,1
4471,36,18640,10,NA,Sales,7/11/2021,4
4472,63,25632,93,Female,Marketing,13/6/2020,1
4473,55,11409,52,Female, ,16/6/2022,2
4474,59,41316,77,Male,Finance,20/7/2023,1
4475,18,32640,75,Male,HR,25/6/2024,2
4476,39,32989,,*,NA,6/4/2022,3
4477,34,36669,79,Male,Marketing,13/5/2020,1
4478,54,2718,8,Female,HR,25/4/2021,4
4479,54,35745,39,Male,Marketing,9/6/2024,5
4480,43,25129,88,Male,Sales,7/11/2023,3
4481,62,26691,88,*,NA,1/6/2024,2
4482,,61596,0,Male,-,17/5/2024,1
4483,56,40277,NA,Female,Finance,10/10/2020,3
4484,*,37537,23,Male,*,3/3/2020,2
4485,25,38661,0,Female,IT,24/9/2022,5
4486,28,4085,78, ,Sales,7/10/2024,3
4487,51,34690,76,Female,Marketing,27/5/2021,3
4488,39,14208,8,Male,NA,11/6/2020,2
4489,35,0,-,Male,Finance,16/8/2021,3
4490,32,18202,66,Male,IT,4/1/2022,2
4491,35,44728,7,NA,Sales,8/9/2020,5
4492,64,23518,68,Male,,23/12/2023,2
4493,50,31440,21,Male,Sales,20/1/2021,-
4494,20,43778,NA,Female,Finance,7/7/2024,4
4495,32,24573,77,Male,HR,6/2/2020,1
4496,34,32751,79,Female,-,20/7/2020,1
4497, ,23040,66,Female,-,1/7/2020,1
4498,32,36071, ,Male,Marketing,4/8/2020,4
4499,35,32858,0,Female,Marketing,21/5/2021,NA
4500,*,50933,98,Female,NA,1/4/2020,3
4501,53,25968,18,Male,Marketing,30/4/2023,2
4502,37,40610,27,Male,Marketing,1/10/2022,
4503,59,36764,33,Male,Marketing,4/4/2024,3
4504,36,33067,NA,,Operations,4/1/2020,1
4505,61,27556,1,Female,Operations,9/4/2023,5
4506,26,32541,0,Female,Marketing,13/11/2023,5
4507,24,32429,96,Female,IT,14/6/2021,2
4508,45,55299,60,Male,Marketing,4/4/2021,1
4509,-,28166,64,Female,IT,6/12/2020,5
4510,-,29359,,Male,IT,17/12/2023,4
4511,63,19461,19,Male,Operations,23/12/2021,3
4512,59,26577,77,Male,Sales,3/6/2024,3
4513,64,42783,12,Female,Operations,6/6/2023,2
4514,63,36007,12,Male,HR,11/12/2022,NA
4515,42,40301,-,Female,Marketing,17/10/2020,5
4516,33,21001,7,*,IT,13/11/2022,2
4517,48,NA,7,Male,HR,7/7/2023,4
4518,56,0,NA,Male,Finance,22/4/2023,2
4519,42,47190,45,Female, ,14/2/2021,4
4520,25,47854,58,Male,,4/8/2023,4
4521,NA,49209,13,*,IT,4/5/2020,2
4522,NA,25772,38,-,Finance,3/3/2020,2
4523,30,,78,Female,Finance,19/2/2024,3
4524,38,57221,89,Male,IT,31/1/2023,2
4525,39,42973,49,Male,Operations,26/10/2022,1
4526,57,51930,2,Female,Operations,9/11/2022,4
4527,23,41708,87,Male,Marketing,27/12/2021,*
4528,62,24753,81,Female,Operations,14/9/2022,1
4529,63,48468,0,Male,Sales,26/12/2021,2
4530,64,43667,76,Female,Finance,26/4/2020,1
4531,38,45157,82,Male,Marketing,5/6/2020,5
4532,23,41270,19,Female,HR,1/11/2020, 
4533,58,33283,59,Male,Operations,22/7/2024,2
4534,60,13912,-,Male,HR,9/11/2023,3
4535,43,43151,51,Female,IT,13/11/2023,2
4536,22,47184,62,Male,Operations,5/9/2022,1
4537,56,20524,70,Female,Sales,23/2/2024,2
4538,50,26298,,Male,Marketing,16/6/2023,4
4539,57,33148,*,Female,Operations,18/10/2020,5
4540,37,44953,49,Male,Operations,9/12/2021,-
4541,52,36790,13, ,IT,9/1/2022,4
4542,62,15674,56,Male,Operations,5/5/2020,4
4543,46,36573,-,Male,Marketing,13/6/2023,3
4544,63,39522, ,Male,Operations,18/9/2020,
4545,21,37229,28,Female,Marketing,30/4/2021,1
4546,64,30165,0,Male,Marketing,8/1/2022,3
4547,64,-183,80,Female,Operations,8/5/2022,1
4548,56,26348,NA,Female,*,24/10/2022,4
4549,23,45452,53,Female,Sales,17/10/2020,2
4550,60,30755,1,Female,Operations,29/4/2024,2
4551,19,40001,66,Female,Finance,24/8/2022,5
4552,29,30312,21,Female,Operations,23/3/2023,2
4553,30,29859,29,Male,,13/6/2022,5
4554,40,63949,31,Male,Finance,20/8/2022,4
4555,42,61924,49,Male,HR,9/7/2020,1
4556,54,29033,NA,Female,NA,4/2/2020,5
4557,22,41724,35,Female,Operations,5/11/2022,3
4558,44,29779,36,Male,Finance,6/1/2023,4
4559,59,224201,48, ,IT,24/1/2024,4
4560,23,38751,42,Male,IT,27/1/2021,3
4561,41,43634,30,Female,,9/6/2023,1
4562,44,49313,81,Male,Finance,26/11/2022,4
4563,48,29424,37,Female,Marketing,30/1/2021,5
4564,63,27194,68,Female,Operations,22/2/2024,1
4565,39,26086,15,Male,Marketing,16/6/2023,1
4566,57,49294,86,Male,IT,16/1/2024,5
4567,36,23334,85,Male,Sales,10/8/2022,2
4568,57,24760,42,Male,Sales,13/4/2020,3
4569,20,55523,34,Female,Operations,3/3/2021,4
4570,20,36157,54,Female,IT,14/8/2021,5
4571,31,42342,62,Female,,26/11/2023,2
4572,39,35656,1,Male,Sales,24/6/2021,-
4573,23,28799,51,Male,-,9/8/2022,3
4574,40,41418,67,Female,Marketing,20/8/2021,1
4575,55,18204,10,-, ,19/12/2021,2
4576,52,36212,43,Female,Sales,27/3/2023,2
4577,27,33954,34,Male,Operations,31/12/2023,4
4578,58,37153,47, ,IT,9/5/2023,2
4579,36,29306,28,Female,Marketing,8/2/2024,3
4580,37,28559,98,Male,Finance,1/4/2024,3
4581,58,7906,55,Female,Finance,6/1/2022,1
4582,63,38911,2,Male,Operations,27/9/2023,2
4583,64,45512,47,Female, ,4/7/2024,3
4584,18,31861,40,Male,Marketing,17/3/2021,3
4585,47,36005, , ,HR,27/11/2023,*
4586,*,20938,71,Male,Finance,13/9/2021,3
4587,62,38286,83,Female, ,9/3/2021,3
4588,59,22371, ,NA,Operations,8/6/2021,2
4589,50,35213,31,NA,IT,22/9/2024,3
4590, ,22075,95,Female,Finance,11/9/2022,5
4591,NA,8022,84,Female,Sales,18/4/2021,5
4592,27,39747,49,Male,Operations,19/11/2023,3
4593,42,41886, ,Male,,18/7/2023,5
4594,56,58657,25,Female,Operations,5/6/2021,1
4595,39,11864,50,NA,Marketing,8/9/2022,4
4596,44,43480,76,*,Sales,21/9/2024,2
4597,47,21434,18,Male,IT,19/7/2020,4
4598,42,27028,48,Male,HR,28/3/2023,3
4599,28,30022,24,Male,Marketing,25/4/2024,5
4600,27,39212,34,Male,Sales,10/12/2023,2
4601,-,35081,93,Female,Marketing,11/6/2024,1
4602,37,42412,19,Male,IT,20/9/2024,3
4603,20,NA,,Female,Sales,21/12/2023,4
4604,37,36222,60,-,Marketing,26/6/2024,3
4605,25,41338,43,Female,HR,10/5/2024,5
4606,57,36879,53,Male,Marketing,9/10/2020,3
4607,52,44078,54,Female,Finance,1/8/2022,1
4608,53,35978,22,Male,Operations,2/6/2020,3
4609,25,NA,33,Female,HR,24/7/2023,4
4610,44,45700,32,Male,Finance,27/9/2023,2
4611,49,49674,82,Male,HR,27/6/2021,4
4612,23,39716,18,Male,Marketing,9/8/2022,4
4613, ,27254,22,Male,IT,13/6/2020,3
4614,57,12543,47,-,,15/6/2021,5
4615,21,-7118,31,Male,Marketing,11/7/2023,4
4616,35,30486,94,,Finance,23/7/2020,3
4617,48,37079,48,*,Finance,22/1/2024,3
4618,58,9481,7,Male,Marketing,1/4/2021,2
4619,39,16374, ,Male,Finance,21/3/2024,3
4620,55,45764,*,Female,Sales,12/1/2020,2
4621,53,31904,97,Female,Marketing,12/3/2023,1
4622,25,0,94,Female,Sales,24/1/2020,NA
4623,64,15741,82,Male,Marketing,13/8/2020,3
4624,18,44465,*,Male,Marketing,12/9/2021,4
4625,21,28384,60,Female,Marketing,20/3/2022,3
4626,50,38923,36,Male,HR,28/8/2024,5
4627,27,28886,55,Male,HR,26/11/2020,1
4628,47,22736,84,Female,Operations,9/3/2024,1
4629, ,29026,14,NA,Sales,16/3/2021,2
4630,30,38970,55,Female,IT,29/3/2021,1
4631,60,27278,23,Male,HR,20/8/2022,5
4632,49,27130,*,Male,Operations,14/11/2022,2
4633,42,47956,38,Male,Sales,11/5/2023,2
4634,64,44854,*,,Sales,20/7/2023,2
4635,19,39738,70,Male,Operations,3/6/2024,1
4636,58,29442,33,Male,IT,6/4/2020,3
4637,38,24710,26, ,IT,29/1/2024,3
4638,38,55114,66,-,IT,14/5/2021,-
4639, ,47724,48,Male,HR,7/7/2022,4
4640,22,41646, ,Male,IT,15/5/2024,2
4641,49,66274,74,Female,Marketing,15/1/2020,4
4642,*,22980,24,Female,Marketing,13/4/2022,3
4643, ,48837,70,Female,*,18/5/2023,3
4644,54,49623,79,Female,Sales,13/10/2024,5
4645,63,32878,75,Female,Operations,2/12/2024,2
4646,44,35561,74,Female,HR,5/1/2023,NA
4647,,50557,55,Female,Marketing,5/8/2022,3
4648,44,47762,61,,,20/3/2024,3
4649,40,31315,8,Male,IT,4/6/2022,4
4650,52,50877,65,Male,IT,30/3/2020,1
4651,,35684,0,Female,HR,4/4/2020,1
4652,57,49055,34,Female,HR,13/4/2021,4
4653,41,22950,25,-,HR,10/7/2021,1
4654,46,34170,31,Female,IT,27/12/2021,3
4655,,32021,51,Male,Finance,1/3/2024,1
4656,*,30137,45,Male,Sales,9/8/2020,2
4657,40,54996,47,Female,HR,14/9/2023,4
4658,30,45784,46,Male,HR,2/6/2024,4
4659,43, ,-,Male,Sales,12/4/2022,3
4660,19,40606,25,Female,Sales,12/7/2024,4
4661,25,37417,59,Female,HR,17/3/2024,2
4662,21,35361,65,Male,HR,3/10/2020,2
4663,26,18715,15,Female,HR,28/6/2021,4
4664,20,30646,-,Female,Sales,3/3/2023,4
4665,48,42864,28,Male,Finance,6/11/2022,1
4666,27,28715,36,-,,21/4/2024,5
4667, ,17254,35,Male,Marketing,6/5/2020,2
4668,23,51243,67,Male,Operations,9/7/2024,5
4669,57,15611,81,Male,Finance,7/4/2021,
4670,40,38010,14,Female,IT,4/9/2021,4
4671,52,41705,83,Male,HR,12/3/2020,3
4672,-,33356,10,Male,Finance,5/8/2020,4
4673,62,36448,16,Male,Sales,31/7/2024,NA
4674,29,38878,56,Male,Finance,1/8/2024,3
4675,48,30187,84,Female,Finance,16/9/2024,-
4676,53,39878,4,Female,Sales,28/8/2020,-
4677,*,38030,69,Male,IT,6/9/2023,5
4678,30,47053,92,Male,Finance,7/10/2022,3
4679,43,25763,48,Female,IT,31/1/2024,4
4680,19,44745,68,Male,HR,22/7/2021,1
4681,62,28189,74,Male, ,9/12/2021, 
4682,39,0,94,*,Finance,29/2/2020,2
4683,26,-682,18,Female,HR,1/9/2024,1
4684,*,0,54,Male,,7/12/2020,3
4685,58,35963,13,Female,Marketing,22/10/2020,1
4686,27,38431,5,Female,IT,2/6/2021,1
4687,39,-,72,Male,HR,12/4/2020,1
4688,35,0,88,Male,Operations,6/1/2024,5
4689,35,42881,58,Male,Sales,22/8/2020,3
4690,45,42998,96,Female,Sales,23/9/2023,4
4691,46,35864,NA,Female,Marketing,28/11/2021,1
4692,44,37818,61,Female,HR,26/2/2023,3
4693,28,44791,6,Female,Operations,28/12/2020,3
4694,21,23512,30,Male,Operations,8/7/2022,1
4695,54,16820,45,Female,Marketing,1/9/2021,5
4696,61,38448,37,NA,Operations,1/7/2021,3
4697,44,31589,43,Female,Sales,30/10/2022,3
4698,57,56158,0,Male,Operations,30/11/2020,3
4699,20,36949,30,Female,*,1/10/2020,2
4700,44,*,9,Female,Operations,17/7/2022,4
4701,40,51344,0,Male,Finance,10/2/2022,3
4702,19,30027,87,Male,Operations,20/3/2021,-
4703,-,46722,90,Male,Finance,4/8/2023,5
4704,20,44782,33,Male,Sales,18/6/2024,4
4705,57,36219,0,Female,HR,17/6/2024,4
4706,47,23454,69,Female,HR,10/8/2021,5
4707,30,55829,28,Female,HR,2/4/2020,1
4708,25,30006,84,Male,Marketing,10/7/2023, 
4709,36,42345,0,Male,IT,23/4/2021,3
4710,62,48987,47,Female,Marketing,17/5/2021,1
4711,42,28816,44,Female,Operations,22/11/2024,2
4712,25,37615,13,-,IT,8/2/2021,2
4713,NA,20178,73,Male,NA,27/10/2022,3
4714,NA,37121,0,Male,Marketing,24/7/2022,4
4715,62,31499,81,Female,Sales,22/8/2023,3
4716,46,51308,46,Female,*,15/11/2022,3
4717,50,NA,87,Female,HR,23/1/2020,3
4718,43,37712,83,Female,Sales,2/8/2022,1
4719,NA,49960,0,Male,Marketing,17/8/2024,5
4720,39,34094,4,Male,Marketing,27/9/2024,1
4721,22,51079,39,Female,Finance,18/6/2020,5
4722,52,50220,79,Female,Operations,18/2/2023,4
4723,,36714, ,Female,Sales,1/1/2022,4
4724,53,36304,71,-,Marketing,20/10/2024,
4725,44,26727,33,,Marketing,18/9/2023,1
4726,*,44776,93,Female,Finance,8/2/2020,4
4727,28,49104,3,Female,Sales,25/9/2021,4
4728,*,51812,23,Female,Finance,16/6/2023,3
4729,19,27549,0,Male, ,4/3/2022,4
4730,28,NA,78,Male,HR,5/7/2024,1
4731,26,8287,9,Male,Sales,5/12/2022,3
4732,19,36997,52,Female,Marketing,22/11/2024,2
4733,53,62115,13,Male,Marketing,28/2/2023,*
4734,21,30944,67,Male,Sales,12/12/2022,NA
4735,32,49430,14,Female,HR,4/1/2024,5
4736,35,59948,79,Female,HR,8/10/2020,2
4737,44,30658,63,Male,Finance,15/10/2024,1
4738,47,58589,16,Female,IT,26/8/2024,1
4739,60,20389,45,Male,Operations,12/4/2022,3
4740,25,17314,0,Male,IT,23/5/2024,5
4741,36,29523,87,Male,HR,31/7/2023,3
4742,37,18208,30,Female,HR,19/1/2022,1
4743,61,NA,45,Female,-,30/8/2022,3
4744,48,16756,32,Male,Finance,3/8/2020,2
4745,46,0,88,Male,IT,29/3/2020,3
4746,35,,38,Male,Finance,6/7/2022,2
4747,59,21715,35,Female,IT,3/1/2020,5
4748,38,38014,29,Female,Operations,7/3/2021,1
4749,50,25566,-,Male,IT,12/1/2021,3
4750,27,48920,16,Female,IT,16/8/2022,2
4751,30,39546,14,Male,IT,23/12/2023,NA
4752,31,53672,53, ,HR,24/10/2024,2
4753,-,-,31,Female,Marketing,8/10/2020,4
4754,35,29513,13,Male,IT,28/8/2024,4
4755,50,0,94,Female, ,31/1/2023,1
4756,29,0,0,Male, ,21/11/2020,5
4757,51,17162,18,Male,Sales,15/11/2024,3
4758,26,-,16,Male,IT,7/3/2021,4
4759,48,39365,60,Male,Operations,9/6/2023,3
4760,49,50722,62, ,Marketing,2/9/2022,4
4761,19,23620,24,Male,IT,13/3/2021,4
4762, ,30647,23,Female,Sales,15/7/2021,3
4763,60,19173,21,Male,Finance,19/11/2020,1
4764,19,31658,20,Male,Operations,11/10/2022,1
4765,46,19618,8,Female,NA,17/8/2024,5
4766,35,24396,50,Female,Operations,26/3/2020,1
4767,42,40005,20,NA,Marketing,16/10/2024,3
4768,56,15883,90,Female,IT,22/3/2024,3
4769,47,24038,24,Female,Sales,10/9/2021,5
4770,63,18219,94,Female,Sales,11/10/2024,1
4771,43,41618,18,,IT,19/7/2022,3
4772,34,,24,Male,HR,23/6/2023,4
4773,24,30810,20,Female,Finance,26/9/2021,2
4774,48,43275,43,Female,Marketing,11/11/2021,4
4775,28,49291,77,,Marketing,22/3/2022,4
4776,50,47703,81,Male,IT,7/12/2023,3
4777,32,37230,62,Female,Sales,25/6/2020,5
4778,,31409,96,Male,IT,1/3/2024,4
4779,51,11177,18,Female,Sales,2/8/2024,3
4780,61,49085,67,Female,Marketing,4/3/2024,2
4781,51,59956,34,Female,Marketing,7/2/2020,2
4782,33,24713,13,Female,HR,29/12/2020,1
4783,45,27122,35,Female,IT,3/1/2023,1
4784,47,34122,77,Male,Marketing,18/8/2020,1
4785,,41920,74,Female,Sales,30/9/2024,2
4786,56,2181,22,Female,*,27/5/2021,5
4787,18,41388,21, ,,2/9/2023,1
4788,38,28499,27,Male,Marketing,16/6/2022,3
4789,19,31287,10,Male,Operations,9/6/2024,2
4790,59,39981,19,Female,-,6/2/2024,2
4791,60,42086,32,Female,IT,10/5/2020,4
4792, ,42949,74,Female,Operations,21/10/2022,3
4793,29,,40,*,HR,24/12/2023,5
4794,58,45585,15, ,Finance,20/2/2023,3
4795,30,42384,71,Male,-,17/10/2021,1
4796,55,45929,0,Male,IT,6/7/2024,5
4797,62,20269,26,Male,IT,27/7/2022,1
4798,31,50686,100,Male,IT,17/1/2020,2
4799,27,0,71,Female,Sales,26/5/2022,3
4800,56,61796,0,Male,Operations,11/3/2024,3
4801,48,26382,24,Male,HR,1/4/2022,3
4802,31,43141,87,Male,Operations,9/3/2021,5
4803,19, ,99,Female,Sales,27/8/2022,4
4804,59,30484,72,Female,Operations,6/9/2022,3
4805,54,36686,92,Male,Finance,6/6/2020,5
4806,28,NA,37,Male,IT,4/9/2021,4
4807,54,21714,,*, ,20/6/2024,
4808,49,17599,71,Male,IT,20/7/2020,4
4809,37,32215,45,Female,Finance,30/6/2024, 
4810,29,39926,27,Male,Finance,12/7/2023,
4811,NA,19791,38,Male,HR,2/10/2021,5
4812,23,0,92,Male,Operations,15/4/2024,4
4813,63,40036,84,Female,Finance,14/6/2024,4
4814,55,43222,11,Male,*,1/2/2022,3
4815,53,,57,Male,Marketing,28/3/2022,NA
4816,-,-,71,Female,HR,12/10/2020,3
4817,49,38324,80,Male,Finance,17/6/2021,1
4818,60,35333,19,Male,Marketing,19/12/2022,4
4819,50,31056,63,Female,Marketing,21/12/2020,4
4820,53,52527,53,Female,HR,28/6/2024,3
4821,45,34720,18,Male,Sales,13/10/2021,4
4822,31,8118,50,Female,Operations,18/3/2023,4
4823,21,NA,72,Male,IT,11/10/2020,4
4824,29,52431,71,Male,Sales,8/9/2022,2
4825,35,*,94,Female,HR,12/10/2020,5
4826,27,34323,79,Female,HR,24/4/2024,5
4827,29,27723,NA,Female, ,20/6/2020,NA
4828,61,38692,0,,IT,27/4/2024,4
4829,19, ,*,Male,Marketing,3/1/2024,3
4830,*,20495,65,Male,-,26/6/2022,4
4831,27,39359,90,Male,IT,9/3/2022,1
4832,61,24677,11,Female,Sales,17/7/2024,2
4833,47,33981,18,Female,Operations,16/8/2022,1
4834,34,18673,26,Male,NA,15/12/2023,2
4835,39,38335,70,Male,Marketing,2/10/2023,2
4836,54,20338,23,Female,HR,27/5/2024,5
4837,29,12195,35,Male,Marketing,14/5/2021,2
4838,50,32315,24,Female,Marketing,13/9/2024,3
4839,49,31784,9,Male,Operations,12/8/2024,3
4840,33,41201,9,Female,Marketing,15/8/2021,5
4841,*,43482,39,Female,Operations,27/4/2022,-
4842,43,31619,30,Female,HR,10/6/2020,4
4843,32,32206,56,Female,-,31/7/2022,5
4844,48,250681,59,Male,Operations,6/8/2020,4
4845,54,21852,5,Female,HR,7/12/2021,4
4846,NA,-,64,Female,Operations,1/4/2020,2
4847,38,34445,36,Female,Marketing,4/6/2023,5
4848,56,0,94,Male,Marketing,14/10/2020,2
4849,53,-,52,*,HR,28/1/2020,2
4850,41,17684,70,Male,HR,21/7/2024,1
4851,24,11345,82,NA,Marketing,12/5/2020,3
4852,41,30637,55,Male,Sales,19/4/2022,1
4853,37,0,12,Male,Sales,22/9/2021,4
4854,61,7261,39,Male,IT,20/1/2021,5
4855,-,45116,30,, ,5/7/2023,3
4856,22,38059,0,Male,Sales,26/10/2022,2
4857,33,37735,88,Female,Operations,7/12/2021,1
4858,37,34897,19,Male,IT,12/12/2023,3
4859,41,45095,72,Male,IT,7/5/2022,5
4860,61,21444,,Female,Marketing,11/3/2021,3
4861,*,25422,74,Female,Sales,10/12/2023,3
4862,22,13187,94,Male,Operations,14/2/2022,*
4863,26,34092,27,Male,IT,31/3/2023,4
4864,36,-,50,Female,Sales,24/6/2020,4
4865,52,54754,-,Female,Sales,11/3/2020,3
4866,61,31194,68,NA,IT,10/10/2022,*
4867,,22653,5,-,Operations,2/8/2020,3
4868,45,39899,95,Male,Finance,24/5/2022,
4869,41,22479,42,Female,Finance,18/11/2023,2
4870,50,28223,91,Male,IT,29/5/2023,5
4871,37,27645,7,Male,Finance,8/12/2023,1
4872,44,,73,Female,HR,13/5/2022,5
4873,38,44728,69,,Sales,5/6/2020, 
4874,42,-,43,Male,Finance,3/7/2022,4
4875,56, ,67,Female,Sales,9/1/2022,4
4876, ,46294,0,Female,Finance,12/12/2023,4
4877,58,31749,55,Male,Marketing,12/7/2021,*
4878,44,0,41,NA,Finance,2/2/2024,4
4879,27,41504,27,Female,Finance,6/3/2023,2
4880,18,16025,23,Male,HR,16/3/2024,5
4881,64,0,79,Female,-,24/6/2022,-
4882,35,26361,19,Female,*,25/8/2024,2
4883,21,3783,11,Male,Operations,9/6/2020,2
4884,36,,85,Female,Finance,24/11/2022,2
4885,*,51065,52,Female,Finance,30/9/2021,2
4886,33,15265,18,Male,Sales,17/8/2022,3
4887,59,28071,71, ,HR,27/4/2022,1
4888,23,32050,67,Male,Finance,24/2/2024,2
4889,21,34236,26,Female,Operations,23/10/2023, 
4890,55,32309,29,Male,IT,3/2/2021,1
4891,19, ,19,Female,Operations,21/3/2023,2
4892,NA,52635,0,Male,Sales,3/12/2024,4
4893,21,32293,0,Female,Sales,22/11/2022,2
4894,30,44628,82,Male,NA,10/9/2021,5
4895,58,43415,68,Female,HR,20/2/2021,5
4896,33,30867,66,Female,Marketing,15/4/2020,2
4897,34,38309,60,Female,Marketing,15/1/2021,5
4898,NA,44750,94,Male,Sales,6/11/2022,2
4899,45,32211,27,Male,HR,5/8/2022,4
4900,64,39925,0,Male,Sales,18/3/2022,4
4901,51,-,42,Female,Marketing,18/5/2020,2
4902,39,27485,94,Female, ,25/11/2023,5
4903,43,31656,75,Male,IT,24/6/2024,1
4904,61,21529,65,Female,Marketing,13/3/2024,4
4905,52,19615,0,Male,Finance,23/7/2024,3
4906,41,38782,*,Female,HR,12/4/2023,5
4907,63,23880,52,Female,IT,26/11/2021,5
4908,-,55205, ,Female,IT,7/7/2020,3
4909, ,39292,25,Male,Marketing,10/7/2024,5
4910,32,33334,12,Male,Operations,8/7/2021,4
4911,29,39790,75,Female,Operations,31/12/2020,4
4912,49,23474,54,Male,Sales,11/8/2022,-
4913,43,NA,53,Female,IT,11/9/2022,4
4914,23,33837,96,Male,HR,21/8/2021,2
4915,39,14668,63,Male,NA,3/2/2023,3
4916,36,38960,67,Male,HR,10/4/2024,4
4917,30,24031,16,Male,HR,3/5/2021,4
4918,47,50245,75,Female,IT,29/1/2020,5
4919,60,36842,,Male,HR,5/7/2024,5
4920,40,0,60,Female,HR,3/11/2020, 
4921,38,32385,12,Male,IT,11/8/2023,4
4922,*,15781,,Male, ,11/2/2024,4
4923,23,17321,0,Male,Operations,27/11/2024,2
4924,42,41478,41,Male,Operations,24/10/2020,1
4925,35,12559,39,Female,Marketing,28/4/2020,5
4926,51,32584,86,Male,IT,29/8/2024,5
4927,NA, ,66,Male,,2/2/2024,1
4928,62,41309,70,Female,Operations,22/1/2024,2
4929,40,13037,76,Male,Finance,4/8/2022,3
4930,18,46384,29,Male,HR,6/11/2020,5
4931,48,27351,43,Female,HR,18/4/2024,2
4932,18,35407, ,Female,Sales,25/8/2024,5
4933,24,19745,2,Female,IT,20/9/2021,3
4934,54,43394,16,Male,HR,22/5/2021,5
4935,54,33394,93,Male,HR,24/1/2023,4
4936,60,28915,46,Male,Finance,16/12/2021,3
4937,47,31187,9,Female,Operations,24/7/2023,2
4938,52,37523,66,Female,IT,14/1/2024,4
4939,21,39684,62,Male,IT,15/10/2021,4
4940,-,27189,18,Male,Sales,17/2/2024,
4941,34,58383,56,Female,IT,1/2/2023,1
4942,41,33027,85,Male,HR,24/10/2023,3
4943,18,31051,90,Male,Sales,6/2/2022,2
4944,27,43660,82,Female,Marketing,26/11/2021,3
4945,28,33300,12,Male,Operations,27/8/2023,3
4946,62,-,46,Female,Operations,11/12/2020,1
4947,55,44452,55,Male,IT,9/10/2022,2
4948,56,30846,23,Female,Finance,16/8/2023,1
4949,49,20453,41,Female, ,25/9/2021,1
4950,20,22839,2,Male,Marketing,18/12/2022,2
4951,-,28624,51,Female,Finance,17/2/2021,2
4952,*,60744,49,Female,NA,14/8/2021, 
4953,31,31414, ,Female,Operations,18/6/2021,5
4954,59,NA,34,Male,Finance,30/9/2023,1
4955,45,21154,15,Female,Finance,9/7/2022,4
4956,24,27616,0,Male,*,22/11/2021,4
4957,50,61359,49,Male,Sales,9/12/2023,2
4958,39,56572,23,Female,IT,2/5/2021,4
4959,62,46624,94,Female,Operations,7/9/2024,2
4960,NA,38685,61,Male,HR,20/11/2023,2
4961,45,32995,55,Male,Marketing,16/5/2023,4
4962,*,27785,5,NA,HR,6/7/2021,3
4963,44,-,21,Male,NA,3/8/2024,3
4964,34,31525,27,Female,Marketing,21/10/2024,5
4965,25,38688,,NA,Marketing,10/6/2023,4
4966,56,21421,30,Female,Finance,21/7/2020,4
4967,51,30425,20,Female,IT,3/3/2022,2
4968,41,,,Male,Sales,2/12/2020,4
4969,40,28979,81,Male,HR,6/3/2020,4
4970,46,36519,19, ,HR,28/8/2024,4
4971,38,*,43,-,HR,21/9/2022,3
4972,34,NA,25,Male,Operations,7/8/2023,2
4973,18,26589,81,Male,Sales,4/12/2024,5
4974,19,42220,9,Male,Sales,30/7/2021,4
4975,50,47410,65,Male,Marketing,26/11/2023,-
4976,36,28975,3,Female,Operations,9/5/2022,4
4977,37,34876,18,Female,,1/8/2024,-
4978,24,42797,56,Female,Sales,9/8/2021,2
4979,63,14072,19,Female,HR,4/11/2023,-
4980,47,35025,26,Female,Operations,19/1/2022, 
4981,41,39755,4,Female,Sales,2/7/2020,1
4982,-,50279,NA,Male,IT,1/4/2022,5
4983,38,35513,4,*,IT,6/3/2022,5
4984,51,22065,17,Male,IT,30/12/2020,5
4985,63,37799,99,Male,Sales,21/7/2020,5
4986,40,32199,77,Female,HR,18/11/2023,4
4987,37,39351,67,Female,IT,27/7/2023,3
4988,23,51392, ,Male,NA,8/11/2020,2
4989,25,38495,80,Female,Marketing,10/12/2020,4
4990,56,53068, ,Female,HR,24/7/2021,4
4991, ,*,53,Female,Sales,24/2/2020,4
4992,64,28002,20,Female,HR,6/2/2023,
4993,25,50191,94,Male,IT,6/4/2020,-
4994,28,44483,70,Female,Finance,28/2/2024,5
4995,48,34220,63,Male,Operations,16/9/2022,2
4996,-,33579,75,Female,HR,16/12/2023,4
4997,43,-,98,Male,Operations,16/10/2023,2
4998,32,17896,0,Male,HR,3/10/2024,5
4999,18,46293,0,Male,Marketing,19/4/2022,-
5000,31,24119,28,Male,HR,29/8/2023,5
5001,64,22447,0,Female,Marketing,25/12/2020,3
5002,49,13285,25,Female,Marketing,11/9/2021,2
5003,42,46364,95,Male,Sales,20/5/2022,5
5004,55,39048,32,Female,Sales,9/11/2023,3
5005,55,44654,28,-,IT,19/4/2022,3
5006,61,68346,100,NA,HR,3/2/2023,3
5007,59,22979,*,Female,HR,15/6/2020,1
5008,40,0,54,Male,IT,1/12/2021,4
5009,28,14596,79,Female,IT,5/11/2023,1
5010,46,6753,96,Male,IT,29/2/2020,1
5011,25,31292,60,Male,Sales,21/7/2024,1
5012,40,34357,46,Female,Finance,18/12/2023,5
5013,29,,87,,HR,20/11/2021,1
5014,23,51197,92,Male,Sales,30/11/2020,3
5015,24,37454, ,Female,Finance,25/3/2020,1
5016,49,,44,*,Operations,21/11/2021,1
5017, ,-,,Male,HR,20/5/2024,2
5018,57,43457,0,Male,HR,14/1/2022,4
5019,52,42266,80,NA,Finance,1/10/2022,1
5020,33,40554,72,Female,Operations,31/12/2023,3
5021,-,29083,2,Male,Finance,3/3/2023,1
5022,26,19755,52,Male,Finance,9/1/2021,5
5023,29,32948,20,Male,Marketing,4/6/2023,2
5024,54,,29,Male,IT,23/5/2020,4
5025,31,49624,18,Male,Finance,18/4/2023,5
5026,41,44193,50,Female, ,8/12/2020,3
5027,23,39364,73,Male,Operations,28/11/2021,3
5028,35,15893,88,Male,Sales,6/2/2024,1
5029,37,36018,5,Male,Sales,16/9/2024,5
5030,46,20238,86,Female,Marketing,31/1/2024,2
5031,51,43007,76,*,HR,29/3/2024,2
5032,29,39926,100,Male,HR,9/1/2021,2
5033,19,30951,10,Female,Marketing,3/5/2024,4
5034,29,38234,76,Female,Sales,5/12/2022,2
5035,36,14442,84,Female,Operations,2/10/2021, 
5036,*,29935,62,Female,Operations,9/4/2024,3
5037,44,29589,69,Female,HR,18/8/2022,2
5038,37, ,93,Male,Marketing,5/11/2021,4
5039,52,25271,0,Female,Operations,2/10/2022,*
5040,35,65050,7,Female,Operations,22/3/2022,
5041,56,30795,69,Female,IT,22/11/2021,1
5042,34,57191,5,Female,Finance,22/11/2024,3
5043,42,35092,64,Male,HR,3/5/2022,4
5044,37,54914,20,Female,Finance,29/6/2023,5
5045,41,*,48,Male,Sales,30/10/2021,2
5046,43,31835,11,Male,Operations,28/6/2020,3
5047,61,12486, ,Female,Operations,17/4/2021,4
5048,56, ,0,Male,Sales,21/3/2020,2
5049,42,25726,83,Female,IT,15/10/2020,NA
5050,24,0,95,Male,Marketing,2/1/2023,2
5051,34,-,90,Female, ,11/5/2022,4
5052,,15900,34,-,IT,16/8/2023,2
5053,55,35861,6,Female,Sales,29/3/2023,2
5054,,53026,75,Female,HR,19/12/2021,1
5055,37,61211,38,Male,Sales,21/11/2023,3
5056,51,46793,6,Female,Operations,5/3/2023,3
5057,55,42797,71,Female,Finance,23/9/2024,3
5058,-,,97,Female,Marketing,5/5/2020,4
5059,47,44102,49,Female,Operations,25/9/2022,3
5060,-,30251,85,Male,HR,15/4/2020,*
5061,32,42832,40,Male,HR,16/5/2024,3
5062,*,41182,99,Male,IT,30/10/2022,*
5063,20,26614,0,Male,IT,4/8/2021,NA
5064,28,39957,13,Female,Sales,31/1/2024,2
5065,52,185111,100,Female,Marketing,6/8/2023,4
5066,*,48990,0,Female,Operations,23/10/2021,2
5067,35,*,38,Male,HR,10/6/2022,
5068,62,39984,16,Male,Marketing,23/5/2023,3
5069,56,NA,75,Female,IT,27/9/2022,2
5070,36,41657,34,Male,Operations,26/1/2024,*
5071,NA,0,83,Female,HR,8/3/2024,5
5072,57,49071,41,Female,-,19/2/2021,2
5073,34,36665,NA,Female,Marketing,16/2/2022,3
5074,64,20339,*,,HR,27/3/2021,
5075,*,46651,20,Male,IT,31/5/2022,3
5076,52,12364,85,Female,Finance,21/8/2022,2
5077,42,37185,0,-,IT,15/9/2024,2
5078,26,49004,98,Male,Marketing,4/2/2022,3
5079,31,33043,91,Male,Sales,1/4/2023,5
5080,32,24689,59,Male,Operations,19/2/2021,5
5081,36,50839,85,Female,Operations,9/7/2024,3
5082,58,25244,72,Male,IT,20/8/2021,2
5083,64,-,9,Female,HR,4/11/2021,3
5084,41,34568,71,Male,Finance,4/6/2024,-
5085,60,25386,56, ,IT,20/4/2022,1
5086,49,45559,44,Female,Sales,19/4/2022,3
5087,33,35500,35,Female,HR,8/2/2021,3
5088,28,12768,21,Male,Operations,5/10/2024,5
5089,28,45023,42,Female,Marketing,8/10/2020,2
5090,,38342,87,NA,Marketing,26/11/2023,NA
5091,57,43553,66,Female,Marketing,12/3/2020,2
5092,60,36904,52,Female,IT,27/3/2024,5
5093,37,45264,0,Male,HR,18/1/2021,3
5094,56,30331,16,Female,Finance,29/9/2020,2
5095,20,25841,42,Male,HR,23/6/2022,5
5096,55,28353,46,Male,Finance,13/7/2022,3
5097,35,40812,,Female,*,28/2/2022,2
5098,57,41312,26,Male,Finance,25/10/2022,5
5099,41,41547,15,NA,-,1/6/2023,3
5100,37,56485,23,Male,Operations,14/3/2023,1
5101,31,16870,89,Male,Sales,2/10/2021,5
5102,38,37849,18,Male,IT,17/2/2021,4
5103,38,30547,-,Female,Finance,23/3/2020,4
5104,28,28386,49,Male,Operations,17/5/2023,-
5105,62,219138,2,Female,Operations,12/11/2020,4
5106,52,34838,80,Male,Operations,15/5/2022, 
5107,63,38937,42,Female,Finance,20/10/2024,1
5108,53,24357,86,Male,Operations,15/1/2020,4
5109, ,11928,52,Male,Operations,12/2/2024,2
5110,26,31866,50,Male,IT,17/5/2021,3
5111,NA,NA,81,Female,Sales,29/9/2022,4
5112,36,38355,58,Female,Marketing,30/1/2022,*
5113,,40547,27,Female,Finance,1/11/2021,*
5114,26,32430,-,-,Operations,24/2/2021,-
5115,36,NA,51,Male,Operations,18/6/2022,1
5116,34,58692,14,Female,Finance,16/1/2021,NA
5117,62,23495,59,Female,Operations,1/5/2020,5
5118,35,63505,53,Female,Sales,1/10/2023,1
5119,54,63707,89,Male,Marketing,27/9/2022,*
5120,36,-,19,Female, ,14/6/2023,1
5121,54,51489,8,Male,*,1/1/2021,4
5122,44,15355,7,Male,HR,17/7/2021,4
5123,61,0,60, ,Sales,18/5/2023,4
5124,39,42386,22,Male,Sales,23/8/2023,5
5125,36,29688,58,Male,Sales,26/10/2021,2
5126,25,36174,62,Male,Marketing,2/2/2024,4
5127,27,16040,55,Female,Sales,25/4/2022,1
5128,59,30169,74,*,Marketing,3/3/2020,3
5129,43,3161,-,Male,Finance,28/11/2022,5
5130,,30107,8,Female,Sales,21/7/2024,2
5131,26,NA,22,Male,Sales,21/8/2024,3
5132,22,,NA,Female,,2/4/2024,3
5133,24,38025,98,Male,Marketing,27/12/2021,5
5134,54,54423,9,Female,Marketing,24/2/2021,NA
5135,64,13551,92,Female,Sales,22/10/2020,5
5136,40,NA,78,Male,Marketing,4/12/2024,5
5137,55,37677,48,Male,Marketing,14/3/2021,1
5138,45,31314,6,Female,Marketing,15/5/2024,1
5139,52,NA,37,Male,Marketing,12/3/2020,NA
5140,49,52249,3,*,*,16/8/2023,5
5141,27,37565,4,Female,Operations,31/10/2023,4
5142,31,35659,78,Female,IT,21/4/2020,3
5143,18,0,3, ,Operations,2/4/2023,2
5144,64,45119,72,Female,Operations,7/5/2022,4
5145,28,48466,26,-,Sales,4/5/2021,3
5146,21,49355,26,Male,HR,12/5/2021,5
5147,54,46115,70,Female,Finance,8/11/2022,2
5148,23,37669,83,Female,Sales,24/2/2020,5
5149,45,25682,53,Male,Finance,25/9/2021,2
5150,34,34370,48,Male,Finance,24/3/2024,*
5151,38,40601,83,Male,Sales,11/5/2023,1
5152,59,41172,8,Male,Finance,17/4/2023,1
5153,23,48357,-,Female,-,23/9/2021,NA
5154,38,15531,40,Male,Marketing,5/11/2022,5
5155,39,51696,78,Female,Operations,10/6/2022,-
5156,27,23503,27,Female,IT,24/6/2022,5
5157,58,71003,53,Female,Finance,30/10/2024,2
5158,21,45733,88,Female,Operations,20/11/2024,4
5159,34,56119,73,Female,IT,4/9/2024,4
5160,37,15444,43,Male,Operations,18/11/2021,3
5161,32,32485,61,Male,Marketing,21/12/2023,5
5162,43,28660,59, ,Finance,13/3/2023,5
5163,*,36597,11,Female,IT,17/8/2024,2
5164,39,0,24,Female,Finance,10/5/2021,2
5165,56,11024,64,Male,Operations,18/7/2021,4
5166,24,18145,38,Female,HR,23/4/2022,5
5167,58,50252,95,Female,Sales,26/6/2020,2
5168,-,30071,80,Female,Finance,15/2/2024,5
5169,59,10210,NA,Male,-,11/6/2022,5
5170,40,29860,29,Male,Finance,15/6/2022,1
5171,20,*,98,Female,IT,29/6/2022,1
5172,22,22170,27,Female,HR,8/10/2022,-
5173,26,20699,14,Male,Finance,29/3/2023,3
5174,32,28800,90,Male,Operations,6/10/2022, 
5175,43,39303,0,Male,IT,5/11/2021,5
5176,31,50274,9,*, ,7/1/2024,4
5177,59,14443,,Female,Operations,20/7/2021,3
5178,50,57568,91,-,Sales,27/9/2024,5
5179,43,35693,78,Female,Finance,25/10/2024,4
5180,20,30928,12,Male,IT,6/4/2021,2
5181,37,24422,0,Male,Marketing,17/12/2020, 
5182,36,,15,Female,Marketing,8/10/2021,4
5183,56,55011,67,Male,IT,6/3/2023,2
5184,22,16469,20,Female,Sales,12/3/2022,2
5185,48,39150,5,Male,IT,14/7/2023,*
5186,37,37075,28,Female,Sales,6/11/2024,1
5187,62,30557,65,Female,IT,8/6/2023,3
5188,54,26952,59,Female,Operations,5/8/2024,2
5189,61,24116,27,Male,Sales,5/8/2023,NA
5190,38,47598,19,Female,*,10/6/2023,1
5191,34,0,67,Male,-,18/4/2020,4
5192,26,25052,NA,Male,*,20/4/2021,4
5193,36,49158,13,Female,Finance,2/11/2023,3
5194,-,36786,23,Male,IT,2/6/2021,-
5195,62,43437,12,Male,Operations,6/9/2023,3
5196,62,31335,54,Male,Sales,9/4/2022,3
5197,35,41359,76,Female,Sales,16/5/2021,2
5198,48,33656,7,Male,Finance,24/3/2023,4
5199,33,31966,86,Male,HR,26/6/2022,1
5200, ,68580,95,Male,Operations,9/8/2024,4
5201,42,40083,19,Female,Finance,18/5/2024,1
5202,41, ,56, ,Marketing,26/8/2021,1
5203,33,46052,,Female,Marketing,21/1/2023,3
5204,59,25838,9,Male,Operations,13/3/2022,3
5205,43,45599,0,Female,HR,3/1/2021,2
5206,50,20905,85,Male,HR,17/12/2023,3
5207,55,59483,20,Male,Finance,24/11/2024,2
5208,41,0,49,Female,Operations,11/8/2022,3
5209,,,41,Female,Marketing,19/4/2021,1
5210,41,35107, ,Male,Marketing,11/10/2023,3
5211,47,45152,90,Female,Finance,19/9/2024,4
5212,25,50536,100,Male,Sales,31/12/2022,1
5213,35,18134,23,Female,IT,11/5/2023,5
5214,22,32802,32,Female,HR,4/6/2024,1
5215,64,39816,64,Female,Finance,15/8/2023,3
5216,27,28365,65,Female,NA,25/6/2024,3
5217,23,36527,68,Male,Finance,10/7/2020,4
5218, ,-,0,Female,Operations,1/4/2023,1
5219,, ,21,-,HR,4/1/2021,5
5220,47,27067,49,*,Finance,24/10/2024,4
5221,62,35032,14,Female,Finance,22/1/2021,-
5222,53,NA,2,Female,Sales,31/5/2022,3
5223,32,19337,53,Female,Sales,13/11/2024,3
5224,27,41258,52,Female,Finance,9/2/2021,1
5225,34,26722,41,Female,Finance,13/8/2024,4
5226,62,0,42,Female,Marketing,6/3/2022,2
5227,24,31774,27,Male,Sales,7/1/2023,5
5228,37,14546,19,Female,Sales,26/10/2020,2
5229,38,28513,12,Female,IT,21/12/2023,5
5230,26,35781,25,Male,Operations,19/8/2021,1
5231,27,14066,4,NA,*,27/11/2020,4
5232,20,37823,41,Male,Operations,13/12/2020,4
5233,45,34117,34,Female,IT,3/11/2020,5
5234,*,-,62,Female,Marketing,29/3/2023,2
5235,27,42563,68,Female, ,31/7/2020,3
5236,53,18684,97,Female,Finance,18/5/2021,3
5237,24,0,74,Male,Sales,6/1/2021,5
5238,45,36496,53,NA,Marketing,6/3/2023,
5239,55,32277,51,Male,-,6/8/2023,3
5240,22,26895,0,Female,Operations,13/2/2021,3
5241,56,-,12,Female,Finance,6/10/2023,4
5242,38,37751, ,Female,Operations,25/11/2022,5
5243,64,NA,93,Female,Sales,16/8/2020,*
5244,22,27512,53,NA,Marketing,16/5/2022,5
5245,55,16857,14,Male,*,26/4/2020,-
5246,60,44606,*,Male,Sales,30/3/2022,1
5247,51,25959,41,Male,Marketing,14/4/2024,4
5248,36,0,57,Male,Finance,5/4/2022,1
5249,61,-,61,Male,,20/5/2024,3
5250,44, ,95,Male,Operations,31/1/2022,2
5251,46,52121,16,Male,Operations,31/1/2021,4
5252,43,54758,28,,IT,21/12/2020,4
5253,51,,27,Female,HR,8/7/2021,1
5254,43,51394,38,Female,Operations,7/1/2022,1
5255,22,21655,88,Male,Operations,3/7/2021,5
5256,45,63860,77,Female,Sales,13/6/2020,3
5257,23,NA,30,Male,HR,6/4/2024,5
5258,56,30014,100,-,Finance,12/8/2024,2
5259,33,44511,0,Female,HR,11/4/2020,4
5260,27,31252,0,Female,IT,30/7/2021,3
5261,28,27175,82,Male,IT,11/10/2020,4
5262,47,27443,82,,IT,2/12/2023,1
5263,45,60914,98,Female,IT,6/6/2022,3
5264,35,49792,97,Female,Sales,6/4/2021,4
5265,36,24982,92,Female,Marketing,29/8/2024,5
5266,35,29756,NA,Male,Sales,1/9/2021,4
5267,52,36457,44,Male, ,13/6/2020,-
5268,39,*,90,Male,Operations,15/11/2022,1
5269,51,28359,97,Male,IT,23/10/2022,2
5270,38,39861,96,Male,IT,19/7/2020,3
5271,56,49691,98,Male,Finance,28/9/2024,2
5272,64,30804,40,*,IT,7/10/2023,5
5273,60,7320,78,,Finance,22/4/2021,5
5274,56,47791,56,Male,Marketing,29/3/2022,
5275,57,64753,82,Female,Finance,21/3/2022,3
5276,60,23393,97,NA,Operations,19/9/2020,5
5277,55,-,11,Female,Marketing,28/7/2024,-
5278,47,43724,46,Male,Finance,26/12/2020,3
5279,28,26044,22,Male,Finance,20/11/2021,3
5280,29,43219,24,*,Finance,6/1/2022,5
5281,29,36230,48,Male,Marketing,14/11/2024,3
5282,62,33541,19,Male,*,27/10/2022,3
5283,NA,,85,Female,Sales,12/1/2021,2
5284,39,38135,83,Female,,9/10/2020,
5285,49,-83,0,Female,Operations,26/10/2021,1
5286,59,35681,23,Female,Operations,11/6/2020,4
5287,45,55073,48,Male,Operations,1/10/2021,1
5288,43,28247,51,Male,Sales,13/8/2024,4
5289,46,,3,Female,Marketing,12/2/2021,2
5290,57,29601,16,Female,IT,1/10/2022,2
5291,57,45927,28,Male,Operations,5/7/2024,5
5292,45,0,69,Male,Sales,19/11/2024,4
5293,28,27891,89,NA,Sales,10/2/2023,3
5294,NA,15753,93,NA, ,18/6/2021,2
5295,23,47050,37,Female,Finance,9/10/2024,3
5296,59,50023,0,Male,Finance,4/11/2022,1
5297,52,15642,51,Female,Operations,30/1/2021,1
5298,49,43936,83,Female,Marketing,20/5/2023,2
5299,56,50063,-,Female,Marketing,15/3/2023,5
5300,42,33227,32,Female,HR,21/9/2024,4
5301,25,10496,56,*,IT,22/4/2023,5
5302,19,50880,77,Female,Marketing,27/7/2020,1
5303,19,42546,61,Male,*,3/12/2021,4
5304,46,22256,6,Male,IT,19/6/2021,3
5305,35,9884,73,Female,Marketing,16/4/2020,1
5306,48,25799,14,Female,IT,13/5/2023,2
5307,58,41840,21,Male,Operations,15/9/2021,5
5308,59,-,1,Male,Marketing,6/11/2024,NA
5309,21,32950,73,Male,IT,7/4/2024,2
5310,59,NA,69,Female,Sales,29/8/2024,5
5311,28,9334,60, ,Operations,22/4/2021,2
5312,58,36851,62,*,IT,17/6/2021,5
5313,30,35731,4,,Operations,5/5/2023,1
5314,42,18555,94,Female,IT,5/9/2020,2
5315,48,69049,28,Female,Finance,7/3/2022,3
5316,19,27214,*,Male,Finance,26/8/2022,4
5317,19,*,0,Male,HR,19/12/2022,5
5318,31,44127,18,Female,IT,5/5/2024,1
5319,22,24828,0,Male,HR,13/3/2023,2
5320,28,44122,70,Male,IT,12/5/2024,*
5321,56,38777,83,NA,Finance,30/10/2020,3
5322,32,40026,21,Female,Marketing,1/8/2023,5
5323,61,53036,75,Male,Marketing,5/8/2023,1
5324,48,33758,94,-,Finance,12/7/2022,5
5325,49,15183,15,Male,Operations,23/5/2020,-
5326,29,15261,0,Male,Finance,3/11/2023,4
5327,19,55457,61,Male,Operations,4/6/2022, 
5328,49,45750,61,Female,HR,22/8/2023,3
5329,40,26864,34,Male,IT,20/9/2020,2
5330,38,10202,27,Female,HR,24/5/2023,2
5331,18,29050,0,Male,Sales,8/5/2023,4
5332,61,33757,2,Male,Finance,11/10/2023,4
5333,49,35803,49,Female,Sales,22/2/2022,3
5334,52,57490,76,Male,-,4/10/2020,3
5335,57,29980,16,Female,Marketing,9/4/2021,5
5336,50,47302, ,Female,,7/2/2020,
5337,46,10112,30,Female,IT,15/9/2023,5
5338,27,48893,64, ,Operations,11/9/2021,5
5339,,46654,3,Male,HR,5/1/2021,4
5340,52,28219,*,Male,*,30/5/2024,1
5341,39,40409,65,Female,IT,4/6/2023,5
5342,42,37884,,NA,IT,28/6/2022,4
5343,39,45991,46,Male,HR,27/5/2024,5
5344,38,*,19,Female,Operations,5/7/2024,1
5345,59,14385,-,Female,Marketing,22/2/2022,2
5346,26,34652,0,-,Finance,22/4/2024,-
5347,37, ,61,Female,IT,28/11/2024,4
5348,22,11553,30,Male,Sales,26/2/2024,-
5349,27,44415,40,Female,Sales,3/7/2024,5
5350,45,46004,64,Female,Marketing,21/11/2021,3
5351,62,46637,65,Female,IT,6/5/2023,3
5352,NA,32315,9,Male,HR,20/6/2024,1
5353,25,39702,69,NA,Finance,13/11/2020,4
5354,57,39753,*,Male,Marketing,27/7/2022,2
5355,62,24232,99,Male,Marketing,27/8/2021,3
5356,36,41716,51,Male,IT,31/1/2024,1
5357,40,0,6,NA,IT,17/3/2021,4
5358,33,32493,54,Male,Marketing,2/3/2022,5
5359,19,51882,35,Male,Finance,25/9/2024,5
5360,40,40234,0,-,IT,10/8/2021,1
5361,28,58204,66,-,Sales,7/8/2021,4
5362,23,-,0,Male,Marketing,9/7/2024,4
5363,47,18775,82,Female,HR,26/1/2023,3
5364,22,36651,58,Female,IT,30/1/2020,5
5365,28,64584,NA,Female,Sales,21/7/2023,1
5366,22,31586,7,Male,Marketing,23/4/2023,3
5367,40,44507,39,Female,Operations,28/10/2024,1
5368,49,56194,75,Male,Marketing,11/8/2022,2
5369,24,47655,85,Female,Marketing,21/5/2020,4
5370,30,-,44,Female,Marketing,22/8/2024,NA
5371,35,43468,93,Male,Operations,5/2/2021,5
5372,27,-,14,Male,IT,29/1/2023,4
5373,40,35808,8,Female,IT,21/2/2020,3
5374,41,39672,0,Male,Sales,28/12/2023,5
5375,,50052,67,Male,Finance,3/7/2022,2
5376,21,57717,53,Male,HR,27/4/2022,2
5377,39,27350,83,Male,HR,31/7/2024,2
5378,24,25977,9,Female,NA,7/1/2023,1
5379,62,33200,38,Female,Marketing,9/4/2020,5
5380,25,49504, ,Male,Sales,7/3/2021,2
5381,64,41228,50,Male,Sales,17/6/2023,1
5382,56,30657,18,Male,*,24/1/2023,3
5383,48,28562,59,Female,IT,5/3/2023,3
5384,34,62165,29,Male,Finance,22/2/2022,5
5385,36,28843,16,-,Finance,11/6/2022,1
5386,61,44541,20,Female,Operations,17/7/2024,2
5387,25,43065,54,Female,IT,16/6/2024,1
5388,*,27083,63,Male,Marketing,12/6/2022,5
5389,52,26611,56,Male,Sales,2/6/2022,4
5390,64,67851,97,Male,IT,5/6/2021,3
5391,NA,42276,71,*,IT,13/1/2024,4
5392,44,27206,17,Female,Sales,4/6/2023,1
5393,50,0,29,Male,Sales,10/6/2024,2
5394, ,39877,55,Female,Sales,2/4/2024,3
5395,22,63113,88,Male,IT,2/2/2020,2
5396,48, ,72,Female,Sales,12/7/2020,2
5397,41, ,33,Female,HR,8/1/2023,3
5398,45,15650,7,Female,Sales,6/9/2021,NA
5399,23,-, ,Female, ,15/7/2021,1
5400,37,24605,-,Female,IT,28/3/2024,2
5401,42,46792,0,Male,Finance,17/9/2024,4
5402,64,42863,71,Male,Sales,20/11/2020, 
5403,48,0,*,Female,Finance,15/12/2022,5
5404,39,41209,70,Male,Operations,7/1/2022,
5405,56,39112,13,Female,Marketing,2/2/2021,3
5406,22,22514,3,Female,Sales,3/4/2024,4
5407,34,29144,,Male,Sales,21/5/2022,-
5408,63,40151,44,Male,NA,26/10/2024,*
5409,19,46410,,Male,HR,15/4/2022,5
5410,56,34315,5,*,IT,10/12/2021,1
5411,NA,33939,70,Female,Finance,4/7/2024,3
5412,24,19013,43,*,Operations,6/5/2022,3
5413,41,43540,83,Female,Finance,23/2/2024,2
5414,61,47834,74,Female,*,1/9/2020,5
5415,42,28273,51,Male,Marketing,4/11/2022,4
5416,36,61103,9,Male,*,23/12/2022,
5417,23,35976,39,Male,HR,2/12/2020,4
5418,41,21013,43,Female,Finance,18/8/2020, 
5419,34,24527,30,Female,Operations,4/4/2023,1
5420,57,8281,14,Male,Finance,4/7/2022,4
5421,31,51537,91,Female,Operations,24/9/2023,2
5422,50,19244,-,Female,Operations,25/5/2020,1
5423,24,40903,57,Male,IT,16/8/2024,5
5424,37,24752,94,Male,Marketing,20/3/2020,3
5425,34,36375,91,Male,IT,8/4/2024,3
5426,28,*,86,Female,IT,17/1/2024,3
5427,25,27989,9,Male,Operations,8/6/2021,1
5428,31,14629,90,Female,IT,7/9/2023,3
5429,52,24170,9,Female,Finance,22/4/2021,3
5430,37,26098,69,Male,Marketing,4/5/2024,4
5431,51,,12,Female,IT,31/3/2022,3
5432,34,37576,33,Female,,29/9/2023,3
5433,35,15875,4,Female,IT,10/12/2022,4
5434,51,23015,63,Female,Operations,31/7/2022,4
5435,45,38124,86,Female,Marketing,18/8/2020,3
5436,36,48190,19,Male,IT,10/10/2024,4
5437,40,40151,100,Male,Finance,16/7/2020,1
5438,23,30279,52,Male,Finance,8/7/2020,3
5439,22,,56,-,IT,29/12/2021,5
5440,48,10195,55,Female,IT,22/11/2024,4
5441,NA,47490,60,Male,IT,5/11/2021,5
5442,25,-,74,Male,Operations,10/2/2022, 
5443,22,51033,54,Female,Finance,15/11/2023,2
5444,51,12622,29,Male,Marketing,14/3/2024,2
5445, ,12380,100,Male,HR,18/10/2023,5
5446,*,23913,30,Female,Operations,27/12/2020,1
5447,63,0,94,Male,Operations,6/9/2021,4
5448,27,14483,47,Male,Marketing,1/5/2021,3
5449,49,NA,20,Female,Marketing,19/3/2021,2
5450, ,30175,32,Female,Sales,12/11/2021,5
5451,27,33029,47,Female,HR,11/9/2021,5
5452,28,43220,93,Male,Finance,27/7/2023,1
5453,44,28273,31,Male,IT,11/4/2023,5
5454,20,*,94,Male,IT,20/9/2020,4
5455,63,,56,Female,HR,22/1/2024,
5456,29,25727,64,Female,Finance,20/7/2020,5
5457,62,19028,94,,IT,12/5/2020,5
5458,31,38153,61,Female, ,24/12/2020,1
5459,30,44902,58,Female,Operations,6/3/2020,3
5460,61,40809,37,Male,*,9/9/2022,2
5461,54,40272,34,Male,Operations,12/8/2021,*
5462,22,37426,99,*,Finance,23/11/2023,5
5463,-,15558,81,Male,HR,19/8/2020,5
5464,64,42312,25,Male,Marketing,26/11/2023,1
5465,49,17020,75,Male,,24/3/2021,3
5466,54,-,100,Male,HR,9/6/2023,1
5467,23,39910,43,Female,IT,28/12/2021,5
5468,63,21916,87,Male,Finance,25/2/2024,5
5469,33,53849,-,Female,HR,27/5/2022,3
5470,49,44732,64,Female,Finance,1/1/2022,2
5471,24,40102,21,Male,IT,11/11/2024,1
5472,58,0,53,Male,IT,19/1/2022,2
5473,25,64101,96,Male,Sales,19/8/2023,4
5474,21,38046,71,Female,Marketing,18/4/2022,*
5475,49,36389,7,Female,Marketing,27/2/2021,3
5476,*,31934,56,NA,HR,27/4/2024,NA
5477,25,56106,55,NA,Sales,30/4/2022,NA
5478,46,29823,37,Male,HR,26/5/2022, 
5479,29,41871,78,Female,HR,5/2/2024,5
5480,37,36219,21,Female,Marketing,19/8/2021,5
5481,NA,40597,26,Female,Operations,5/12/2020,5
5482,53,36244,100,Female,IT,10/1/2021,3
5483,25,38474,93,Female,HR,29/5/2020,1
5484,58,25429,39,Female, ,21/7/2022,1
5485,39,22626,57,Female,IT,11/3/2022,4
5486,54,28767,97,Male,,3/2/2020,3
5487,NA,48275,76,Male,Finance,25/8/2023,1
5488,36,32982,49,Male,Finance,4/10/2023,3
5489,22,41235,69,Male,Operations,9/5/2020,4
5490,,29557,81,Female,Marketing,30/11/2023,4
5491,53,60331,53,Female,Finance,7/5/2021,3
5492,18,28271,67,Female,Sales,21/2/2024,5
5493,26,46834,14, ,Operations,23/2/2023,5
5494,50,46331,28,Male, ,28/10/2021,5
5495,48,22641,55,Male,Sales,13/8/2022,5
5496,19,48719,99,Female,Operations,12/8/2022,4
5497,32,30282,71,Male,Marketing,18/6/2020,2
5498,33,37125,96,Male,HR,29/7/2022,2
5499,NA,-,54,Male,-,16/11/2022,5
5500,32,41338,14,Female,Sales,17/4/2021,5
5501,,25223,87,Male,HR,8/1/2024,5
5502,63,40667,47,Male,IT,24/3/2020,2
5503,-,23392,85,Female,Operations,11/1/2023,-
5504, ,33847,0,Male,Operations,20/1/2024,5
5505,44,24167,97,Male,IT,20/9/2020,3
5506,34,21949,48,Female,Operations,6/7/2023,5
5507,41,28605,50,Male,Operations,20/5/2022,4
5508,64,35058,78,Female,Marketing,30/3/2024,5
5509,19,-,51,Female,Operations,3/2/2024,1
5510,,17879,29,Male,Finance,22/5/2022,5
5511,35,25256,56,Female,HR,19/7/2022,1
5512,20,37670,94,Male,Sales,5/3/2022,4
5513,20,48751,14,Male,Finance,4/12/2021,5
5514,19,33759,90,Male,*,3/9/2022,3
5515,*,15424,79,Male,Marketing,20/8/2024,3
5516,38,28942,99,Female,HR,1/9/2022,2
5517,54,29227,57,Male,-,30/11/2022,3
5518,24,,NA,Female,Operations,20/10/2021,3
5519,41, ,10,Male,Finance,23/12/2021,1
5520,40,29827,72,,Marketing,29/3/2021,3
5521,21,30423,20,Female,Marketing,16/1/2022,2
5522,63,185499,0,Female,Marketing,20/1/2023,1
5523,19,*,57,Male,Sales,19/8/2020,2
5524,59,37691,-,Female,Finance,6/5/2023,1
5525,61,55446,67,Female,IT,1/2/2024,2
5526,18,14236,79,Female,IT,21/11/2022,1
5527,39,*,36,Male,IT,6/5/2020,4
5528,64,42476,41, ,Sales,16/12/2022,4
5529,52,27319,80,-,Operations,13/10/2021,1
5530,59,28736,0,Female,HR,18/7/2023,4
5531,30,29895,0,Male,IT,4/9/2022,3
5532,37,26295,75,Male,HR,8/6/2023,5
5533,31,18586,5,Male,*,16/10/2024,5
5534,23,24326,65,Male,HR,30/11/2024,5
5535,59,24771, ,Female,Sales,1/12/2022,4
5536,37,18805,10,Male,Marketing,29/4/2023,3
5537,47,7257,39,Female,-,28/12/2021,1
5538,35,42337,81,Male,NA,17/6/2021,3
5539,18,19923,49,Female,Operations,10/7/2021,*
5540,27,56529,88,Male,Operations,12/10/2021,1
5541,50,0,97,Female,Sales,26/7/2023,2
5542,31,29637,49,Male,Marketing,7/6/2023,3
5543,43,30892,29,Female,HR,20/4/2021,5
5544,28,35796,66,Male,IT,4/11/2022,1
5545,54,25493,30,Male,Operations,18/1/2024,1
5546,45,34379,90,Male,IT,11/4/2024,3
5547,56,32756,77,Male, ,16/8/2020,4
5548,20,29483,8,Male,Marketing,22/2/2023,3
5549,26,46540,38,Male,IT,18/7/2022,5
5550,49,38903,72,Male,Marketing,21/2/2020,4
5551,34,48810,62,Male,Finance,6/10/2022,3
5552,51,46003,70,Female,IT,15/10/2022,3
5553,64,48341,71,Male,IT,28/8/2024,4
5554,48,29271,57,Male,Operations,22/3/2021,5
5555,52,46258,89,Female,Marketing,2/8/2022,
5556,26,37063,30,Female,HR,21/11/2023,
5557,19,43143,29,Male,Finance,27/5/2021,
5558,27,50258,85,Male,Marketing,24/5/2021,-
5559,43,41620,72,Male,HR,26/11/2022,1
5560,35,36660,91,,IT,1/12/2024,4
5561,48,28329,-,Female,Finance,1/10/2023,2
5562,NA,6767,56,Male,Sales,3/9/2024,
5563,43,27022,20,Male,Sales,14/11/2023,
5564, ,33446,30,Female,IT,11/4/2024,-
5565,58,5106,85,Male,HR,30/9/2024,4
5566,-,36951,6,Male,,15/8/2023,1
5567,47,27660,33,Male,,26/4/2023,2
5568,43,22574,84,Female,Finance,4/9/2022,4
5569,64,53182,96,*,NA,13/10/2020,2
5570,-,25289,46,Male,NA,18/11/2021,3
5571,64,46888,23,Female,Marketing,29/3/2024,NA
5572,NA,42328,49,Male,-,12/2/2022,3
5573,60,43207,96,Male,Marketing,3/1/2022,4
5574,26,,54,Female,IT,11/9/2023,1
5575,52,48210,54,Male,Marketing,8/12/2020,2
5576,28,16116,5,Female,Sales,10/12/2023,2
5577,19,30055,78,Female,HR,24/7/2022,3
5578,47,39799,2,Female,Finance,31/5/2021,1
5579,54,40382,29,Female,Sales,9/7/2024,*
5580,59,31492,23,NA,Sales,18/7/2022,1
5581,43,47613,18,Male,Sales,11/8/2021,1
5582,58,32534,97,Female,Marketing,31/7/2023,4
5583,29,20897,36,Female,Finance,18/7/2023,2
5584,59,12345,24,Female,Sales,11/12/2020,1
5585,40,0,21,Male,NA,1/11/2021,1
5586,50,50354,29,Male,Finance,7/1/2022,-
5587,64,32554,60,Female,Operations,3/7/2021,3
5588,56,33642,36,Female,Operations,26/6/2020,5
5589,55,17306,86,Female,,11/11/2020,5
5590,35,36331,49,Female,Sales,27/1/2021, 
5591,42,,26,Female,Sales,17/3/2024,5
5592,50,31783,24,Female,Marketing,21/1/2022,5
5593,61,24483,65,Female,IT,20/11/2022,2
5594,NA,0,28,Female,Finance,7/4/2023,2
5595,57,46075,75,Female,Sales,3/12/2024,4
5596,28,0,80,Male,IT,6/9/2023,2
5597,23,*,64,Female,Operations,21/6/2021,
5598,59,41148,78,Female,Sales,27/6/2022,4
5599,27,50899,28,Male,NA,14/4/2024,5
5600,*,21596,86,Male,HR,18/7/2023,3
5601,63,32899,11,Female,Operations,26/7/2021,4
5602,45,26958,NA,Male,,30/6/2021,3
5603,57, ,16,Male,Finance,10/10/2021,4
5604,-,40770,42,Female,Marketing,22/7/2022,1
5605,52,20101,5,Female,Marketing,28/12/2020,2
5606,19,46493,69,Female,Finance,15/10/2022,1
5607,34,31263,57,Female,HR,22/8/2022,NA
5608,21,52515,57,Male,Finance,23/7/2020, 
5609,58,30661,19,Male,Marketing,4/2/2022,3
5610,NA,NA,81,Female,Operations,26/5/2023,1
5611,28,24184,1,Male,Finance,17/1/2023,5
5612,52,36078,86,Female,Sales,26/4/2022,3
5613,23,28551,43,Male,Marketing,20/6/2024,1
5614,20,9730,-,Male,Sales,14/9/2022,1
5615,58,25984,4,Male,HR,1/10/2024, 
5616,28,48327,72,Male,Operations,5/4/2024,5
5617, ,42677,92,Female,Marketing,24/2/2023,4
5618,23,41741,82,Male,Sales,6/12/2022,5
5619,30,38300,NA,Male,Finance,25/7/2020,3
5620,18,40369,21,Female,Operations,8/9/2024,3
5621,42,40753,19,Female,IT,2/8/2023,1
5622,35,-,81,Female,IT,14/1/2022,5
5623,37,38547,39,Male,IT,16/2/2023,1
5624,NA,26458,2,Female,Finance,30/8/2024,2
5625,46,47057,64,Female,Operations,24/2/2024,NA
5626,23,32986,93,Female,Sales,17/7/2024,1
5627,20,29059,87,Male,Finance,9/10/2020,5
5628,42,24285,3,Male,Sales,23/1/2023,1
5629,,43762,58,Male,Finance,2/10/2021,1
5630,NA,42199,49,Male,NA,20/5/2023,5
5631,23,38540,92,Male,Sales,24/3/2022,4
5632,34,-,27,NA,Finance,12/6/2022,1
5633,49,33832,,Male,IT,8/2/2023,3
5634,,33653,25,Male,Marketing,30/6/2022,NA
5635,33,44303,21,Male,HR,9/7/2021,5
5636,20,42392,61,Female,Sales,22/3/2020,2
5637,-,36935,34,Male,Marketing,27/10/2021,3
5638,,NA,99,Female,IT,26/2/2024,5
5639,28,29709,65,Female, ,12/3/2023,1
5640,28,35556,0,Female,Marketing,28/12/2020,4
5641,54,23106,69,Female,NA,16/9/2023,4
5642,25,49817,9,Male,,8/10/2020,1
5643,21,27769,46,Female,Finance,17/6/2024,3
5644,51,35935,48,Female,Operations,5/5/2021,5
5645, ,30828,54,Female,Marketing,21/3/2022,5
5646,36,29546,74,*,HR,19/3/2023,4
5647,31,35329,15,Female,,23/1/2020,3
5648,24,,77,Female,Sales,30/7/2024,1
5649,32,25608,10,Female,HR,1/2/2022,4
5650,39,37413,33,Female,Marketing,19/4/2023,5
5651,33,28215,30,Male,Finance,15/5/2024,5
5652,49,32628,82, ,Operations,15/5/2024,4
5653,49,42022,95,Male,Marketing,2/2/2024,4
5654,55,30115,70,Female,Sales,24/1/2020,3
5655,49,59497,71, ,Finance,2/10/2021,3
5656,25,59549,45,*, ,21/6/2021,NA
5657,54,21598,38,Male,Operations,1/8/2024,1
5658,60,24170,-,Female,HR,14/4/2022,4
5659,49,35304,5,-,Finance,4/8/2020,2
5660,47,48961, ,Male,IT,28/10/2023,4
5661,55,10922,27,Male,Operations,24/2/2023,4
5662,54,33965,7, ,-,4/3/2023,2
5663,20,37224,-,Female,IT,6/8/2023,1
5664,43,28413,6,Male,HR,8/9/2024,3
5665,57,45014,58,Female,-,6/12/2020,NA
5666,45,35481,24,Male,Sales,11/12/2023,4
5667,49,32457,21,Female,Finance,15/7/2021,4
5668,59,22685,4,Male,Marketing,6/9/2020,4
5669,22,0,92,Male,Operations,13/5/2023,5
5670,24,45248,50,Female,Operations,22/4/2022,5
5671,31,49713,72,*,Operations,8/5/2022,1
5672,30,26842,14,Male,Finance,16/11/2024,3
5673,33,31362,69,Male,IT,26/6/2022,2
5674,46,35999,19,Female,IT,2/5/2020,-
5675,33, ,36,Female,Sales,6/3/2022,5
5676,31,24283,84,Female,Operations,16/11/2020,2
5677,57,39524,42,Male,Sales,14/11/2023,5
5678,44,52702,63,Male,Operations,17/6/2023, 
5679,41,44115, ,Male,IT,1/12/2021,4
5680,NA,29501,50,Female,NA,21/2/2021,3
5681,34,44695,61,Male,Operations,12/3/2023,4
5682,41,48652,10,Male,IT,22/11/2022,1
5683,29,47590,47,Male,Sales,5/12/2022,3
5684,28,48793,2,Male,Operations,18/7/2022,1
5685,46,41279,59,Female,Marketing,1/1/2022,2
5686,42,43526,30,Female,IT,24/2/2021,5
5687,21,16357,17,Male,Sales,5/12/2022,1
5688,25,26131,67,Male,Operations,22/6/2023,1
5689,25,47083,67,Female,HR,15/11/2020,1
5690,46,31493,79,Male,HR,18/5/2024,1
5691,61,27498,73,Male,IT,5/12/2023,1
5692,,10396,14,Male,Marketing,19/11/2021,1
5693,61,34696,16,NA,IT,4/8/2021,2
5694,58,59063,-,Male,Sales,22/5/2021,2
5695,42,55264,19,Male,HR,14/3/2023,4
5696,27,38464,75,Female,*,1/11/2021,3
5697,39,22238,3,Female,Finance,3/2/2022,2
5698,21,28753,33,Female,Finance,16/12/2021,4
5699,46,0,27,Female,Marketing,5/4/2022,1
5700,63,0,31,Female,Finance,20/2/2023,3
5701,55,32139,22,Male,Sales,20/1/2022,5
5702,47,39426,63,Female,Marketing,27/2/2020,1
5703,*,10161,44,Male,HR,25/3/2021,1
5704,61,31024,50,Male,Operations,29/6/2022,2
5705,43,26712,*,Male, ,20/3/2021,*
5706,39,40405,18,Male,Operations,2/1/2023,NA
5707,61,44833,33,Male,,11/10/2022,5
5708,23,41116,87,Male, ,24/10/2021,3
5709,51,35821, ,Male,Marketing,27/11/2021,2
5710,31,48958, ,-,Marketing,29/12/2020,1
5711,60,30802,99,Male,IT,27/10/2021,4
5712,39,17812,23,Female,Operations,15/10/2021,5
5713,32,23911, ,Female,*,29/6/2020,4
5714,63,27525,31,Male,*,8/2/2021,5
5715,52,51590,5,Male,Finance,2/1/2023,3
5716,20,164541,59, ,Sales,1/1/2023,1
5717,33,14538, ,Male,Finance,16/3/2022,1
5718,64,31889,43,Male,Operations,13/5/2024,2
5719,47,46818,,Female,Marketing,19/9/2024,3
5720,-,55543,95,Male,Sales,13/4/2021,5
5721,57,0,2,NA,Finance,22/3/2020,1
5722,33,*,71,Female,HR,29/3/2021,1
5723,NA,18434,74,Female,Operations,15/10/2024,2
5724,52, ,90,Male,Sales,31/7/2024,3
5725,60,28909,8,Male,Operations,21/1/2022,2
5726,19,14611,*,Male,NA,7/2/2020,1
5727,30,46148,,Female,IT,23/9/2021,1
5728,26,NA,NA,Female,Finance,16/5/2023,4
5729,19,31786,91,Female,Marketing,9/3/2021,2
5730,,43204,51,Female,Sales,15/7/2023,2
5731,30,44661,62,,Operations,10/8/2021,1
5732,51,20494,72,Female,Sales,15/7/2023,2
5733,33,40051,99,,HR,11/11/2020,4
5734,39,22066,33,Male,Sales,11/6/2024,4
5735,59,0,0,,Finance,19/6/2023,2
5736,37,41626,NA,Female,Sales,15/3/2023,5
5737,48,37682,92,Male,Marketing,8/3/2021,4
5738,34,42927, ,Male,Finance,7/12/2022,2
5739,31,35568,46,Male,Operations,9/10/2020,4
5740,29,36802,24,Female,HR,30/10/2023,3
5741,60,36286,65,Female,*,7/10/2024,4
5742,,43633,97,Male,Sales,29/9/2021, 
5743,51, ,17,Female,Operations,7/6/2024, 
5744,37,35687,51,Male,Finance,28/6/2024,2
5745,28,20981,53,Female,Marketing,28/4/2022,2
5746,47,19414,*,Female,Finance,3/12/2020,3
5747,48,26825,17,Female,Operations,10/5/2021,2
5748,22,16889,44,Female,Finance,28/5/2022,2
5749,42,27211,NA,NA,HR,17/9/2020,1
5750,29,41350,-,Male, ,25/3/2024,4
5751,40,29487,*,Female,Finance,4/4/2024,2
5752,46,39003,73,Male,HR,18/7/2020,4
5753,39,45140,23,Female,Operations,19/12/2023,4
5754,36,43064,62,Female,Finance,3/10/2021,3
5755,25,26981,60,Female,Finance,11/3/2024,5
5756,61,50466,,Female,HR,6/4/2023,2
5757,55,NA,46, ,NA,27/6/2024,5
5758,45,36701,65,Male,IT,5/3/2022,3
5759,32,21867,76,Male,Sales,2/8/2024,4
5760,57,30775,45,Female,Finance,11/1/2024,1
5761,44,41744,79, ,HR,21/11/2023,4
5762,51,26893,41,Female,Marketing,30/3/2022,5
5763,61,25560,29,Male,Finance,1/5/2022,1
5764,50,37940,51,-,Operations,17/12/2020,3
5765,NA,29616,37,Male,IT,9/4/2024,3
5766,19,26395,79,Male,Marketing,1/9/2022,*
5767,21,17143,-,Female,Operations,23/12/2023,2
5768,58,37809,27,Female,Operations,29/6/2022,5
5769,60, ,89,Male,Finance,16/6/2023,2
5770,33,52579,60,Female,HR,9/7/2020,2
5771,52,45555,6,Female,IT,30/4/2021,2
5772,44,16848,NA,Female,Marketing,18/11/2022,5
5773,28,36894,22,Male,-,30/10/2020,3
5774,36,58621,66,Male,Marketing,21/11/2022,3
5775,-,42151,64,Female,Marketing,7/12/2020,3
5776,64,12706,-,Male,IT,17/6/2024,5
5777,36,20346,35,Female,Finance,22/9/2024,4
5778,28,34747,31,Female,Operations,8/6/2021,3
5779,36,37100,21,Male,Sales,11/5/2020,2
5780,29,18818,34,Male,Operations,11/10/2021,
5781,50,41992,72,Female,IT,1/10/2022,5
5782,59,28834,11,Female,Operations,3/12/2020,*
5783,*,,NA,Male,Sales,5/12/2021,1
5784,34,45848,69,Female,Operations,3/3/2020,3
5785,39,28853,44,Male,HR,8/11/2022,
5786,63,44459,87,Male,IT,10/7/2023,*
5787,51,37698,68,Female,Finance,25/1/2021,1
5788,29,33302,0,Female,IT,10/4/2024,3
5789,49,25747,41,Male,HR,19/5/2022,5
5790,22,41065,20,-,HR,1/11/2023,3
5791,32,21593,24,Male,Marketing,18/10/2022,4
5792,22,21988,15,Male,Marketing,9/8/2024,3
5793,25,35619,0,Female,Operations,23/4/2022,2
5794,60,41210,9,Male,HR,28/8/2021,2
5795,61,53568,73,*,NA,4/6/2023,2
5796,18,178567,0,Male,HR,20/8/2024,4
5797,60,-,77,Male,Marketing,2/8/2023,1
5798,29,39467,32,Female, ,11/10/2022,2
5799,34,31610,51,*,Marketing,22/8/2024,1
5800,62,39599,62,Male,Finance,24/12/2022,5
5801,18,44324,65,Female,NA,1/3/2023,1
5802,32,39800,16,Male,IT,10/10/2022,2
5803,19,34478,30,Male,HR,22/9/2023,1
5804,39,48330,17,Female,Finance,29/9/2023,2
5805,NA,39154,37,Female,Marketing,24/3/2021,-
5806,35,48172,50,Female,Finance,13/11/2023,3
5807,57,38113,63,Female,Operations,5/4/2022,2
5808,36,16619,91,Female,Finance,23/2/2020,1
5809,41,11763,10,Male,Operations,15/5/2022,5
5810,24,0,36,-,Operations,14/9/2020,1
5811,38,35105,74,-,,10/5/2022,4
5812,64,23992,70,,Sales,25/4/2021,5
5813,48,29609,80,Female,IT,6/12/2023, 
5814,45,25825,37,Female,IT,20/5/2022,1
5815,28,18159,81,Male,Sales,16/9/2021,4
5816,52,69666,7, ,HR,19/5/2024,4
5817,*,20895,14,Female,HR,22/3/2023,3
5818,36,*,NA,Male,Operations,14/11/2021,1
5819,44,45185,80,Male,IT,17/11/2021,5
5820,28,38370,89,Male,Finance,12/5/2020,4
5821,61,28658,36,Female,NA,13/4/2023,NA
5822,43,38850,*,Female,Finance,11/2/2021,3
5823,32,29542,21,,Marketing,16/5/2024,3
5824,28,35525,71,Male,Operations,22/4/2020,5
5825,37,39647, ,Female,Operations,3/11/2024,3
5826,30,36441,59,Female,Sales,24/8/2022,1
5827,47,55058,82,Male,Finance,23/5/2024,1
5828,-,-,44,Female,Finance,11/7/2023,1
5829,61,44163,96,Male,Finance,4/6/2022,5
5830,22,47788,11,Male,Sales,14/4/2022,5
5831,35,NA,17,Male,Marketing,9/1/2022,3
5832,39,35045,1,Female,Marketing,3/2/2021,2
5833,52,15817,49,Female,HR,16/8/2023,4
5834,33,60704,99,Female,IT,1/6/2020,5
5835,50,56592,61,Male,Sales,24/10/2024,4
5836,39,43434,43,Male,Marketing,4/5/2023,
5837,37,49899,12,Male,Sales,26/7/2020,5
5838,58,28136,95,Female,Marketing,8/11/2022,2
5839,27,24197,59,Male,Sales,11/1/2023,4
5840,22,29338,5,Male,Operations,23/11/2020,NA
5841,32,25531,91,Female,IT,20/1/2021,5
5842,43,12471,22,Male,Finance,10/6/2021,4
5843,40,-,56,Female,*,22/9/2022,1
5844,-,10455,89,Male,Operations,9/12/2022,5
5845,25,21893,74,-,HR,10/2/2022,4
5846,26,38530,24,Male,Sales,2/11/2023,*
5847,32,37705,69,Male,IT,8/1/2023,2
5848,38,38275,40,Female,HR,12/2/2021,3
5849,45,15419,96,Female,NA,14/2/2023,5
5850,19,48739,71,Male,Sales,5/12/2021,5
5851,59, ,NA,Male,HR,5/3/2022,2
5852,23,36330,-,Male,Marketing,9/12/2023,5
5853,54,12057,29,Female,*,28/12/2021,4
5854,63,*,99,Male,HR,26/7/2023,2
5855,24,,19,Female,,1/7/2024,2
5856,35,43142,95,Male,Finance,11/7/2022,-
5857,56,30254,96,NA,Finance,15/5/2021,1
5858,20,47522,-,Male,Sales,23/7/2020,2
5859,36,43978,44, ,Marketing,19/9/2021,5
5860,NA,28283,46,Female,Marketing,3/3/2023,3
5861,26,25178,81,Female,HR,30/7/2024,1
5862,40,48157,22,Female,Finance,30/7/2024,5
5863,34,41883,7,Male,Finance,2/4/2022,4
5864,31,62516,87,Female,IT,8/5/2023,3
5865, ,33170,85,Male,HR,4/12/2023,2
5866,21,19269, ,Male,Marketing,19/1/2024,2
5867,36,38406,79,-,Sales,18/8/2020,1
5868,36,35668,4,NA,Marketing,20/8/2020,3
5869,48,34841,-,Female,Finance,22/5/2024,4
5870,56,46625,36,Female,Operations,10/12/2023,3
5871,36,0,78,Female,Finance,11/6/2023,3
5872,32,269836, ,Female,Sales,26/2/2020,2
5873,34,0,51,Male,HR,22/4/2022,1
5874,62,40638,28,Female,Marketing,27/2/2020,5
5875,*, ,65,Male,Operations,31/5/2020,3
5876,63,8186,82,Female,IT,22/4/2021,4
5877,54,40788, ,Male,Sales,28/7/2021,1
5878,31,39630,72,Female,IT,21/1/2023,3
5879,21,40759,56,Female,HR,13/12/2021,1
5880,-,43504,59,Female,IT,23/1/2020,1
5881,34,50543,7,Female,IT,13/7/2022,-
5882,49,-,95,Female,Sales,27/6/2024,2
5883,23,*,74,Male,*,24/12/2023,1
5884,22,19769,45,Male,IT,15/7/2020,4
5885,57,31423,13,Male,HR,3/1/2023,1
5886,22,36492,46,Male,IT,10/7/2020,4
5887,38,50803,39,Male,IT,31/3/2021,NA
5888,29,19131,98,Male,IT,9/6/2021,4
5889, ,16007,96,Male,IT,25/8/2020,1
5890,50,32375,98,Female,Operations,7/12/2020,1
5891,33,0,49,Female,Operations,3/9/2021,3
5892,44,19944,98,Male,HR,20/9/2021,2
5893,27,NA,10,Male,Marketing,5/5/2022,2
5894,32,46517,13,Male,Sales,1/11/2024,2
5895,25,*,100,Male,IT,23/3/2021,2
5896,24,33420,70,Female,Marketing,7/9/2021,5
5897,44,27613,22,,Sales,3/6/2021,5
5898,,24507,43,Male, ,24/10/2024,2
5899,40,28711,21,Male,Finance,15/3/2020,1
5900,26,50199,49,Male,HR,31/12/2023,1
5901,38,33941,43,Female,*,30/11/2024,1
5902,41,52990,*,Female,Operations,25/9/2021,5
5903,35,46185,64,Male, ,26/1/2023,5
5904,35,18223,70,*,Sales,26/2/2020,4
5905,23,45443,71,Male,IT,6/11/2024,1
5906,37,27071,32,Male,Sales,20/4/2024,3
5907,60,NA,91,Female,Operations,4/2/2024,5
5908,56,18115,74,Male,Operations,22/7/2021,4
5909,25,42091,63,-,IT,13/5/2020, 
5910,59,53812,47,Male,Marketing,20/7/2023,5
5911,23,60806,19,Male,Finance,4/8/2020,1
5912,23,39851,58,Female,HR,20/3/2022,5
5913,24,-,47,Male,Finance,21/8/2024,1
5914,28,44987,NA,NA,Finance,3/3/2020,4
5915,43,, ,Female,Operations,12/5/2024,2
5916,37,32727,55,Female,Sales,1/2/2021,4
5917,41,0,NA,Female,Operations,5/6/2023,4
5918,25,25648,85,Female,Operations,14/3/2021,1
5919,49,*,94, ,Operations,30/12/2022,4
5920,26,27037,47,Male,Finance,21/5/2024,-
5921,40,28687,36,Female,-,23/9/2024,3
5922,30,44217,23,Male,Finance,30/4/2021,
5923,22,24395,31,Male,Sales,4/10/2021,5
5924,31, ,6,Male,Marketing,18/8/2023,5
5925,62,55755,87,Male,Marketing,16/2/2021,
5926,41,37914,2,Female,Sales,28/5/2024,4
5927,-,36771,44,Female,Finance,4/4/2022,2
5928,20,37838,*,Male,Operations,7/8/2024,*
5929,59,41063,85,Male,Sales,23/9/2020,4
5930,30,28575,72,Male,,14/12/2021,5
5931,32,14104,17,Male,IT,10/6/2021,3
5932,50,50306,25,Male,Finance,11/8/2021,4
5933,24,30166,35,Male, ,6/6/2020,5
5934,60,56729,37,Male,Finance,23/12/2021,5
5935,32,27875,32,Male,Marketing,16/5/2024,4
5936,NA,26165,95,,IT,20/8/2021,*
5937,48,55387,78,Male,IT,19/3/2022,5
5938,20,21782,36,Female,Sales,6/2/2022,3
5939,28,37993,96,Female,HR,16/6/2024,2
5940,20,NA,44, ,-,6/5/2022,NA
5941,43,0,1,Male,Sales,3/6/2020,1
5942,32,33994,58,,Marketing,9/9/2023,2
5943, ,44028,11,Female,Sales,13/7/2023,4
5944,52,25839,NA,Male,Sales,14/6/2022,4
5945,*,44133,NA,Male,Finance,1/5/2020,1
5946,18,NA,3,Male,HR,7/4/2020,3
5947,41,-,88,Female,HR,6/4/2021,5
5948,28,36242,25,Male,Finance,13/3/2024,2
5949,25,22807,6,Female,HR,7/9/2020,2
5950,58, ,87,Male,-,12/8/2024,5
5951,26,45124,83,Male,Sales,12/2/2020,-
5952,49,298383,82,Female,Finance,6/12/2021,3
5953,*,24691,0,Male,IT,9/5/2022,2
5954,32,32507,76,Female,Operations,24/6/2021,4
5955,20,42023,NA,Female,NA,16/12/2020,4
5956,29,42833,13,Female,Operations,18/7/2021,2
5957,33,24166,42,Male,Sales,24/3/2022,5
5958,21,47104,19,Male,Sales,15/5/2021,2
5959,57,51942,12,Male,IT,17/3/2020,4
5960,54,22291, ,Male,Sales,20/11/2021,-
5961,48,12466,25,Male,Finance,5/9/2023,2
5962,54,16159,56,Male,Sales,31/7/2020,2
5963,24,28397,73,Female,HR,25/3/2024,3
5964,59,54754,49,Male,HR,26/3/2020,2
5965,36, ,56,Female,HR,14/6/2022,*
5966,*,13296,81,Female,Sales,22/12/2022,4
5967,23,33070,62,Female,Finance,23/6/2024,5
5968,39,27564,26,Male,IT,19/11/2021,*
5969,49,53580,56,Male,HR,13/11/2021,1
5970,51,65190,86,Female, ,27/6/2022,2
5971,43,22339,91,,,4/5/2021,3
5972,34,18264,25,Female,,20/8/2020,4
5973,27,33555,30,Male,Operations,3/4/2023,4
5974,60,45858,17,Female,Sales,29/12/2020,2
5975,*,0,0,Male,IT,26/3/2022,NA
5976,43,5494,76, ,Operations,25/5/2024,2
5977,30,23695,65,Male,IT,14/9/2021,2
5978,47,22786,99, ,Finance,10/7/2024,*
5979,31,44282,66,*,IT,4/4/2022,2
5980,28,29616,75,Female,HR,17/9/2020,4
5981,NA,48389,32,Female,IT,18/2/2022,2
5982,39,22829,NA,Male,Finance,27/4/2023,5
5983,40,43000,5,Female,Sales,5/1/2021,2
5984,54,48595,28,NA,IT,11/4/2024,4
5985,24,30553,85,Female,Marketing,17/3/2021,4
5986,19,0,1,Male,HR,20/12/2023,1
5987,42,19953,62,Female,Marketing,5/1/2023,*
5988,56,19207,81,Female,Finance,26/9/2020,1
5989,41,32891,0,Male,Finance,5/1/2022,1
5990,60,66074,93,Male,IT,22/1/2022,3
5991,38,40505,76,Male,Finance,23/7/2020,3
5992,34,44011,59,Male,Marketing,2/4/2024,2
5993,41,29965,77,Male,IT,15/7/2021,2
5994,40,10755,84,Female,*,3/3/2024,3
5995,52,31037,72,Male,,7/8/2023,5
5996,39,34155,22,Female,HR,23/6/2022,5
5997,26,22624,NA,Male,-,5/9/2020,1
5998,32, ,65,Male,Sales,8/8/2024,2
5999,-,16385,20,Female,Finance,23/6/2021,3
6000,39,29239,96,Male,IT,6/11/2024,1
6001,27,35540,35,Male,-,1/11/2023, 
6002,60,37878,18,Male,Operations,10/8/2024,3
6003,22,0,34,Female,Sales,23/3/2022, 
6004,27,56915,15,Female,HR,25/4/2024,2
6005,52,16676,13,Female,NA,19/3/2020,1
6006,38,NA,60,Female,IT,1/12/2024,3
6007,28,51590,30,Male,Sales,6/7/2024,2
6008,57,43963,,Male,Sales,20/3/2022,5
6009,20,52159,30,Male, ,8/1/2024,2
6010,40,38622,51,Female,Marketing,28/8/2022,*
6011,62,38951,47,Female,NA,28/3/2020,
6012,56,28531,29,Female,Marketing,28/9/2021,1
6013,44,,0,Male,HR,23/5/2021,4
6014,40,40714,33,*,Operations,19/8/2021,3
6015,60,36787,14,Male,Sales,21/9/2024,1
6016,26,54730, ,Female,HR,3/5/2024,5
6017,21,67684,94,Female,-,27/7/2022,3
6018,64,31022,1,Male,NA,10/2/2023,2
6019,26,NA,50,Male,-,10/3/2022,2
6020,26,34307,,Male,Marketing,25/7/2020,-
6021,31,31503,76,Female,Operations,26/10/2022,
6022,31,17829,58,Female,Sales,18/4/2022,4
6023,63,44846,NA,-,Marketing,21/7/2024,3
6024,60,*,67,*, ,16/10/2021,3
6025,56,33272,17,Male, ,15/1/2022,4
6026,44,42004,85,Male,HR,14/2/2024,5
6027,36,45355,0,-,IT,18/6/2021,5
6028,48,41367,73,Male,-,9/3/2024,2
6029,63,,65,Male,Sales,23/4/2023,-
6030,19,*,59,Male,HR,29/11/2021,3
6031,25,37031,58,-,IT,5/3/2021,4
6032,23,54366,61,Female,Marketing,7/11/2024,3
6033,56,0,26,Male,*,25/9/2022,3
6034,30,31931,,Male,Finance,20/2/2023,1
6035,37,0,62,Female,IT,14/2/2021,1
6036,44,50269,47, ,IT,7/2/2022,5
6037,-,63559,35,Male,Sales,29/4/2021,2
6038,28,35883,24,Male,Operations,19/2/2021,3
6039,36,49390,95,Male,IT,10/4/2020,2
6040,19,0,79,NA,IT,8/7/2021,1
6041,18,32561,69,Male,IT,11/9/2024,4
6042,24,31366,27,Female,HR,3/3/2024,3
6043,62,37485,18,Male,IT,22/2/2023,2
6044,40,23443,,Male,Operations,13/6/2020,1
6045,55,*,58,Male,HR,26/7/2020,4
6046,38,41514,11,Female,Marketing,26/3/2023, 
6047,48,42193,*,Male,Finance,31/1/2024,2
6048,41,0,61,Male,Operations,28/9/2024,*
6049,41,11861,48,,Finance,16/5/2023,4
6050,37,NA,77, ,Marketing,27/10/2021,NA
6051,55,46036,,Male,Sales,30/7/2023,5
6052,50,39137,67,NA,Finance,28/11/2023,4
6053,32,40217,71,Female,Operations,3/12/2020,3
6054,30,32590,4,Male,Operations,3/11/2023,4
6055,59,27398,10,,Sales,7/5/2024,3
6056,41,-,60,Male,Finance,11/12/2022,2
6057,19,41076,29,Male,Marketing,9/10/2021,2
6058,63,24997, ,Male,Operations,4/12/2022,4
6059,33,42209,,Male,Operations,27/2/2023,1
6060,24,40321,43,Male,Marketing,5/11/2022,5
6061,61,40585,41,Male,Marketing,10/2/2020,5
6062,34,*,100,Female,Finance,24/2/2021,5
6063,25,35629,22,Male,HR,24/10/2023,
6064, , ,46,Female,*,19/5/2020,2
6065,51,44101,50,Female,Marketing,28/4/2023,1
6066,18,42679,81,Male,HR,2/10/2022,1
6067,43,32423,24,Male,Finance,28/5/2021,5
6068,59,25880,32,-,Operations,30/11/2021,4
6069,37,29234,31,Male,Marketing,15/11/2022,2
6070,41,45760,18,Male,Marketing,1/7/2024,4
6071,35,36638,19,Male,HR,19/5/2023,5
6072,21,26916,6,*,Marketing,22/10/2023,2
6073,60,31306,41,Female,Marketing,12/2/2020,5
6074,64,53858,35,Male,Finance,15/5/2021, 
6075,35,11565,40,Male,Operations,22/10/2024,3
6076,64,18129,84,Female,*,9/9/2020,4
6077,62,43542,70,Female,Sales,24/1/2021,NA
6078,19,38077,41,Male,Operations,5/2/2022,3
6079,48,*,23,Male,Sales,18/5/2024,-
6080,35,36650,40,Male,IT,2/2/2023,NA
6081,34,47962,89,Male, ,22/4/2023,
6082,44,9214,10,Female,Sales,22/4/2022,4
6083,47,31713,50,Male,HR,30/5/2023,2
6084,29,38968,6,Female, ,7/1/2023,5
6085,26,33058,34,Male,Operations,19/1/2024,2
6086, ,31262,55,Male,Operations,10/1/2020,3
6087,61,39552,51,Male,Operations,31/3/2021,4
6088,23,31284,*,Male,Marketing,28/2/2022,1
6089,39,37994,12,Male,Sales,6/1/2023,4
6090,18,33280,42,Male,*,8/1/2023,NA
6091,39,61542,29,*,Operations,21/11/2022,5
6092,28,26653,20,Female,Operations,7/11/2023,1
6093,18,,87,Male,HR,22/9/2021,4
6094,26,49244,33,Female,Marketing,21/4/2024,5
6095, ,19426,45,Female,Finance,7/9/2020,1
6096,37,NA, ,Female,,26/1/2022,2
6097,30,34661,NA,Male,Sales,17/12/2022,2
6098,27,37527,86,Female,Finance,11/9/2022, 
6099,61,42773,97,Male,Finance,18/5/2024, 
6100,25,37550,98,Female,Sales,3/6/2020,4
6101,58,45096,47,Male,HR,16/12/2020,2
6102,41,30284,28,Female,IT,13/10/2021,4
6103,50,43323,46,Female,Operations,19/8/2024,2
6104,56,NA,80,*,Finance,3/2/2021,1
6105,41,33762,73,Male,Marketing,4/11/2022,4
6106,57,33603,16,Male,Sales,27/12/2020,3
6107,37,20996,78,Male,IT,12/10/2023,1
6108,61,45730,1,Female,Finance,8/2/2020,4
6109,25,52679,66,Male,HR,11/6/2024,4
6110,63,34252,70,Female,Marketing,14/1/2023,5
6111,48,40651,32,Female,Operations,6/8/2023,4
6112,29,31059,10,Female,Sales,6/7/2021,*
6113,64,22665,98,Male,IT,8/5/2023,4
6114,29,*,65,Female,,3/12/2023,3
6115,36,0,89,Male,HR,21/6/2022,4
6116,57,0,17,Male,Finance,31/1/2022,4
6117, ,*,26,Female,NA,17/9/2024,1
6118,49,,8,Male,IT,20/2/2022,4
6119,46,24173,31,Female,Finance,11/2/2021,2
6120,30, ,92,Male,Marketing,19/6/2022,NA
6121,41,38710,65,Female,Marketing,31/8/2023,1
6122,48,41431,82, ,Finance,23/9/2024,
6123,46,21164,45,Female,IT,31/5/2024,4
6124,24,27179,56,NA,Operations,26/11/2021,2
6125,28,-,29,Female,IT,29/1/2023,1
6126,*,39200,92,Female,Operations,15/5/2024,5
6127,23,32427,*,Female,Operations,5/9/2022,5
6128,54,0,34,Male,Sales,20/6/2024, 
6129,26,45986,97,Female,*,28/6/2022,5
6130,32,46940,35,Female,Operations,26/8/2021,1
6131,64,33707,0,Male,HR,7/12/2023,4
6132,63,29460,45,Female,HR,23/5/2023,*
6133,60,26407,99,Female,Finance,27/11/2021,5
6134,23,28255,9,Female,Marketing,24/3/2022,4
6135,32,20775,-,Female,Finance,24/9/2024,
6136,63,207143,62,Female,IT,13/7/2023,5
6137,-,50381,34,Male,Operations,29/4/2022,2
6138,62,,80,Female,HR,21/6/2022,5
6139,41,29611,18,Female,Operations,29/8/2024,-
6140,46,41764,65,Female,Marketing,15/12/2020,3
6141,64,43074,4,Male,Finance,30/12/2021,2
6142,51,40270,39,Male,Marketing,21/1/2022,1
6143,23,46286,12,Male,Operations,11/5/2020,3
6144,60,0,30,Male,HR,7/2/2022,5
6145,34,37105,67,Male,HR,10/8/2022,4
6146,58,65765,32,Female,IT,28/9/2021,4
6147,*,19500,6,Male,IT,18/1/2020,2
6148,-,19866,57,Female,IT,8/10/2023,5
6149,29,37180,46,Female,Marketing,2/10/2022,5
6150,63,23812,13,Male,HR,27/11/2022,3
6151,42,40383,72,Male,Marketing,4/1/2020,2
6152,49,28800,52,Female,IT,13/10/2024,4
6153, ,37010,14,Female,HR,30/4/2020, 
6154,33,16775,-,Male,Marketing,15/9/2023,2
6155,33,26096,82,Male,Sales,13/9/2020,2
6156,47,35182,100,Female,IT,4/11/2022,2
6157,55,28794,NA,Male,Finance,14/9/2021,3
6158,52,0,NA,Female,IT,12/12/2022,5
6159,38,16735,51,Male,NA,19/7/2020,3
6160,NA,10910,86,Female,Finance,9/9/2024,5
6161,50,51549,98,*, ,25/10/2024,NA
6162,52,54888,74,*,HR,13/2/2020,1
6163,63,NA,,Male,IT,9/11/2020,4
6164,40,45207,99,Male,Marketing,26/9/2021,4
6165,59,23348,77,Male,Finance,27/6/2023,4
6166,28,32977,,Male,Marketing,25/7/2020,5
6167,55,44648,71,*,Marketing,27/6/2021,5
6168,19,31825,68,Female,IT,13/11/2020,4
6169,27,22166,16, ,IT,8/3/2023,3
6170,46,33358,13,Female,Operations,27/9/2023,5
6171,19,33142,35,Female,IT,3/6/2022,2
6172,18,15924,*,Female,Marketing,23/12/2022,5
6173,,38454,58,Male,HR,17/10/2023,4
6174,63,27267,84,Female,Sales,26/8/2021,2
6175,54,30448,36,Male,-,29/9/2024,1
6176,22,56421,37,Female,NA,17/2/2024,3
6177, ,51988,28,Female,Finance,24/12/2023,1
6178, ,30895,80,Male,Marketing,9/11/2023,4
6179,NA,37268,0,Male,Finance,23/4/2023,4
6180,49,44479,96,Female,Finance,23/4/2020,2
6181,60,38413,25,NA,IT,22/3/2024,3
6182,23,57561,81,Female,HR,28/5/2021,5
6183,40,-,100,NA,Marketing,10/12/2020,4
6184,26,41240,17,Female,Operations,8/6/2024,4
6185,,38039,69,Male,Finance,18/6/2022,
6186,40,22223,40,Female,Marketing,23/5/2022,5
6187,52,38712,97,Female,Operations,14/6/2024,1
6188,44,26412,81,Female,HR,26/9/2022,1
6189,64,13234,49,Female,Sales,20/3/2024,5
6190,20,43505, ,Male,-,13/3/2020,1
6191,45, ,96,Female,Sales,4/8/2024,5
6192,55,200539, ,Male,Marketing,31/8/2021,4
6193,31,38514,54,Male,IT,28/11/2021,5
6194,42,21547,81,Male,Operations,28/1/2020,3
6195,40,21009,20,*,IT,4/3/2023,2
6196,51,46706,34,Female,Marketing,27/2/2023, 
6197,NA,33275,18,Male,-,22/6/2023,*
6198,40,53326,86,Male,Sales,6/6/2020,5
6199,50,39109,76,Female,Sales,5/7/2023,1
6200,45,34489,66,Male,Operations,11/12/2021,1
6201,NA,,33,*,HR,13/4/2023,2
6202,54,63253,34,Male,*,2/2/2023,*
6203,19,46874,41,Female,Marketing,26/6/2023,4
6204,48,30788,57,*,IT,24/10/2024,4
6205,52,-,97,Female,Operations,13/8/2023,2
6206, ,26496,64,Female,HR,21/1/2020,1
6207,21,288014,71,Male,Operations,16/9/2021,3
6208,22, ,24,Female,IT,28/4/2022,2
6209,-,39029,*,Female,Sales,12/9/2024,1
6210,41,21463,26,Male,Operations,25/8/2024,2
6211,27,33149,33,Male,IT,22/3/2020,1
6212,31,49389,12,Female,HR,22/9/2023,5
6213,34,44365,30,Male,Finance,11/4/2023,2
6214,36,0,30,Male,Operations,27/11/2022,3
6215,42,32530,58,Male,Marketing,26/12/2021,3
6216,60,41339,47,Male,Operations,14/12/2022,5
6217,30,49008,99,Female,Operations,22/12/2022,3
6218,26,30524,20,Female,Finance,11/7/2023,5
6219,22,34780,76,Male,Finance,28/10/2024,2
6220,59,57282,53,Female,IT,8/7/2022,-
6221,NA,21518,50,Female,IT,16/5/2021,4
6222,20,77123,71,Female,HR,24/3/2023,1
6223,29,29237,0,Female,Marketing,23/5/2024,1
6224,59,21192,74,Female,Operations,11/12/2022,5
6225,*,55016,36,Male,HR,28/8/2024,-
6226,61,25370,82,Male,IT,6/1/2020,2
6227,37,41178,99,Female,Marketing,14/1/2020,4
6228,-,46247,15,Male,,5/8/2020,1
6229,-,42148,77,Male,IT,16/4/2022,2
6230,59,-,82,Male,Sales,27/5/2021,3
6231,32,32628,12,Male,Sales,19/10/2024,5
6232,57,0,44,Female,Marketing,11/11/2022,5
6233,24,33871,74,Female,Marketing,7/5/2023,3
6234,22,20197,,Male,HR,20/4/2022,1
6235,18,52311,67,Female,Sales,6/5/2024,2
6236,33,24369,NA,Female,HR,1/4/2024,5
6237,27,19713,0,Male,,1/3/2021,3
6238,57,28716,*,Male,Sales,4/6/2020, 
6239,18,19917,52,Female,IT,5/8/2021,3
6240,52,41958,0,Female,,29/1/2022,NA
6241,31,11708,*,Male,Finance,11/10/2024,2
6242,51,30843,62, ,Marketing,2/4/2024,4
6243,64,28411,54,Male,*,29/3/2024,5
6244,61,50569,0,Female,Operations,17/4/2020,3
6245,33,24526,,Female,Sales,30/1/2021,4
6246,63,33156,99,Male,HR,21/1/2023,3
6247,28,57581,69,Female,Sales,30/7/2022,4
6248,39,22652,42,Male,Marketing,29/8/2020,2
6249,43,30915,23,-,Sales,25/4/2022,4
6250,25,38144,47,Female,IT,8/4/2022,2
6251,63,38411,0,Male,IT,10/11/2023,2
6252,25,38671,48,NA,Marketing,26/1/2024,5
6253,24,50134,53,Male,Operations,11/7/2020,3
6254,56,24319,51,Male,Marketing,22/4/2024,4
6255,57,0,42,Male,Sales,29/7/2024,2
6256,19,14920,24,,Sales,6/4/2020,3
6257,46,46974,NA,Male,Marketing,23/7/2022,1
6258,42,34994,0,Male,Finance,19/9/2020,1
6259,36,38442,8,Male,HR,8/10/2021,3
6260,-,30652,35,Male,Operations,16/4/2022,5
6261,33,20391,42,Female,HR,20/5/2022,3
6262,21,65019,48,Male,HR,21/5/2024,1
6263,43,64702,40,Male,Operations,31/12/2023,1
6264,18,41289,32,Male,IT,25/1/2020,5
6265,45,29012,71,Male,Operations,19/2/2023,3
6266,42,,65,Male,HR,7/12/2020,5
6267,50,60854, ,Male,Finance,24/11/2022,5
6268,23,47954,94,Male,Sales,7/4/2022,2
6269,39,-,5,Male,HR,4/8/2020,4
6270,41,8588,43,Female,Operations,18/2/2022,4
6271,22,32087,83,Male,Marketing,1/9/2024,2
6272,38,30975, ,Female,Marketing,21/12/2020,
6273,64,40405,63,Male,HR,12/12/2020,2
6274,64,30154,72,Female,Finance,11/11/2022,2
6275,43,32602,82,Male,Marketing,8/8/2022,4
6276,60,54997,56, ,Marketing,20/1/2021,4
6277,62,56385,NA,Male,IT,21/6/2023,3
6278,46,38607,-,Male,HR,24/7/2020,5
6279,59,13934,5,Female,Finance,7/9/2023,2
6280,35,37736,27,,Sales,13/10/2024,4
6281,47,56611,38,Female,Marketing,20/9/2023,2
6282,52,0,87,Female,NA,13/12/2022,5
6283,37,30192,51,NA,Sales,20/9/2023,4
6284,50,234087,89,Female,Operations,26/11/2021,3
6285,23,-,45,Male,Marketing,11/6/2023,2
6286,19,49992,53,Female,Operations,28/6/2023,
6287,38,24209,98,Female,Finance,8/10/2021,5
6288,-,37239,62,Male,Finance,23/11/2022,3
6289,36,51751,21, ,*,23/5/2023,4
6290, , ,88,Male,HR,6/1/2022,1
6291,32,7833,42,Male,IT,26/5/2020,3
6292,49,20867,13,Female,IT,8/10/2020,1
6293,42,44847,48,Female,IT,1/4/2021,4
6294,,36283,96,Male,IT,27/1/2021,1
6295,33,0,*,Female,Finance,4/7/2022,1
6296,28,7729,58,Male,Finance,14/4/2023,3
6297,29,25415,70,*,HR,4/7/2024,5
6298, ,34398,5,Female,HR,8/6/2023, 
6299,36,41511,28,Male,Operations,21/3/2022,5
6300,29,34557,92,Male,IT,28/8/2024,1
6301,54,29786,0,Female,IT,16/3/2022,2
6302,NA,19863,16,Male,HR,14/6/2021,
6303,57,43428,84,Male,,21/10/2020,3
6304,33,44195,45,,Marketing,31/5/2021,NA
6305,NA,37101,*,Female,Operations,1/8/2023,5
6306,-,29817,36,Female,Sales,31/5/2023,2
6307,54,0,90,Male,IT,16/7/2021,1
6308,20,52745,29,Male,Marketing,22/4/2024,4
6309,34,30402,9,Female,Operations,3/8/2022,4
6310,27,36217,35,Male,HR,1/4/2022,4
6311,*,23625,23,Male,*,26/1/2021,5
6312,29,23462,96,Female,Operations,30/10/2020,3
6313,64,49314,*,Female,Marketing,31/3/2024,-
6314,21,57246,90,Female,Sales,1/1/2021,3
6315,35,43655,62,-,HR,13/3/2022,5
6316,35,,46,Female, ,22/9/2022,3
6317,51,24665,72,Male,Operations,12/9/2024,1
6318,49,42691,95,Male,Operations,1/2/2021,1
6319,39,48895,5,Male,HR,1/10/2021,5
6320,64,46773,99,Female,Marketing,28/3/2023,3
6321,42,35766,16,Female,Finance,17/8/2022,5
6322,63,38436,28,Male,HR,24/11/2020,5
6323,50,22668,62,Female,Operations,14/5/2020,5
6324,31,15761,38,Male,Finance,9/9/2021,2
6325,51,43476,,Female,HR,20/3/2023,2
6326,21,32202,57,Male,Finance,6/12/2021,*
6327,41,29446,80,Male,IT,30/4/2022,2
6328,58,27074,49,Female,IT,2/1/2024,4
6329,43,45542,37,Female,*,25/5/2024,5
6330,,32108,61,Female,Sales,12/5/2020,2
6331,38,26978, ,Male,IT,14/8/2024,3
6332,53,24984,5,Male,Sales,30/11/2021,5
6333,49,27181,63,Male,Finance,21/3/2024,1
6334,42,51967,61,Female,HR,8/10/2023,5
6335,60,15242,77,Female,IT,7/11/2023,4
6336,35,35437,18,*,Operations,10/4/2021,*
6337,33,44038,*,Male,HR,12/9/2024,3
6338,33,17123,40,-,HR,5/11/2021,3
6339,51,27500,*,Male,IT,24/5/2022,4
6340,29,29300,73,Female,Operations,12/4/2023,1
6341,63,35337,86,Female,HR,5/7/2024,4
6342,62,38709,45,Female,HR,23/10/2024,4
6343,48,39981,42,Male,Marketing,14/5/2024,5
6344,55,48457,*,Male,Finance,4/11/2021,
6345,36,37655,69,Female,*,29/5/2024,NA
6346,55,24627,54,Female,Sales,11/9/2020,1
6347,62,36129,69,Female,IT,19/2/2024,
6348,27,-,50,Male,HR,8/10/2022,5
6349,57,30494,7,Male,IT,23/4/2022,3
6350,53,26955,28,Female,Finance,26/5/2023,3
6351,39,35945,94,Male,Marketing,14/11/2021,
6352,43,52098,71,Male,Marketing,6/2/2020,1
6353,58,17655,13,Female,Marketing,8/11/2020,1
6354,26,29838,18,Female,Sales,28/2/2022,2
6355,42,67623,61,Male,Operations,30/3/2022,1
6356,42,26638,82,Female,Operations,27/1/2023,3
6357,26,30196,90,Male,IT,12/11/2022,3
6358,36,48175,53,Male,Finance,20/5/2024,4
6359,52,52751,9,Male,Finance,31/7/2020,1
6360,43,-,33,Female,IT,6/4/2022,1
6361,27,47734,0,Female,IT,8/4/2022,3
6362,33,0,*,Female,-,19/2/2020,5
6363,27,NA,0,Male,IT,29/2/2024,1
6364,23,48245,42,Male,Marketing,24/9/2024,5
6365,26,24784,56,Male,Finance,27/3/2023,5
6366,60,,63,Male,Finance,3/8/2021,5
6367,18,45670,93,Male,Operations,5/1/2022,1
6368,20,15126,100,Female,IT,29/3/2022,5
6369,53,31504,33,*,Marketing,10/9/2020,1
6370,49,28886,77,Female,Sales,9/9/2020,2
6371,55,49082,,Female,Operations,8/7/2020,1
6372,41,0,72,NA,Marketing,19/2/2023,5
6373,-,3950,48,Male,IT,30/1/2022,3
6374,*,49461,100,Male,HR,20/5/2021,4
6375,63,40617,25,Female,Operations,21/10/2023,NA
6376,60,25929,62,*,Sales,10/12/2023,4
6377,52,37324,69,Male,Operations,4/4/2022,4
6378,54,173440,25,Male,Sales,14/9/2021,4
6379,59,22176,95,Female,Marketing,23/11/2022,5
6380,49,59087,7,Female,Operations,12/9/2022,2
6381,35,30047,71,Female,Operations,18/7/2023, 
6382,24,43122,31,Female,NA,22/9/2022,4
6383,32,52274,38,Male,HR,29/4/2023, 
6384,22,31927,78,Female,Sales,12/7/2020,2
6385,46,0,78,-,HR,8/5/2022,1
6386,45,39561,90,Female,Marketing,16/10/2022,3
6387,31,32781,75,Female,HR,10/8/2022,
6388,35,48873,8,Male,Sales,17/4/2024,2
6389,59,*,60,Female, ,21/12/2020,1
6390,44,46277,NA,Female,Sales,27/2/2020,2
6391,20,28628,50,Female,Operations,2/4/2021,*
6392,39,16005,17,Female,Marketing,9/3/2021,2
6393,35,50807,74,Male,HR,5/11/2024,3
6394,58,29329,40,Female,IT,9/2/2023,1
6395,24,32621,83,Female,HR,17/3/2023,5
6396,28,37464, ,Male,Finance,16/6/2023,5
6397, ,27984,74,Female,Finance,7/11/2024,3
6398,33,52433,81,Male,IT,9/10/2021,4
6399,54,37569,50,Female,Finance,3/6/2020,3
6400,42,38663,90,Male,Sales,21/1/2021,4
6401,21,,22,Male,Marketing,19/2/2021, 
6402,58,56535,63,Female,IT,19/1/2021,4
6403,51,29286,57,Male,IT,12/7/2021,5
6404,29,38141,32,Male,HR,24/8/2022,5
6405,37,-,29,Female,Finance,22/7/2023,4
6406,38,32802,89,Female,Sales,27/7/2020,5
6407,43,42394,*,-,Sales,1/4/2021,5
6408,53,50832,32,Male,Marketing,20/6/2021,2
6409,59,67741,91,Female,Operations,6/9/2020,3
6410,26,29416,71,Female,IT,24/1/2020,2
6411, ,33385,68,Male,Marketing,22/12/2020,3
6412,43,-,29,Female,Finance,9/1/2020,1
6413,39,35829,49,Male,Finance,20/2/2024,3
6414,62,52431,0,Female,Marketing,13/6/2024,5
6415,27,-,74,Male,NA,15/5/2022,5
6416,41,35246,-,Male,Operations,13/3/2023,3
6417,24,,84,Female,HR,14/6/2024,2
6418,49,41562,67,Female,Operations,31/5/2022,5
6419,40,42786,37,Female,,28/3/2022,4
6420,55,48872,98,Female,IT,9/9/2021,5
6421,36,44563,,Female,Sales,16/2/2021,5
6422,*,0,92,Male,Finance,19/1/2021,1
6423,33,NA,28,Male, ,10/8/2021,4
6424,42,12590,0,Female,Finance,18/2/2023,5
6425,23,25955,-,Male,*,11/11/2020,2
6426,24,60457,46,Male,Sales,17/1/2021,2
6427,64,27077,60,Male,Operations,21/2/2021,NA
6428,18,50654,77,Female,Sales,7/2/2020,3
6429,47,37547,27,Male,Marketing,1/3/2022,-
6430,59,4747,97,Male,HR,11/11/2021,2
6431,48,42345,,Female,Sales,27/3/2022,3
6432,23,65446,35,Male,Operations,29/2/2024,3
6433,47,16979,60,Female,IT,11/3/2023,1
6434,-,20582,17,Female,-,6/9/2024,1
6435,37,43836,0,Female,Sales,26/7/2022,1
6436,18,,71,Male,HR,6/2/2023,3
6437,62,38296,33,Female,HR,14/6/2021,4
6438,57,37461,26,Male,HR,25/4/2022,2
6439,25,29657,41,Male,Sales,2/7/2024,2
6440,30,46860,65,Male,-,17/12/2022,1
6441,38,54028,63,NA,Operations,26/4/2022,1
6442,32,41670,54,Female,Marketing,4/1/2020,
6443,27,37299,*,Female,Finance,11/8/2020,2
6444,36,14569,40,Female, ,14/6/2022,4
6445,55,61697,46,Female,IT,23/9/2024,2
6446,34,2240,71,Male,Operations,31/1/2021,2
6447,60,21567,18,Female,Marketing,12/2/2024,5
6448,29,31604,82,Male,IT,20/1/2022,5
6449,56,0,98,Female,Finance,8/1/2024,4
6450,20,26702,53,Male,IT,30/3/2023,5
6451,59,30394,45,Female,HR,16/5/2022,2
6452,-,19697,38,Male,Marketing,22/12/2023,5
6453,56,45789,67,Male,Marketing,7/6/2024,4
6454,64,53784,22,Male,HR,10/2/2022,5
6455,46,26191,*,Female,Marketing,5/5/2024,4
6456,28,49652,40,Male,IT,18/12/2021,2
6457, ,20629,60,Male,Finance,19/8/2022,1
6458,NA,36007,8,Male, ,13/3/2022,3
6459,49,51894,72,Female,Finance,4/3/2021,5
6460,43,45939,10,Male,,8/10/2020,1
6461,49,0,30,Male,Marketing,21/1/2022,3
6462,45,0,NA,Male,IT,18/11/2024,5
6463,,NA,58,Female,-,20/9/2022,1
6464,-,41693,*,Male,IT,17/4/2022,
6465,43,26805,21,Male,Marketing,17/6/2023,3
6466,31,23352,39,Male,Marketing,16/8/2021,2
6467,50,0,70,*,HR,27/8/2022,5
6468,49,58667,34,Female,Marketing,3/2/2024,1
6469,51,57601,51,Female,Sales,10/3/2020,5
6470,64,44914,78,-,Sales,1/8/2023,3
6471,55, ,75,Male,Marketing,25/5/2023,3
6472,50,39253,24,Male,Sales,5/10/2023,3
6473,29,29457,88,Male,Operations,28/9/2024,5
6474,25,,62,Male,IT,30/8/2023,4
6475,27,29116,7,Female,Operations,3/1/2024,2
6476,45,28144,*,Female,Marketing,26/7/2021,5
6477,44,57966,44,Male,IT,16/9/2022,5
6478,39,41028,63,Female,Finance,15/1/2020,3
6479,34, ,55,Male,*,9/3/2022, 
6480,51,26209,97,Female,Sales,8/7/2020,5
6481,55,50743,66,Female,Marketing,21/6/2020,*
6482,39,11699,85,Male,IT,29/3/2020,2
6483,56,42242,6,Female,Finance,26/2/2023,3
6484, ,28141,25,Male,HR,12/12/2023,3
6485,32,52074,97,Male,Finance,11/5/2022,1
6486,60,31876,-,Female,IT,18/7/2022,
6487,43,44223,81,Male,Operations,20/4/2021,5
6488,61,40520,74,Female,HR,11/10/2020,2
6489,57,28952,64,Male,Marketing,19/10/2021,5
6490,37,44313,22,Female,HR,7/1/2023,4
6491,61,49904,NA,Female,Finance,23/8/2020,3
6492,37,38444,46,Male,HR,30/7/2022,4
6493,48,-,23,Male,Sales,17/7/2020,2
6494,36,0,28,Female,IT,28/4/2021,
6495,45,40333,66,Male,Operations,7/1/2021,2
6496,51,39811,79,Male,Finance,14/4/2023,4
6497,20,42794,36,Female,Marketing,5/4/2020,3
6498,37,28358,68,Male,Finance,16/5/2022,3
6499,31, ,43,Male,IT,25/7/2024,2
6500,35,58640,30,Male,Operations,2/12/2024,2
6501,28,14133,78,Male,Finance,4/7/2020,1
6502,63,27301,34,Female,Sales,16/7/2022,2
6503,49,41111,32, ,IT,23/1/2020,3
6504,32,29705,89,Male,Operations,6/4/2022,3
6505,33,28987,45,Male,Finance,6/11/2024,1
6506,42, ,0,Female,Finance,29/12/2023,3
6507,48,-, ,Male,Sales,13/10/2021,3
6508,20,30468,0,Female,HR,13/4/2024,3
6509,*,20357,9,Female,IT,6/1/2023,5
6510,24,0,9,Female,Operations,8/10/2024,4
6511,64,25693,18,Female,HR,7/11/2020,5
6512,27,31786,58, ,IT,20/3/2020,5
6513,46,35714,7,Male,Sales,26/2/2024,3
6514,18,39585,8,Female, ,7/8/2024,5
6515,48,38189,84,Female,IT,29/3/2023,2
6516, ,50474,43,Female,Marketing,13/8/2022,5
6517,48,49186,,Male,HR,17/10/2020,3
6518,35,32609,31,Male,IT,19/11/2021,5
6519,*,31647,-,Male, ,23/9/2022,2
6520,64,29850,40,Female,Operations,24/1/2020,1
6521,49,30863,71,Male,Finance,8/2/2023,5
6522,34,40830,35,Male,IT,2/7/2024,2
6523,35,49924,82,Female,IT,3/2/2024,2
6524,,41529,57,Female,Sales,4/9/2020,*
6525,NA,20287,7,Male,IT,21/11/2024,3
6526,51,30424,45,Male,Sales,17/2/2023,2
6527, ,42889,36,Male,Sales,22/12/2020,1
6528,61,42631,38,Male,HR,6/1/2021,1
6529,32,22245,59,,,24/3/2020,1
6530,63,29275,26,Male,Sales,12/9/2020,5
6531, ,45734,30,Male,Sales,30/9/2021,4
6532,23,49364,89,Male,Sales,9/6/2021,4
6533,51,33026,74,Female,IT,4/7/2024,1
6534,23,18425,47,Male,HR,3/9/2023,2
6535,31,23151,50,Male,*,4/9/2022,4
6536,19,46478,50,Male,NA,6/12/2021,2
6537,23,27869,*,Male,Finance,6/8/2023,2
6538,42,35754,48,Female,Finance,28/2/2021,3
6539,31,16896, ,Male,Operations,30/9/2024,3
6540,61,28257,84,Male,HR,24/8/2021,2
6541,60,*,32,Female,Sales,22/5/2023,5
6542,38,41313,57,Male,Sales,11/6/2021,3
6543,NA,43826,65,Male,HR,19/11/2024,1
6544,56,41861,0,Male,Operations,29/8/2024,1
6545,51,36775,0,Male,Marketing,19/1/2024,1
6546,30,36372,83,Female,NA,29/3/2020,1
6547,31, ,2,Female,HR,26/3/2022,NA
6548,39,17667,*,Female,IT,1/8/2022, 
6549,22,31289,90,Male,Sales,23/11/2024,3
6550,44,-,41,Male,Finance,31/5/2020,3
6551,41,31047,27,Female,Marketing,13/4/2024,5
6552,50,31568,84,Male,HR,7/11/2020,1
6553,30,27968,92,Female,HR,26/9/2020,2
6554,54,0,50,Male,Sales,2/11/2020,4
6555,64,-,92,Male,Operations,10/6/2020,1
6556,54,41629,23,Female,Marketing,10/5/2022,3
6557,38,0,33,Male,IT,18/11/2021,NA
6558,55,60915,0,Male,HR,27/7/2020,3
6559,64,49265,-,Female,HR,2/7/2024,3
6560,62,24819,,Male,Finance,19/8/2024,3
6561,33,19245,93,Female,Sales,22/10/2024,5
6562,18,13024,*,Female,Sales,7/7/2020,4
6563,53,37110,0,Male,Finance,26/8/2020,5
6564,45,21508,24,Female,HR,11/8/2021,5
6565,26,43958,74,Female,IT,26/6/2022,3
6566,33,31405,57,Male,Finance,31/1/2023,5
6567,53,40989,44,Female,Finance,1/7/2020,2
6568,49,55114,79,Female,Sales,11/9/2021,5
6569,31,49323,88,NA,*,30/8/2020,3
6570,39,25867,94,Male,HR,8/6/2023,-
6571,33,36882,98,-,Marketing,11/3/2022,4
6572,26,34564,45,Male,Finance,16/6/2020,2
6573,50,46421,21,Male,Marketing,20/7/2021,2
6574,30,NA,52,Female,Finance,8/4/2020,1
6575, ,7197,23,Female,Finance,24/7/2022,3
6576,42,0,1,Male, ,1/3/2020,5
6577,23,,13, ,Operations,9/12/2022,5
6578,NA,48885,NA,Male,Finance,23/8/2021,5
6579,54,28144,13,-,Operations,27/9/2020,2
6580,24,41414,47,Male,Marketing,30/5/2020,1
6581,57,36460,1,Male,Operations,26/6/2023,1
6582,39,20380,95,Male, ,15/11/2021,3
6583,22,*,77,Male,Sales,26/1/2023,3
6584,46,31056,90,Female,Marketing,19/8/2023,1
6585,18,-,72,Female,Operations,25/6/2022,3
6586,60,44890,76,Female,Operations,18/9/2021,3
6587,22,*,81,Male,Operations,27/7/2024,4
6588,36,36260,22, ,Finance,22/8/2022,5
6589,20,22018,33,Female,IT,2/7/2023,3
6590,25,34268,23,Male,Marketing,26/3/2020,1
6591,54,NA,48,Female,IT,12/6/2024,1
6592,24,18094,59,Male,HR,30/10/2023,4
6593,54,27678,NA,,HR,8/10/2022,3
6594,40,-,89,Female,Operations,13/5/2023,2
6595,54,,*,Male,Finance,17/11/2022,1
6596,41,224694,97,,Finance,28/1/2020,4
6597,62,34213,7,Female,Marketing,8/7/2021,5
6598,49,46289,90,Male,Sales,8/4/2024,5
6599,18,21452,71,Male,HR,23/9/2023,3
6600,63,-3697,66,NA,Operations,12/7/2021,4
6601,50,39829,91,Male,Operations,15/10/2023,5
6602,47,22891,39,Female,Marketing,14/8/2020,1
6603,33,44796,69,Female,Finance,24/9/2022,2
6604,22,47317,68,Male,IT,4/8/2022,1
6605,-,24624,77,Female,Finance,19/7/2024,2
6606,61,27888,96,NA,HR,20/9/2024,5
6607,43,42708,60,Male,Marketing,20/3/2024,2
6608,55,59422,85,Female,Operations,2/2/2021,1
6609,62,51693,13,Male,Finance,12/6/2020,3
6610,29,34404,19,Female,Sales,20/10/2021,4
6611,48,31817,0,Female,Marketing,2/2/2020,4
6612,34,-,*,Female,Sales,3/2/2022,1
6613,35,19972,5,Male,IT,26/4/2020,2
6614,49, ,89,Female,Operations,27/3/2021,*
6615, ,NA, ,Male,Operations,16/4/2022,2
6616,23,43632,7,Female,Marketing,17/12/2020,*
6617,45,44496,22,Male,Finance,30/4/2021,2
6618,58,47806,0,Female,Operations,6/5/2022,4
6619,48,28587,81,Male,NA,1/11/2020,5
6620,39,39588,64,Female,Finance,6/5/2022,5
6621,45,21497,81,Male,Marketing,5/3/2023,2
6622,53,47250,6,Female,IT,25/7/2021,4
6623,26,22249,72,Male,,5/1/2024,5
6624,25,37089,23,Male,Sales,15/1/2020,5
6625,*,13725,15,Female,Finance,11/8/2024,*
6626,29,0,56,-,Marketing,10/1/2022,3
6627,63,38191,24,Male,Finance,16/1/2021,1
6628,48,52054,37,Female,IT,24/12/2023,2
6629,53,50313,80,Male,HR,12/2/2024,5
6630,58,34174,17,Female,HR,20/7/2021,5
6631,24,16105,28,Male,Finance,21/2/2021,4
6632,56,37198,98,,IT,5/10/2023,1
6633, ,46205,28,Male,*,8/11/2022,3
6634,40,56808,44,Male,Marketing,7/3/2020,2
6635,38,26430,30,Female,-,27/4/2022,4
6636,62,33063,33,Female,Marketing,16/8/2021,5
6637,44,44744,0,NA,HR,24/10/2022,3
6638,30,37826,56,Female,Operations,26/10/2024,4
6639,58,44831,3,Male,IT,10/5/2021,2
6640,-,30335,22,Male,HR,1/2/2020,3
6641,37,13197,58,Male,Marketing,1/2/2023, 
6642,28,16675,55,-,HR,27/7/2021,1
6643,51,53505, ,Male, ,17/3/2020,3
6644,61,27758,31,Female,HR,3/9/2023,1
6645,19,25844,99,Male,Marketing,26/6/2023,4
6646,*,26989,,Female,Operations,7/5/2020,5
6647,24,11211,5,Female,Operations,17/7/2022,4
6648,48,NA,43, ,Operations,25/5/2020,3
6649,45,41485,3,Female,Sales,22/8/2021,3
6650,59,52724,98,Female,HR,21/1/2024,5
6651,58,19353,43,Male,Operations,2/3/2024,4
6652,44,29510,79,Male,Sales,19/10/2021,NA
6653,*,44774,27,Female,Sales,30/5/2023,1
6654,44,,69,Male,IT,22/2/2022,*
6655,31,14362,8,Male,Operations,14/11/2023,2
6656,30,38228,36,Female,IT,6/2/2022,5
6657,51,37051,72,Female,Operations,27/11/2021,4
6658,43,41646,63,*,Operations,17/8/2024,2
6659,43,39781,22,Male,Marketing,1/2/2023,2
6660,42,52025,16,Female,Finance,2/8/2023,4
6661,18,29416,67,Female,Sales,23/4/2022,2
6662,37,25577,4,Male,-,14/1/2023,1
6663,32,37461,50,Male,Marketing,5/10/2020,1
6664,38,18347,58,Male,Sales,23/3/2022,3
6665,45,39549,31,,IT,24/8/2024,3
6666,52,32954,35,Female,Finance,28/10/2020,1
6667,30,0,41,Male,-,30/9/2024,4
6668,37,44676,*,Female,Finance,17/6/2021,3
6669,37,36020,12,Male,Finance,28/11/2021,2
6670,21,14461,15,Female,IT,14/6/2024,-
6671,61,29822,-,Female,Operations,24/2/2023,2
6672,,30210,18,Female,Finance,17/6/2020,5
6673,48,40976,11,,HR,12/5/2020,5
6674,58,30995,89,Female,HR,16/7/2021,1
6675,21,44013,33,Male,HR,25/6/2023,3
6676,NA,NA,74,Female,Operations,4/2/2024,2
6677,36,16685,NA,Male,Sales,24/2/2024,*
6678,30,17871,NA,Male,Operations,5/9/2021,4
6679,33,17135,61,Male,IT,9/7/2024,4
6680,37,48159,97,Male,HR,26/10/2021,1
6681,25,43188,65,Female,Finance,4/9/2020,1
6682,28,25163,20,Male,Sales,29/12/2022,3
6683,38,35332,54,Female,IT,13/5/2021,3
6684,64,39349,40,Male,Finance,11/12/2022,
6685,45,20476,*,Male,Operations,28/4/2021,4
6686,33,27907,14,Male,Sales,30/7/2020,2
6687,56,26644,NA,Female,Marketing,1/10/2023,1
6688,20,24245,29,Female, ,16/7/2022,5
6689,48,38572,90,Male,Finance,13/2/2023,2
6690,47,46299,23,Female,Marketing,7/10/2024,2
6691,25,32060,18,Male,IT,20/3/2020,4
6692,49, ,94,Female,Sales,5/4/2024,5
6693,*,30712,93,Male,Sales,13/8/2020,5
6694,28,27746,65,Female,IT,25/4/2022,
6695, ,41637,-,Male,HR,22/11/2020,2
6696,63,31463,27,Male,HR,9/1/2024,2
6697,37,23460,93,Female,IT,3/8/2024,4
6698,53,37847,42,Male,Sales,24/5/2022,3
6699,52,NA,92,Female,Finance,8/10/2024,5
6700,23,60997,78,Female,Finance,8/8/2021,*
6701, ,20431,7,Male,Operations,25/11/2021,5
6702,21,41068, ,Male,-,19/11/2021,5
6703,61,36841,8,Male,Finance,22/11/2021,1
6704,37,27296,22,Male, ,19/3/2022,2
6705,63,39666,33,Female,Marketing,25/2/2024,5
6706,48,29942,69,Male,Sales,9/12/2021,5
6707,19,NA,92,Female,Operations,18/11/2022,2
6708,23,45236,-,Male,Marketing,4/7/2022,3
6709,-,55118,17,Female,Sales,5/6/2023,5
6710,44,40951,83,Female,IT,6/5/2024,3
6711,48,46168,91,Male,Finance,24/11/2022,4
6712,55,37404,0,Male,Finance,16/7/2023,1
6713,43,23854,41,Male,Operations,3/5/2020,5
6714,24,14848,41,Female,HR,15/7/2023,3
6715,27, ,18,Male,Finance,19/12/2022,4
6716,29,36902,6,Female,Sales,6/8/2020,5
6717,26,45661,87,Female,Finance,7/2/2024,2
6718,36,60720,67,Male,HR,29/3/2024,1
6719,35,21512,57,Male,Finance,31/1/2024,5
6720,33,-,36,Male,Sales,12/2/2021,2
6721,22,39966,82,Female,HR,25/4/2020,5
6722,28,48197,48,Male,Marketing,6/11/2020,5
6723,63,42832,74,Male,Finance,16/3/2021,3
6724,59,52303,32,Male,HR,25/6/2020,5
6725,59,34707,98,Male,Marketing,18/1/2021,2
6726,62,47754, ,Male,Finance,19/6/2020,1
6727,62,44025,89,*,HR,18/12/2023,2
6728,50,26799,42,Male,Marketing,3/1/2022,2
6729,21,34468,2,Male,Sales,23/8/2024,5
6730,34,48488,21,Male,Sales,17/2/2020,4
6731,38,13425,10,Male,Finance,4/8/2024,3
6732,44,28579,,Female,Operations,17/4/2020,
6733,20,28061,16,Female,HR,3/12/2022,4
6734,53,,99,Male, ,20/8/2023,4
6735,57,46526,38,Female,Marketing,22/2/2021,*
6736,36,24816,99,Male,Marketing,3/1/2023,3
6737,46,26082,83,Female,Sales,2/6/2021,3
6738,42,38334,,Female,Sales,26/7/2022,1
6739,34,-,35,-,HR,19/3/2023,5
6740,49,22831,54,Female,Operations,28/4/2022,4
6741,46,6378,0,Male,Sales,26/11/2024,3
6742,40,-5208,25,Male,Marketing,26/6/2023,5
6743,30,37984,31,Female,IT,31/12/2020,1
6744,62,,13,Female,Operations,5/2/2020,4
6745,39,33276,24,Male,IT,19/6/2021,1
6746,40,49761,38,Female,Marketing,23/11/2021,5
6747,50,37756,95,Male,HR,6/2/2023,3
6748,NA,24393,55,Male,IT,28/3/2020,5
6749,43,49653,42,Male,HR,23/1/2022,1
6750,36,31798,0,Female,Finance,14/9/2021,5
6751,45,50200,87,Male,Marketing,30/5/2024,4
6752,64,64534,51,Female,Sales,28/8/2020,5
6753,34,32519,63,Female,Sales,16/11/2024,2
6754,33,31799,5,Male,HR,19/11/2020,1
6755,25,33193,32,Female,Marketing,8/3/2020,3
6756,21,32905,27,Male,Finance,5/3/2020,2
6757,56,42772,55,Female,IT,26/12/2021,3
6758,,35903,25,Male,HR,3/6/2024,2
6759,31,15672,80,Female,Operations,28/11/2021,3
6760,61,55303,70,Male,HR,7/5/2020,2
6761,30,20769,100,Male,IT,6/5/2024,2
6762,47,43877,NA,Male,Sales,6/4/2023,3
6763,41,35084,63,Female,Marketing,27/6/2023,5
6764,33,21914,10,Female,Sales,24/3/2024,3
6765,51,33885,22,Female,IT,25/8/2021,1
6766,44,33949,78,Female,Finance,19/2/2023,2
6767,48,50498,89,Female,NA,7/9/2020,5
6768,25,27603,4,Male,Operations,4/1/2021,1
6769,26,33589,94,Male,Operations,20/9/2022,3
6770,34,29988,48,Female,Operations,19/3/2022,2
6771,25,42385,83,Female,Operations,5/3/2021,-
6772,36,38022,97,Male,IT,24/11/2023,1
6773,45,39757,98,Male,Sales,22/11/2021,NA
6774,25,50058,33,,HR,19/11/2020,-
6775,37,35999,28,Male,Operations,9/5/2022,3
6776,39,20364,94,Male,Operations,25/10/2022,2
6777,33,31030,26,NA,Sales,17/8/2024,1
6778,61,29688,66,Female,HR,19/6/2020,NA
6779,-,29964,62,Male,Sales,12/4/2021,1
6780,27,33691,NA,,Finance,19/12/2023,4
6781,36,39016,75,Female,IT,16/12/2021,2
6782,43,40940,38,Female,Operations,25/3/2024,2
6783,28,0,99,Male,Sales,6/12/2023,4
6784,44,16268,98,Female,HR,4/9/2021,5
6785,62,19158,23,Female,IT,9/4/2021,1
6786,31,24975,50,Male,Finance,21/7/2020,5
6787,35,43687,0,Male,NA,16/9/2022,1
6788,21,49995,5,Female,Sales,22/10/2020,2
6789,35,52721,0, ,IT,17/6/2023,2
6790,34,36228,0,Female,Finance,23/5/2024,1
6791,50,32958,95,Female,Operations,6/1/2021,4
6792,53,54150,97,Female,Marketing,8/7/2021,4
6793,NA,64138,85,Female,Finance,28/3/2024,5
6794,47,31164,13,Female,Sales,16/11/2022,1
6795,36,31483,80,Female,Sales,21/5/2020,2
6796,54,34542,22,Female,Finance,12/2/2023,3
6797,42,-,12,Female,IT,12/11/2021,1
6798,62,273313,42,Male,Sales,10/3/2024,1
6799,50,0,0,Male,Marketing,24/4/2024,4
6800,25,48802,56,Female,Sales,25/8/2024,5
6801,40,36276,4,NA,Marketing,5/9/2020,5
6802,33,58384,,Female,IT,1/2/2023,1
6803,*,27151,21,Male,Sales,10/2/2022,5
6804,60,28041,-,Male,Sales,28/2/2020,5
6805,40,25828,19,Female,Sales,28/12/2023,3
6806,31,49297,49,Female,Marketing,6/2/2024,2
6807,56,24813,66,Male,Operations,30/8/2020,5
6808,33,40056,25,Female,*,12/8/2021,4
6809,32,16871,63,Male,HR,17/10/2021,1
6810,-,43700,98,Male,Marketing,1/6/2023,3
6811,52,41117,98,Male,Marketing,11/3/2021,1
6812,62, ,97,Female,Finance,22/8/2023,2
6813,63,36768,7,Female,Finance,3/9/2022,3
6814,20,34119,49,Female,Finance,5/3/2024,5
6815,56,28962,27,NA,IT,13/6/2020,5
6816,39, ,70,Female,Sales,14/5/2023,1
6817,41,58243,58,Male,Operations,13/5/2020,5
6818,64,58765,9,Female,Marketing,13/2/2022,1
6819,64,39179,41,Female,HR,14/4/2023,4
6820,46,5248,*,Female,Operations,26/6/2021,4
6821,55,*,21,Female,Operations,7/11/2024,1
6822,48,26630,10,Male,Marketing,14/12/2020,2
6823,45,24881,43,Male,Marketing,21/8/2023,1
6824,64,46153,9,Female,,25/6/2024,4
6825,33,42564,59,Female,HR,24/9/2021,4
6826,19,24638,98,Female,Marketing,28/2/2020,NA
6827,29, ,68,Male,Sales,20/4/2020,1
6828,42,29533,41,Female,Sales,19/7/2021,1
6829,45,49251,50,Male,Sales,6/7/2023,5
6830,47,51056,-,Male,IT,27/3/2023,2
6831,56,40845,76,Female,Operations,12/12/2023,1
6832,58,44840,52,,Sales,26/6/2020,3
6833,29,43591,7,Female,IT,31/1/2020,5
6834,52,59812,30,Male,Operations,15/8/2022,-
6835,22,30035,83,Female,Operations,31/7/2021,2
6836,23,NA,-,Male,Operations,29/7/2021,5
6837,54,12811,44,Female,Sales,7/8/2024,4
6838,56,0,46,Female,Marketing,26/12/2021,1
6839,30,41989,53,Male,-,22/5/2024,5
6840,60,24326,14, ,IT,26/8/2024,2
6841,NA,23273,74,NA,HR,30/10/2024,3
6842,64,8180,41,Female,-,10/11/2022,3
6843,34,38410,36,Female,IT,28/5/2022,1
6844,52,28709,29,Female,Sales,31/10/2020,3
6845,49,39364,94,Female,Sales,11/4/2021,2
6846,57,38329,14,Female,IT,18/7/2023,3
6847, ,25514,43,Female,Marketing,19/11/2020,4
6848,26,43551,54,Female,Finance,30/6/2021,3
6849,45,47778,24,Male,Finance,13/10/2024,3
6850,48,47565,12, ,IT,17/1/2022, 
6851,44,33342,29,Male,Operations,21/8/2021,2
6852,64,NA,69,Female,Finance,21/3/2020,3
6853,29,42098,28,*,Finance,28/6/2021,3
6854,45,26801,95,Male,IT,28/3/2021,3
6855,*,35972,95,Male,HR,26/9/2022,2
6856,37,23231,40,Female,HR,30/6/2022,5
6857,38,31254,44,Female,*,16/6/2021,*
6858,54,0,87,Male,HR,5/8/2024,5
6859,37,39928,45,Female,HR,3/12/2022,1
6860,34,40373,52,Female,Marketing,29/11/2023,2
6861,63,36100,46,Male,HR,10/9/2024,2
6862, ,40821,49,Male,Finance,25/11/2023,1
6863,44,21425,91,Female,IT,19/5/2022,-
6864,62,33967,16,Female,HR,3/11/2021,4
6865,30,23765,62,Female,Operations,12/10/2023,2
6866,62,53136,78,Male,Finance,13/4/2023,4
6867,46,24335,44,Female,HR,4/8/2021,4
6868,39,20635,64,*,Finance,18/1/2021,-
6869,54,40216,0,Female,Operations,23/8/2024,5
6870,21,22335,79,Male,HR,29/2/2020,1
6871,50,45683,81,NA, ,13/11/2023,3
6872,60,19258,43,Male, ,5/1/2021,5
6873,42,29059,10,Female,Sales,15/6/2020,4
6874,32,37811,96,,IT,17/4/2020,2
6875,27,26214,21,Male,Finance,16/11/2022,4
6876,41,18700,11,Female,Operations,4/4/2022,2
6877,57,38665,9,Female,IT,11/5/2024,3
6878,63,34925,22,Female,IT,28/1/2024,1
6879,NA,24134,97,Female,Marketing,24/9/2021,2
6880,54,46304,81,Male,Finance,22/10/2020,1
6881,52,38998,9,Female,IT,29/9/2024,2
6882,*,0,7,Male,Sales,7/5/2024,1
6883,32,54574,9,Male,-,1/11/2020,1
6884,28,0,84,Female, ,29/8/2021,2
6885,38,,29,NA,Marketing,25/9/2020,5
6886,23,-,29,Female,*,16/12/2023,5
6887,33,45135,7,Male,IT,4/12/2022,5
6888,56, ,48,Female,HR,12/4/2022,2
6889,51,34393,79,Male,Finance,16/11/2022,2
6890,46,30090,91,Male,Operations,7/10/2023,3
6891,51,47428,40,Female,Sales,18/2/2024,*
6892,46,22046,73,Male,Finance,7/6/2020,2
6893,50,-,47,Male,HR,1/7/2020,1
6894, ,0,44,Female,HR,10/8/2021,2
6895,18,16998,0,Female,HR,27/11/2020,5
6896,62, ,9,Female,Marketing,17/5/2022,2
6897,41,45110,46,Female,HR,30/3/2023,4
6898,40,31873,19,Male,IT,27/1/2023,2
6899,-,27510,91, ,Finance,10/11/2024,4
6900,50,39765,25,Male,Operations,12/2/2021,NA
6901,39,21223,42,Male,Marketing,10/4/2021,5
6902,39,35058,73,Female,IT,14/5/2023,3
6903,53,0,52,Male,IT,6/10/2021,2
6904,61,44182,11,Female,HR,21/5/2021,1
6905,62,33649,91,Male,Finance,22/4/2024,5
6906,NA,48527,77,Female,IT,1/11/2024,1
6907,,14242,NA,Male,Finance,16/8/2021,4
6908,32,28269,9,Male,Operations,25/6/2021,1
6909,21,28026,88,Male,Operations,9/4/2020,3
6910,42,21613,81,Female,Marketing,16/8/2023,3
6911,60,54015,96,Female,Finance,2/1/2024,5
6912,31,34250,26,Female,Marketing,16/3/2021,5
6913,35,36737,*,Male,Finance,2/8/2020,4
6914,28,43237,56,,Sales,21/8/2020,3
6915,48,33532,19,Male,Finance,17/1/2024,5
6916,64,25124,9,Female,Finance,6/6/2023,1
6917,22,44636,75,Male,Sales,2/12/2023,3
6918,,11277,82,Female,Sales,29/7/2023,5
6919,46,35567,NA,Male,Operations,10/5/2021,5
6920,18,33267,80,Female,Sales,22/5/2023,1
6921,37,20646,40,Male,Sales,21/7/2024,2
6922,20,47636,98,Male,Operations,22/8/2023,1
6923,45,40426,34,Male,HR,18/1/2023,5
6924,56,31330,90,Male,HR,7/3/2020,1
6925,41,22440,2,Female, ,29/12/2023,5
6926,,*,0,NA,IT,11/6/2021,1
6927,49,41203,97,Male,NA,31/1/2021,3
6928,27,41832,27,Female,Finance,17/3/2020,1
6929,48,44120,26,Female,Operations,21/2/2022,5
6930,59,29874,20,Male,IT,22/2/2023,1
6931,18,53904,NA,Female,Marketing,31/10/2022,1
6932,*,32628,-,Female,Marketing,28/7/2024,5
6933,NA,39021,21,Male,HR,20/7/2024,5
6934,43,41023,24,Male,*,21/12/2021,3
6935,33,31894,91,NA,Finance,4/2/2021,4
6936,38,26309,49,Male,IT,22/7/2023,NA
6937,22,-,22,Female,,14/4/2021,2
6938,44,47716,50,Male,HR,23/8/2024,1
6939,57,42758,45,Male,Operations,15/4/2024,5
6940, ,38506,49,Male,Finance,31/1/2021,1
6941,56,40420,48,Male,HR,1/7/2022,2
6942,*,32660,NA,Female,Marketing,13/7/2024,4
6943, ,37021, ,Female,Sales,20/10/2021,3
6944,24,29177,51,Male,Operations,30/1/2022,5
6945,53,21135,31,Male,HR,29/10/2023,2
6946,36,22794,9,Female,IT,3/7/2024,1
6947,41,0,28,Male,IT,9/8/2024,5
6948,37,24864,49, , ,20/1/2022,3
6949,44, ,14,Female,Finance,30/3/2023,4
6950,23,9233,60,Female,NA,26/12/2023,3
6951,25,39911,59,-,IT,9/5/2023,1
6952,41,24605,10,Female,Marketing,21/2/2021,1
6953,-,12568,-,Male,Marketing,4/5/2024,3
6954,28,30070,70,-,Operations,2/4/2021,4
6955,39,34179, ,,*,12/11/2020,1
6956,51,29577,94,Male,Sales,13/5/2024,2
6957,52,40994,59,Male,HR,30/4/2020,1
6958,50,7755,25,Female,IT,7/8/2024,2
6959,-,17532,32,Male,Finance,9/6/2020,4
6960,40,34482,5,Female,IT,24/10/2023,2
6961,64,29008,35,Female,HR,8/8/2024,5
6962,60,33874,46,Female,Marketing,19/11/2022,1
6963,31,43287,35,Male,Sales,14/3/2020,3
6964,19,,83,Male,Sales,2/12/2021,2
6965,63,*,*,Male,IT,30/11/2022,2
6966,25,56316,94,Female,Operations,3/5/2020,1
6967,52,52010,10,Male,Operations,25/7/2023,4
6968,46,232088,25,Male,Sales,3/3/2024,4
6969,33,32105,94,Female,-,25/11/2020,3
6970,41,32869,96,Female,HR,2/1/2021,3
6971,23,42222,2,Male,Operations,21/7/2022,1
6972,54,51677,97,Female,Operations,30/10/2022,2
6973,39,22518,77,Female,Marketing,9/8/2021,4
6974,45,52829,81,Female,Marketing,18/4/2020,3
6975,58,15003,7,Female,IT,17/8/2024,4
6976,38,33736,69,Female,-,21/9/2024,3
6977,46,38185,16,Female,Sales,11/3/2022,3
6978,26,20746,92,Male,Marketing,30/12/2020,3
6979,48,25174,45,Female,HR,27/4/2022,3
6980,53,34563,47,Male,HR,17/1/2020,4
6981,46,,20,Female,Operations,2/6/2023,2
6982,*,28621,83,Female,,13/3/2021,2
6983,37,27066,95,Male,HR,4/11/2024,4
6984,61,41332,49,Female,Marketing,25/5/2021,1
6985,22,62820,46,*,Marketing,16/10/2022,5
6986,40,50243,23,Female,Finance,8/10/2020,
6987,59,34039,13,Male,Finance,5/11/2020,3
6988,20,36844,7,Male,Sales,24/5/2023,4
6989,55,53024,19,Male,IT,18/2/2021,2
6990,28,NA,12,Female,IT,29/4/2022,5
6991,30,35920,21,Male,Finance,23/5/2024,4
6992,28,29347,1,Female,Marketing,13/9/2022, 
6993,24,34919,79,Male,Finance,20/4/2024,1
6994,51,22980,47,Female,HR,16/7/2023,1
6995,62,37109,85,Male,IT,13/10/2021,5
6996,59,22950,0,Female,Sales,14/7/2020,3
6997,41,35652,70,Male,HR,4/10/2023,3
6998,40,36619,65,Female,Operations,29/11/2023,1
6999,-,49057,67,Female,HR,31/3/2024,3
7000,24,26663,42,Male,IT,4/4/2024,1
7001,51,0,73,Male,HR,10/1/2021,3
7002,64,29182,27,Male,Finance,21/3/2021,4
7003,51,21736,12,Female,Marketing,23/5/2020,4
7004,26,45935,56,Male,Marketing,24/4/2021,3
7005,29,24557,0,Female,Sales,3/1/2024,4
7006,30,21015,95,Male,Marketing,13/7/2022,5
7007,18,16011,36,Male,Finance,27/6/2022,4
7008,30, ,78,Male,Finance,17/2/2021,-
7009,21,-,-,Female,Finance,1/8/2020,3
7010,54,21917,93,Male,Finance,31/7/2022,1
7011,45,35560,23,Male,Operations,6/2/2020,5
7012,21,47708,60,Female,Sales,14/9/2021,3
7013,NA,45602,9,Male,*,28/2/2024,3
7014,27,26676,48,Female,Finance,19/12/2021,1
7015,37,35404,87,Female,Finance,8/4/2020,4
7016,61,22632,98,*,Sales,15/12/2023, 
7017,33,29451,51,Female,NA,20/6/2020,4
7018,53,57148,7,Male,IT,4/4/2023,1
7019,61,37014,1,Female,Operations,18/4/2024,-
7020,42,34814,82,Female, ,27/4/2020,2
7021,40,44407,8,Male,Operations,16/1/2022,4
7022,41,28576,,Male,IT,9/10/2020,
7023,55,35047,44,Female,Operations,14/4/2023,5
7024,64,19419,41, ,Operations,12/11/2024,1
7025,63,NA,14,Female,Operations,21/6/2024,4
7026,28,44623,*,Male,Marketing,24/2/2021,1
7027,18,52104,81,Female,Operations,13/1/2023,2
7028, ,25861,22,,Finance,13/7/2021,4
7029,24,30099,69,Male,*,31/5/2020,4
7030,33,48465,89,-,Marketing,28/3/2020,5
7031,49,51642,88,Female,IT,17/8/2024,3
7032,33,36988,94,Female,HR,10/8/2022,4
7033,36,0,6,Female,Operations,22/12/2021,4
7034,22,36208,14,Male,Sales,5/1/2020,NA
7035,36,*,3,Male,HR,16/11/2023,2
7036,53,29600,94,Female,Operations,2/1/2021,3
7037,*,-2762,NA,Male,IT,16/7/2021,1
7038,30,68625,70,Male,Finance,30/5/2021,4
7039,52,57231,35,Male,Marketing,15/2/2022,2
7040,46,31674,5,Male,Sales,17/5/2024,3
7041,58,43444,4,Female,Marketing,13/12/2021,1
7042,64,31358,37,Female,Finance,31/10/2024,4
7043,22,15704,79,Male,Marketing,19/12/2023,4
7044,-,49715,36,Male,IT,22/6/2021, 
7045,,45262,87,Male,HR,6/1/2022,2
7046,21,18338,27,Male,Marketing,5/2/2021,1
7047,35,28928,88,Female,HR,22/5/2020,1
7048, ,24512,*,Male,IT,4/4/2022, 
7049,55,24644,*,Male,Sales,14/9/2024,5
7050,54,61136,,Male,Operations,22/9/2023,5
7051, ,40471,9,Male,Marketing,9/7/2022,3
7052,25,47099,69,Female,Operations,9/11/2022,3
7053,61,13419,58,Male,HR,17/9/2024,3
7054,31,-,25,Female,Marketing,3/5/2022,5
7055,64,38899,65,Female,Operations,5/10/2021,4
7056,41,21471,64,Female,Marketing,2/7/2020,1
7057,60,*,34,Male,IT,7/8/2020,*
7058,64,37876,93,*,Finance,24/8/2023,3
7059,61,39245,27,Female,Marketing,3/7/2022,4
7060,42,39468,93,NA,Sales,20/3/2024,5
7061,,27945,28,Female,Marketing,1/10/2020,2
7062,18,63665,0,,Finance,12/4/2021,2
7063,44,*,71,Male,Sales,12/2/2023,3
7064,62,40369,55,Male,Operations,23/3/2021,4
7065,29,50258,3,Female,Marketing,6/7/2023,4
7066,56,40232,18,Female,Sales,3/12/2023,2
7067,18,19053,8,Female,Sales,6/10/2020,1
7068, ,40198,60,Female, ,1/12/2021,3
7069,48,0,5,Female,Operations,2/9/2020,3
7070,55,29138,88,Male,Operations,19/1/2021,5
7071,29,15711,42,Male,HR,2/9/2020,4
7072,50,*,15,Female,Operations,18/6/2021,2
7073,48,57491,0,Female,Marketing,12/4/2024,5
7074,22,36323,79,Female,NA,5/11/2021,5
7075,28,18847,54,Male,IT,24/9/2020,5
7076,-,6092,67,Female,Finance,18/5/2024,4
7077,*,-,54,Male,Operations,9/5/2022,4
7078,26,0,72,Male,Operations,2/6/2024,1
7079,30,36964,54,Male,Operations,14/9/2021,1
7080,37,31240,53,Male,IT,12/9/2023,4
7081,43,46560,68,,HR,19/10/2020,2
7082,50,31783,66,Female,Finance,25/5/2020,1
7083,59,52428,12,,HR,19/3/2020,5
7084,46,0,0,Female,HR,10/2/2024,5
7085,52,45072,18,Female,HR,29/1/2021,2
7086,36,35069,67,Male,Marketing,25/5/2024,2
7087,22,42086,,Female,Marketing,4/2/2022,2
7088,54,29394,*,Female,IT,27/3/2024,4
7089,22,35796,72,Female,Finance,8/5/2021,5
7090,39,32134,11,Male,Finance,1/6/2023,5
7091,22,41893,94,Male,Finance,31/3/2024,5
7092,22,43325,89,Female,Sales,28/5/2024,
7093,33,44709,58,Male,Sales,1/10/2023,4
7094,29,46120,14, ,Operations,31/8/2020,2
7095,44,51651,9,Female,HR,22/4/2024, 
7096,49,43088,96,Female,,10/10/2023,4
7097,42,26263,40,Female,Sales,21/4/2024,-
7098,51,46835,70,Male,Finance,19/7/2020,-
7099,62,0,95,-,Operations,21/5/2024,5
7100,62,36445,0,Male,Sales,29/8/2024,3
7101,-,-,19,Male,Marketing,28/9/2020,5
7102,24,,91,Female,NA,12/7/2020,5
7103,58,26628,14,Female,Sales,9/12/2020,4
7104,43,36158,46,,Sales,21/1/2021,4
7105,45,35996,5,NA,Operations,16/6/2022,3
7106,56,42891,42,Female,Marketing,17/6/2023,2
7107,21,27070,0,Male,Finance,22/5/2024,-
7108,47,47275,32,Male,HR,4/11/2021,2
7109,53,38838,94,Female,IT,14/7/2020,5
7110,55,49439, ,Female,Sales,13/10/2023,-
7111,49,37329,22,Female,HR,12/12/2021,-
7112,47,41580,30,Male,Operations,2/2/2023,2
7113,27,0,,Male,Operations,2/1/2020,2
7114,44,30432,10,Male,Operations,14/12/2020,3
7115,19,,51,Male,IT,25/1/2023,3
7116,35,46938,9,Female,Operations,26/6/2024,3
7117,53,37031,22,Female,Finance,29/3/2023,3
7118,29,46901,14,Female,Operations,17/3/2024,2
7119,55,36614,6,Male,HR,8/1/2021,1
7120,19,38924,26,Female,HR,14/11/2021,4
7121,58,9993,52,Male,HR,13/7/2022,4
7122,59,26831,22,Male,IT,20/3/2024,NA
7123,24,30793,*,Male,HR,25/4/2023,2
7124,36,32229,67,Female,Finance,16/1/2020,3
7125,33,33395,*,Female,Operations,18/3/2021,1
7126,58,0,82,Female,,29/3/2023,3
7127,30,35505,5,Female,Sales,25/6/2024,3
7128,56,37428,20,Male,Operations,11/11/2020,5
7129,47,48584,22,Male,HR,17/10/2021,1
7130,-,33708,0,Female,Marketing,8/10/2023,-
7131,40, ,54,Male,Operations,10/9/2023,1
7132,29,19981,70,Female,Operations,12/11/2021,5
7133,39,19302,14,Male,Marketing,8/5/2022,3
7134,24,31705,72,Female,HR,25/2/2022,4
7135,*,21086,56,Female,IT,15/11/2020,5
7136,NA,46873,59,Male,Marketing,28/2/2021,1
7137,28,56169,-,*,HR,15/11/2021,1
7138,41,19878,66,Male,Finance,29/8/2020,5
7139,46,-,9,,IT,8/4/2024,*
7140,49,30848,62,,Finance,12/11/2020,2
7141,37,29764,22,Male,Sales,10/4/2024, 
7142,60,35705,0,Female,IT,9/11/2020,1
7143,52,41925,7,Male,Sales,14/1/2024,NA
7144,21,47446,90,Female,Sales,1/11/2020,2
7145,*,24313,15,Male,Operations,30/12/2020,2
7146,46,50073,94,Male,Marketing,25/5/2022,2
7147,45,14969,89,Female,Finance,25/8/2024,1
7148,36,24116,65,Female,Finance,24/5/2024,3
7149,54,42179,78,Female,IT,3/1/2022,3
7150,46,29810,67,Female,IT,5/12/2021,1
7151,56,39539,NA,*,HR,6/10/2023,4
7152,47,45622, ,*,Operations,23/6/2023,3
7153,23,59409,82,-,HR,27/2/2020,3
7154,39,22305,87,Male,Finance,28/2/2024,2
7155,,0,87,Male,IT,31/1/2024,5
7156,39, ,59,Female,Operations,16/6/2024,5
7157,37,29667,0,Male,Marketing,30/10/2020,3
7158,33,18558,15,Male,Operations,7/8/2022,5
7159,54,21721,NA,Female, ,31/12/2020,1
7160,36,13678,85,Female,Marketing,6/7/2022,4
7161,37,38924,84,Male,Finance,14/4/2020,1
7162,-,44953,35,Female,,11/4/2022,1
7163,28,39631,44,Female,Marketing,11/12/2023,4
7164,49,,1,Female,Finance,6/12/2021,2
7165,-,44950,,Female,IT,17/12/2020,-
7166,27,23255,*,Female,Finance,7/7/2024,NA
7167,21,27138,0, ,HR,21/1/2023,1
7168,NA,22591, ,Female,Sales,1/7/2020,3
7169,23,54844,60,Male,IT,10/6/2020,2
7170,19,NA,79,Female,*,13/3/2021,4
7171,21,42384,39,Male,Finance,5/9/2024,5
7172,43,43856,17,Male,,12/5/2022,5
7173,40,4692,12,,NA,15/3/2023,5
7174,32,NA,38,Male,Sales,15/9/2020,5
7175,34,40655,0,Male,Sales,26/3/2020,5
7176,-,62846,*,,Finance,23/5/2021,1
7177,18,NA,92,Female,HR,28/2/2021,1
7178,35,38351,94,Female,Marketing,14/3/2023,4
7179,37,39839,61,Female,Operations,14/7/2020,5
7180,63,42165,44,Male,IT,27/4/2022,1
7181,61,27920,45,Female,HR,18/2/2020,4
7182,52,40855,8,Female,Marketing,13/11/2024,2
7183,40,19997,1,Male,IT,19/11/2024,2
7184,56,21105,16,Female,NA,8/5/2021,2
7185,28,17672,64,Male,HR,17/7/2020,1
7186,29,27544,98,Female,HR,11/12/2022,4
7187,33,29713,69,Female,Operations,26/1/2024,3
7188,28,35620,10,Male,Finance,4/5/2022,1
7189,18,52825,70,Female,*,8/3/2021,1
7190,-,7307,80,Female,Finance,9/11/2024,5
7191,33,*,91,Male,*,2/6/2020,1
7192,18,5596,22,Male,Sales,17/10/2021,2
7193,34,45287,22,Male,Operations,22/10/2024,5
7194,26,49468,96,Male,IT,4/8/2024,NA
7195,40,37749,6,Female,HR,6/8/2021,3
7196,32,22835,NA,Female,Operations,18/2/2023,2
7197,24,27623,,Female,Operations,21/6/2020,3
7198,35,*,75,Female,HR,3/11/2023,1
7199,20,27816,3,Female,*,26/10/2022,1
7200,39,75487,13,Male,Marketing,22/4/2023,2
7201,23,45875,69,Male,IT,23/6/2021,2
7202,45,32957,9, ,Sales,19/5/2020,1
7203,57,59460,15,Male,Finance,2/10/2024,1
7204,19,65336,99,Male,Marketing,25/5/2022,3
7205,59,33999,39,Male,-,20/9/2024,4
7206,19,68815,77,Female,IT,22/10/2020,2
7207,*,54513,22,Female,Operations,7/2/2020,4
7208,42,46529,0,Male,Finance,21/1/2023,3
7209,27,28666,99,Male,Operations,3/12/2023,4
7210,64,45945,31,Male,IT,20/3/2020,4
7211,27,42745,42,Male,IT,5/5/2022,3
7212,58,39550,36,Female,IT,19/3/2022,1
7213,54,39061,33,Female,IT,14/6/2021,5
7214,53,0,42,Male,Operations,18/9/2023,3
7215,63,58263,76,Male,Operations,19/11/2021,3
7216,58,6286,20,Female,Operations,7/3/2024,
7217,49,48848,2,Male, ,6/3/2024,5
7218,34,46812,96,Female,Operations,9/12/2023,1
7219,46,41649,35,-,IT,11/8/2022,2
7220,49,38549,9,Female,Marketing,6/2/2020,2
7221,39,27927,21,Female,HR,18/8/2020,2
7222,55,NA,6,Male,*,4/5/2020,5
7223,NA,29702,5,Male,Marketing,29/1/2020,5
7224,NA,53373,14,Female,Marketing,14/4/2021,2
7225,53,40872,,Male,Marketing,29/8/2024,2
7226,30,38000,58,Male,HR,11/4/2022,2
7227,38,28859,41,Female,Operations,31/3/2024,3
7228, ,34829,80,NA,Sales,3/5/2023,3
7229,31,43879,62,Female,NA,4/8/2023,3
7230,60,22204,77,Female,Finance,5/11/2021,5
7231,46,21466,NA,Female,*,20/10/2024,-
7232,41,32731,71,,HR,23/6/2024,4
7233,44,28334,91,Male,Sales,13/3/2023,4
7234,NA,21694,47,NA,-,12/11/2024,5
7235,37,39502,39,Male,Sales,11/7/2021,3
7236,37,25267,13,Female,Operations,24/3/2021,4
7237,30,42978,3,Female,HR,14/6/2023,2
7238,54,42958,,Female,Operations,25/6/2022,1
7239,52,34586,87,Female,Finance,20/10/2024,5
7240,51,43366,*,Male,Sales,28/7/2023,2
7241,61,36018,88,Female,Operations,11/12/2022,
7242,37,20507,0,Male,HR,5/4/2023,4
7243,63,0,92,Female,Operations,8/10/2020,4
7244,57,38819,77,Female,IT,16/2/2024,4
7245,38,33606,73,Female,Finance,21/2/2023,1
7246,20,40777,24,Male,Operations,7/6/2020,1
7247, ,25471,47,Female,Marketing,29/6/2021,1
7248, ,25685,17,Male,Operations,11/10/2024, 
7249,50,40962,37,Male,*,3/9/2024,5
7250,23,61084,45,Female,NA,23/2/2021,1
7251,38,38736,17,Male,Operations,18/7/2024,1
7252,37,22252,26,Female,HR,15/9/2022,1
7253,30,39752,60,Female,Operations,8/4/2021,2
7254,50, ,83,Male,Operations,18/5/2022,1
7255,*,42777,36,Male,Operations,8/9/2021,-
7256,43,52210,0,NA,Marketing,28/12/2020,4
7257,40,26204,97,Male,Finance,27/5/2020,4
7258,53,27420, ,Male,Marketing,18/6/2021,2
7259,20,27218,59,Female,Marketing,11/5/2020,1
7260,42,29877,70,Male,Operations,17/6/2020,5
7261,64,25853,84,Male,Marketing,4/4/2024,3
7262, ,0,NA,Female,Marketing,13/4/2021,2
7263,22,59424,92,Male,HR,6/3/2021,3
7264,32,56390,74,Male,Operations,21/4/2021,3
7265,52,40822,16,Male,Sales,30/1/2023,5
7266,49,51346,0,Male,Operations,22/3/2023,1
7267,-,35331,0,Female,Marketing,27/1/2022,3
7268,63,20456,5,Male,HR,1/9/2023,*
7269,45,58718,69,Female,HR,20/6/2022,3
7270,20,37957,100,Female,*,26/9/2024,3
7271,55,51277,*,Male,Operations,16/4/2024,1
7272,54,20591,82,Female, ,26/6/2024,2
7273,24,26643,0,Male,Marketing,27/11/2023,*
7274,35,47431,69,,Operations,26/4/2020,2
7275,32,33127,86, ,Operations,8/11/2023,*
7276,44,5944,0,Male,IT,9/7/2023,1
7277,58,,0,Female,IT,19/3/2024,1
7278,49,40057,45, ,IT,30/11/2024,5
7279,46,46453,98,Female,IT,22/11/2023,2
7280,NA,23947,52,Female,IT,11/11/2021,2
7281,57,-,75,Male,IT,12/7/2020,1
7282,20,35298,70,Male,IT,3/5/2024,*
7283,35,26513,22,Female,Sales,12/4/2023,1
7284,-,13330,76,Male,IT,17/9/2024,
7285,24,23776,16,NA,Marketing,6/5/2023,4
7286,,29250,50,Male,Marketing,3/1/2020,2
7287,50,24785,63,Male,Finance,23/1/2020,1
7288,25,43777,76,Female,Operations,3/5/2022,2
7289,25,28572,36,Female,HR,2/12/2023,5
7290,18,47955,17,Female,HR,29/7/2021,4
7291,57,22957,93,Male,Marketing,22/2/2024,4
7292,45,0,98,Male,*,15/10/2022,2
7293,21,48258,7,Male,Marketing,5/7/2024,3
7294,57,34134,,Female,Sales,14/6/2021,3
7295,46,28953,34,*,Marketing,8/8/2022,4
7296,64,52528,38,Male,Operations,26/5/2020,1
7297,23,42840,48,Male,HR,23/1/2021,1
7298,25,20939,68,Male,NA,29/9/2021,1
7299,33,42599,38,Female,HR,22/9/2021,5
7300,22,*,0,Female,HR,28/4/2023,4
7301,51,36573,NA,Male,HR,1/9/2022,3
7302,24,32826,NA,Male,Operations,27/10/2023,5
7303,35,20731,50,Male,-,11/1/2024,2
7304,28,42410,19,Female,Sales,7/5/2020,3
7305,18,20393,56,Female,Sales,22/1/2024,5
7306,*,40455,67,Male,,19/5/2022,4
7307,60,38117,55,Male,Marketing,21/3/2020,1
7308,24,44460,100,Female,NA,15/11/2021,2
7309,23, ,60,Male,HR,14/1/2023,2
7310,38,45856,86,Female,Sales,18/12/2020,4
7311,,51224, ,Female,HR,25/5/2021,1
7312,59,30009,*,Female,Marketing,16/4/2020, 
7313,55,41119,93,Male,Finance,4/10/2020, 
7314,36,6074,54,Male,Finance,16/1/2020,1
7315,48,28731,14,Male,Finance,13/3/2024,NA
7316,-,58672,45,Female,IT,23/8/2022,1
7317,43,44388,69,Male,Operations,6/10/2022,3
7318,49,18384,1,Male,IT,14/4/2022,NA
7319,51,11863,6,Female,HR,15/11/2021,1
7320,27,40987,0,Male,NA,25/12/2020,5
7321,34,43222,52,Male,IT,21/9/2022,4
7322,33,42825,94,Male,Operations,11/8/2022,2
7323,51,0,38,Male,IT,9/1/2022,4
7324,55,32660,-,Female,Marketing,20/6/2021,4
7325,18,51333,60,Male,Sales,5/8/2022,4
7326,63,39856,41,*,Sales,15/3/2021,4
7327,61,31305,55,Female,Marketing,31/8/2022,5
7328,23,50433,20,Female,IT,12/5/2020,5
7329,58,43781,46, ,Operations,18/6/2023,3
7330,21,29757,49,Female,IT,20/4/2022,2
7331,24,21571,97,Male,Finance,24/4/2022,3
7332,23,50513,74,Male,IT,9/7/2023,1
7333,19,57061,26,Male,Finance,12/1/2020,5
7334,47,39648,81,Male,Marketing,8/4/2020,1
7335,26,41579,73,Male,HR,7/12/2022,4
7336,24,37260,36,Male,Finance,9/11/2023,5
7337,52,21527,15,Male,IT,30/6/2022,5
7338,18,38234,-,Female, ,8/9/2022,1
7339,47,52335,0,Female,Sales,9/8/2022,3
7340,*,47494,92, ,Finance,17/6/2024,3
7341,25,31203,91,Male,IT,21/11/2021,2
7342,55,17065,52,-,Finance,3/6/2024,5
7343,61,32320,18,Female,,19/3/2024,1
7344,64, ,75,Male,HR,17/6/2024,1
7345,29,24138,3,Male,NA,15/5/2020,5
7346,19,40156,56,Female,IT,27/2/2020,3
7347,19,20950,14,Male,HR,18/2/2024,5
7348,22,59178,65,Female,Finance,26/5/2024,3
7349,54,59715,26,Male,Operations,17/9/2024,2
7350,55,48319,71,Female,IT,9/1/2022,5
7351,*,,35,Male,*,14/8/2021,2
7352,NA,23281,-,Female,IT,4/9/2020,5
7353,,31986,39,Female,Operations,12/10/2024,4
7354,23,31763,55,Female,Operations,18/4/2020,1
7355,19,25696,63,Female,Marketing,7/11/2022,1
7356,23,35211,99,*,Operations,8/6/2021,2
7357,24,NA,73,Male,-,22/7/2020,
7358,38,20681,83,Male,Finance,27/1/2020,2
7359,63,42968,41,Male,Sales,7/8/2022,2
7360,27,39350,23,Male,Finance,22/1/2020,3
7361,43,17309,2,Female,Finance,22/4/2023,1
7362,60,,73,Female,Finance,13/6/2020,4
7363,39,38514,33, ,Finance,31/12/2020,3
7364,50,54252,71,Female,Marketing,21/5/2023,5
7365,64,32155,13,Female,-,27/5/2022,5
7366,62,22597,0,Female,HR,9/2/2021,5
7367,62,46642,70,NA,Sales,25/9/2024,5
7368,63,56397,51,Male,NA,23/7/2020,3
7369,64,44160,63,Male,IT,4/9/2020,1
7370,29,35163,64,Male,Operations,20/3/2023,4
7371,29,11863,13,Female,Finance,1/9/2023,5
7372,53, ,-,Female,Finance,7/2/2020,3
7373, ,38692,29,*,IT,2/10/2022,3
7374,NA,33704,13,Male,Operations,31/5/2023,4
7375, ,51782,94,Female,Operations,1/6/2023,1
7376,27,38831,17,Male,Operations,27/5/2020,1
7377,61,18805,25,Female,,11/12/2022,2
7378,33,51820, ,Female,HR,6/8/2023,4
7379,53,41259,NA,Female,IT,15/10/2023,1
7380,64,37418,67,Male,HR,7/1/2021,3
7381,NA,41720,41,Female,Operations,22/7/2024,4
7382,NA,24262,44,Female,Sales,15/1/2021,4
7383,27,19332,47,Female,HR,28/8/2020,3
7384,37,NA,60,Male,Marketing,3/12/2023,5
7385,57,26638,40,Female,HR,16/2/2021,2
7386,*,51687,40,Male,Operations,8/9/2024,NA
7387,56,29101,0,Male,Sales,30/8/2021,3
7388,47, ,24,Female,Finance,21/11/2024,NA
7389,50,46622,84,Male,,21/4/2024,4
7390,29,26896,93,NA,HR,25/9/2023,3
7391,41, ,5,Female,,30/9/2023,NA
7392,51,23770,56,Male,Sales,27/8/2024,1
7393,31,44616,52,Male,,15/11/2021,2
7394,62,28133,15,Male,Marketing,8/11/2021,4
7395, ,23569,24,Male,Finance,28/9/2022,-
7396,62,39961,35,Female,Finance,2/8/2020,5
7397,30,46339, ,Female,Sales,13/6/2020,NA
7398,49,0,4,Female, ,9/8/2020,5
7399,37,39906,40,Female,Operations,7/12/2021,2
7400,39,27312,81,Male,Marketing,17/8/2020,4
7401,33,34169,13,Female,IT,20/5/2023,1
7402, ,24765,90, ,IT,10/7/2021,3
7403,37,34252,54,Female,HR,26/4/2021,5
7404,50,37430,71,Male,Sales,16/1/2024,1
7405,25,34286,87,Female,Sales,12/5/2020,2
7406,20,38010,85,Female,Finance,13/10/2021,2
7407,21,18466,99,Female,IT,4/9/2024,5
7408,41,0,65,Female,Sales,10/1/2020,2
7409,37,46142,76, ,Operations,6/10/2024,3
7410,36,34967,25,Female,Finance,31/8/2022,2
7411,18,34545,71,Male,NA,4/8/2020,
7412,48,17283,41,Female,Operations,10/5/2023,1
7413,19,44342,*,Male,Finance,22/11/2022,2
7414,58,15236,67,Female,Marketing,1/8/2024,3
7415,52,18767,50,Female,Finance,3/3/2022,2
7416,33,18414,100,Male,IT,2/5/2023,*
7417,23, ,69,Male,IT,19/2/2023,NA
7418,29,35159,66,Female,Finance,22/7/2021,1
7419,37,258347,94,Male,Finance,6/5/2021,1
7420,61,48179,12,Male,Marketing,12/1/2024,4
7421,55,20672,33,Male,Finance,31/12/2021,2
7422,41,41743,92,Female,Operations,4/3/2020,2
7423,19,46426,44,Female,HR,15/6/2021,1
7424,58,37887,45,Female,IT,31/12/2021,2
7425,34,,84,Female,Finance,10/2/2020,4
7426,38,41488,-,Female,Operations,25/5/2024,3
7427,55, ,96,Male,HR,25/7/2024,1
7428,46,24961,38,Female,Operations,17/10/2020,5
7429,54, ,63,Female,Sales,23/11/2021,2
7430,38,44157,66,Male,Finance,11/4/2021,5
7431,19,56838,74,Female,HR,17/3/2021,3
7432,24,16097,32,Female,Sales,4/11/2021,2
7433,21,46142,2,Male,HR,26/8/2020,3
7434,57,-,15,-,IT,15/10/2024,4
7435,33,52510,99,Female,Sales,9/8/2020,3
7436,63,22857,52,Male,HR,17/10/2022,1
7437,50,38886,40,-,Sales,5/5/2020,3
7438,35,62098,72,Male,Operations,1/3/2024,1
7439,32,37085,28,Female,Finance,9/2/2024,3
7440,36,26929,47,Female,IT,1/8/2022,4
7441,45,34422,9,Male,-,27/6/2021,2
7442,NA,60629,96,Male,HR,27/8/2024,1
7443,51,41621,NA,Male,Finance,24/10/2022,5
7444,58,13595,63,,Marketing,25/1/2024,3
7445,28,53688,40,Female,IT,12/4/2021,2
7446,42,*,0,Male,Sales,14/7/2023,2
7447,34,34372,91,Male,HR,9/9/2024,1
7448,37,37556,98,Female,Sales,27/4/2021,1
7449,24, ,75,Female,IT,7/11/2024,2
7450,30,NA,42,Female,Finance,6/3/2020,4
7451,50,21639,71,Male,HR,15/8/2022, 
7452,38,,43,Female,HR,26/4/2021,1
7453, ,31653,89,Male,Marketing,1/4/2022,1
7454,25,NA,19,Male,Marketing,21/7/2023,1
7455,23,37606,NA,Male,HR,12/9/2024,5
7456,36,26471,34,Male,HR,3/12/2022,3
7457,31,0,NA,Male,Marketing,11/6/2024,5
7458,53,27449,79,Female,HR,15/5/2023,5
7459,38,40194,63,Female,Sales,23/10/2021,2
7460,24,,21,Female,*,27/10/2021,5
7461,49,0,NA,Female,IT,18/11/2023,1
7462,23,44600,54,Female,Marketing,7/5/2024,5
7463,31,47757,38,Female,Finance,30/5/2021,4
7464,57,25489,62,Female,Finance,23/2/2024,1
7465,39,25007,88,Female,HR,15/7/2023,1
7466,21,*,NA,Female,Finance,1/3/2024,4
7467,21,15077,60, ,Sales,26/2/2023,5
7468,54,*,50,Male,HR,7/2/2022,3
7469,26,30124,*,Male,IT,30/5/2021,2
7470,63,-,74,Male,IT,3/2/2021,NA
7471,20,23167,66,Male,Finance,24/4/2022,2
7472,36,41297,-,Female,Sales,14/9/2021,5
7473,30,35538,100,Male,Sales,6/10/2023,5
7474,52,42272,57,Female,Marketing,28/4/2022,*
7475,46,30636,55,Male,IT,8/1/2022,2
7476,63,22095,40,Male,Sales,31/1/2021,4
7477,55,18420,70,Female,Finance,18/2/2023,2
7478,19,24111,71,Female,Operations,12/8/2020,1
7479,36,53014,94,*,IT,4/3/2022,1
7480,40,28992,58,*,IT,27/5/2021,3
7481,61,30653,8,Female,IT,12/3/2023,3
7482,24,-,90,Female,IT,25/12/2022,1
7483,33,18335,0,Female,HR,9/5/2022,4
7484,36,*,4,Male,Marketing,7/4/2023,5
7485,59,19929,43,Female,Finance,10/1/2020,4
7486,54,39811,17,Male,Finance,11/7/2022,1
7487,NA,40843,35,Female,IT,28/4/2022,2
7488,29,59208,,Female,Marketing,28/10/2022,1
7489,27,33326,100,Male,Finance,15/6/2021, 
7490,63,31168,0,Female,Sales,26/9/2024, 
7491,62,0,-,Female,Finance,12/5/2021,1
7492,53,51484,*,Male,Operations,26/6/2024,1
7493,58,32531,94, ,Operations,24/3/2022,3
7494,26,25099,, ,Finance,9/5/2020,2
7495,NA,39363,79,Male,Operations,23/7/2020,1
7496,42,34218,,Female,IT,19/1/2022,4
7497,30,40188,20,Female,IT,9/8/2024,4
7498,63,28853,84,Male,IT,5/8/2023,3
7499,27,21442,10,Female,IT,16/7/2020,3
7500,36,33435,20,Female,Marketing,5/4/2020,1
7501,44,42113,19,Female,Operations,14/7/2021, 
7502,36,44974,8,Female,HR,6/10/2023,1
7503,20,22858,97,Male,Sales,18/2/2024,1
7504,43,52336,42,Male,NA,31/1/2024,1
7505,37,43825,28,Female,*,13/3/2023,NA
7506,49,25746,19,NA,IT,16/7/2020,2
7507,46,29471,78,-,Sales,5/2/2023,NA
7508,53,31682,NA,Male,Sales,24/4/2022,5
7509,18,37347,41,Female,Finance,5/12/2020,
7510,*,170086,79,Male,Sales,4/9/2023,4
7511,46,42471,93,Female,Operations,24/3/2020,5
7512,27,45768,NA,Male,Sales,28/12/2020,1
7513,50,9154,25,Male,Marketing,5/4/2024,2
7514,60,19593,7,Male,Operations,30/4/2024,1
7515,29,25976,8,Female,Operations,11/3/2022,5
7516,39,48951,98,Male,NA,11/5/2024,3
7517,32,*, ,Female,Marketing,17/7/2020,4
7518,49,2065,49,Male,,5/12/2022,3
7519,63,18343,8,Male,Finance,11/1/2022,2
7520,31,17741,63,*,HR,24/3/2024,1
7521,48,41572,57,Female,Sales,1/4/2023,5
7522,43,27211,79,Male,HR,9/11/2024,5
7523,51,47564,87,*,Sales,24/5/2022,1
7524,48,23076,74,Female,Marketing,20/3/2021,2
7525,27,-,28,Male,HR,3/10/2024,5
7526,25,,90,Male,IT,7/3/2023,3
7527,32,20640,91,Female,Marketing,9/6/2023,2
7528,-,25729,18,*,Finance,24/3/2022,1
7529,62,24593,NA,Female, ,10/11/2022,4
7530,60,0,76, ,Sales,2/4/2023,1
7531,18,228672,37,Male,IT,14/9/2022,1
7532,44,33688,45,Male,Finance,8/2/2023,*
7533,54,25543,80,Female,HR,17/10/2023,2
7534,20,24547,71,Male,Sales,25/9/2024,5
7535,36,-,37,Male,Marketing,19/3/2023,4
7536,46,31334,55,Male,IT,21/5/2024,5
7537,27,50854,9,-,IT,28/12/2020,4
7538,20,25212,69,Male,IT,23/7/2021,2
7539,38,43408,16,Female,Marketing,28/11/2022,5
7540,34,13876,84,Female,Sales,15/11/2021,4
7541,27,36522,38,Female,HR,27/9/2023,2
7542,59,50732,18,*,Sales,22/1/2024,4
7543,52,12062,90,*,Sales,25/7/2022,1
7544, ,25429,58,Female,HR,19/9/2022,
7545,52,45602,79,Male,Finance,24/4/2020,5
7546,45,30174,50,Male,Finance,20/11/2023,2
7547,*,18096,11,Female,Finance,14/6/2022,1
7548,29,22603,87,Male,Operations,21/2/2023,1
7549, ,51568,69,Female,NA,26/10/2023,5
7550,45,24186,26,Female,NA,7/6/2020,3
7551,18,43507,35,Male,Sales,17/5/2023,3
7552,45,42253,45,NA,Sales,28/10/2024,1
7553,43,40633,68,Female,Marketing,6/10/2021,3
7554,*,24131,0,Female,Sales,7/10/2021,5
7555,59,44998,38,Male,Sales,12/7/2023,1
7556,34,44757,40,Female,IT,1/6/2022,2
7557,47,32812,57,Female,Operations,13/6/2020,1
7558,32,51551,92,Female,Finance,15/7/2024,3
7559,33,42417,1,Female,Sales,29/5/2022,1
7560,20,NA,72,Male,Finance,22/10/2023,2
7561,62,35801,66,Female,IT,10/10/2021,5
7562,61,50078,72,Male,HR,14/5/2023,5
7563,38,37307,82,Female,Sales,20/2/2024,5
7564,23,38294,13,Male,Sales,3/5/2022,NA
7565,56,30643,2,Male,IT,25/8/2023,1
7566,26,48049,92,Male,*,20/8/2020,3
7567,44,30264,90,*,Sales,2/6/2020,2
7568,53,23536,43,Female,Operations,4/12/2021,2
7569,33,29894,95,Male,Finance,24/5/2022,3
7570,20,38489,80,Male,-,25/5/2022,1
7571,25,44244,28,Male,HR,3/10/2024,5
7572,30,36129,23,Female,HR,10/7/2024,4
7573,41,47402,NA,Female,IT,28/6/2022,3
7574,NA,26508,17,Female,Finance,2/1/2023, 
7575,-, ,54,Female,-,21/10/2020,3
7576,25,0,75,Male,Marketing,29/7/2021,5
7577,32,19852,3,Female,,9/4/2024,2
7578,25,15911,0,Male,IT,28/4/2024,3
7579,21,45269,29,Female,Operations,28/9/2024,5
7580,25,65550,,Male,Operations,26/7/2020,2
7581,41,33164,54,Female,HR,15/4/2024,5
7582,31,36937,0,Male,-,10/6/2022,4
7583,43,28458,NA,Male,Operations,29/7/2024,1
7584,18,35731,33,Female,IT,26/6/2021,2
7585,29,33736,70,Male,HR,8/7/2023,5
7586,18,23661,45,Female,HR,15/12/2021,1
7587,52,28497,57,Male,Operations,13/4/2022,1
7588,63,41942,22,Female,Finance,12/10/2020,4
7589,52,,0,NA,Finance,12/3/2024,5
7590,24,57786,76,Female,Sales,16/6/2021,1
7591,22,21628,NA,NA,Sales,2/10/2022,1
7592,26,30885,36,Male,HR,3/3/2023,1
7593,34,25482,100,,-,22/11/2023,5
7594,55,NA,*,Female,Operations,16/5/2022,1
7595, ,49277,88,Female,Marketing,7/11/2023,5
7596,35,56520,33,Female,Operations,17/12/2023,1
7597,25,24204,93,Male,Marketing,5/6/2024,2
7598,31,27094,13,Female,*,5/4/2020,3
7599,19,18918,33,Female,,21/11/2024,2
7600,41,40891,33,Male,IT,21/7/2023,3
7601,18,37736,17,Male,HR,13/12/2022,5
7602,37,10452,97,Female,Sales,7/8/2024,3
7603,,32294,38,Male,Finance,18/6/2023,3
7604,43,59018,52,Female, ,14/5/2022, 
7605,-,23302,57,Male,Finance,5/2/2020,3
7606,18,40309,3,NA,Marketing,4/8/2021,5
7607,52,21911,56,Female,Operations,28/12/2020,3
7608,64,7196,NA,Male,Operations,15/9/2023,3
7609,49,41215,88,Female,IT,21/3/2022,2
7610,42,49221,38,Male,-,1/3/2024,4
7611,43,33748,85,Female,Marketing,19/11/2022,5
7612,34,31198,86,Female,Sales,14/6/2024,4
7613,23,26024,,Male,HR,2/5/2023,5
7614,22,28788,56,Female,Sales,17/5/2022,4
7615,18,42123,75,Female,Finance,12/12/2020,1
7616,55,37643,48,Female,Sales,6/1/2022,2
7617,36,32254,100,Female,*,13/6/2024,5
7618,27,27542,93,Male,Finance,25/11/2021,5
7619,41,44268,77,Female,Marketing,23/11/2024,4
7620,*,25364,34,Male,HR,9/8/2023,4
7621,46,41385,68,Male,IT,30/7/2022,4
7622,28,36225,38,Male,IT,24/9/2020,3
7623,40,34999,46,Male,IT,21/9/2023,1
7624,37,36001,90,NA,Sales,21/6/2023, 
7625,,19082,28,Female,Finance,5/9/2023,2
7626,39,61378, ,Female,Sales,4/7/2024,2
7627,41,30429,98,Female,HR,24/10/2024,4
7628,44,48150,47,Male,HR,12/1/2021,2
7629,45,45432,, ,Operations,22/7/2020,3
7630,50,*,92,Female,Operations,28/6/2024,1
7631,58,7292,83,Male,HR,17/3/2021,3
7632,22,48035,76,Male,IT,8/6/2021,2
7633,37,47167,0,NA,Finance,18/5/2021,4
7634,33,36661,68,Female,Operations,20/4/2020,3
7635,33,35444,91,Female,NA,20/12/2022,1
7636,41,67938,72,Female,HR,6/5/2022,1
7637,43,39645,-,Male,Finance,22/5/2023,2
7638,47,26406,97,Male,HR,19/12/2022,1
7639,62,31979,37,Female,HR,26/10/2020,*
7640,28,25133,62,Female,Operations,13/5/2024,2
7641,52,22345,95,Male,IT,10/1/2022,1
7642,28,52903,29, ,Finance,15/2/2020,2
7643,18,0,13,Male,Sales,9/9/2022,5
7644,33,24092,29,Male,Finance,30/7/2024,5
7645,22,39265,0,Female,Sales,26/10/2024,5
7646,,48308,91,, ,2/10/2020,4
7647,59,36001,0,Male,Operations,17/7/2021,5
7648,61,NA,88,Female,*,12/6/2022,5
7649,20,39374,87,Female,Marketing,22/5/2023,4
7650,24,16519,70,Male,,10/12/2020,NA
7651,61,33163,67,Male,IT,21/9/2023,4
7652,51,33613,75,Male,Sales,7/11/2020,5
7653,45,28136,32,Female,Operations,10/1/2021,1
7654,54,41373,32,Female, ,9/8/2020,3
7655,49,51822,50,Female,HR,2/6/2020,2
7656,NA,27962,50,Male,NA,4/11/2021, 
7657,55,48678,41,Female,Finance,28/8/2023,4
7658,-,46559,2,Female,HR,10/11/2022,1
7659,46,34560,75,Male,Marketing,8/9/2022,5
7660,51,18225,10,Female,Operations,9/6/2020,2
7661,20,39352,68,Male,HR,10/2/2024,1
7662,49,36408,84,Female,Sales,23/12/2022,1
7663,*,31534,11,Male,IT,7/2/2022,3
7664,42,29572,49,Female,HR,5/10/2022,2
7665,46,45947,19,Male,Operations,24/5/2022,3
7666,35,-,35,Female,HR,27/9/2021,5
7667,55,33667,20,Male,HR,7/1/2021,2
7668,63,19039,27,Male,IT,23/8/2022, 
7669,46,33588,90,,*,30/6/2020,4
7670,18,36367,21,Female,Operations,29/1/2020,NA
7671,29,37910,81,Male,IT,13/3/2022,1
7672,27,44182,22,Male,Sales,5/6/2021,5
7673,56,30436,*,Male,IT,30/4/2023,5
7674,60,29177,30,Female,Operations,9/1/2021,1
7675,41,51135,28,NA,Finance,19/5/2023,5
7676,39,58001,32,Female,Marketing,31/1/2020,3
7677,31,30474,56,Female,Marketing,20/7/2023,3
7678,19,57555,73,Male,HR,28/10/2024,
7679,52,43204,52,Male,Sales,21/12/2023,1
7680,54,42824,95,Male,Finance,8/11/2022,3
7681,NA,52192,66,Female,,14/3/2020,3
7682,22,20739, ,Female,IT,20/10/2022,5
7683,,25027,56,Female,Marketing,16/4/2023,2
7684,-,35830,38,Female,Operations,9/4/2020,3
7685,47,,59,Female,IT,25/5/2022,3
7686,44,51412,89,Female,IT,16/10/2023,4
7687,21,54510,90,Female,Marketing,31/10/2021,1
7688,44,30217,26,Female,Marketing,7/2/2023,5
7689,60,28861,99,Female, ,25/5/2022,NA
7690,61,41829,75,Male,HR,11/7/2024,3
7691,50,41704,71,NA,Finance,20/7/2022,3
7692,40,25503,0,Female,IT,19/4/2022,1
7693,29,43381,54,Female,Finance,2/11/2021,
7694,32,25381,14,Female,Sales,9/7/2020,2
7695,51,60632,74,Male,Marketing,14/9/2020,5
7696,34,46814,0,Female,Marketing,25/1/2024,1
7697,57,39111,23,Female,Sales,15/10/2020,1
7698,20,39413,87,Male,Marketing,18/12/2023,2
7699,60,30448,2,Female,-,24/2/2023,*
7700,31,20925,67,Female,Finance,22/11/2022,2
7701,29,45653,70,Male,Operations,5/9/2021,1
7702,,58435,22,Female,Operations,11/11/2022,3
7703,33,0,3,Male,*,26/5/2021,4
7704,31,21554,30,Male,Marketing,1/5/2024,5
7705,20,23026,84,Female,Marketing,17/7/2021,1
7706,62,40854,68,Female,Marketing,12/7/2023,-
7707,NA,23280,82,Female,HR,12/2/2020,NA
7708,47,33793,2,Male,Sales,11/10/2020,2
7709,26,35218,12,Male,IT,11/8/2020,4
7710,20,26696,30,Male,Sales,13/4/2020,4
7711,60,43625,-,Male,IT,15/9/2022,3
7712,34,29326,36,Female,Finance,13/3/2023,2
7713,25,21625,86,Male,Finance,30/12/2020,4
7714,26,33423,81,Male,IT,13/5/2020,4
7715,47,NA,23,Male,Operations,23/7/2021,5
7716,63,32485,12,Male,IT,12/3/2023,5
7717,63,44794,12,Female,Operations,29/3/2023,5
7718,37,*,,NA,IT,15/4/2022,2
7719,21,33698,81,Female,Finance,14/12/2022,4
7720,43,34126,,Female,HR,19/7/2020,3
7721,21,38073,41,-,Sales,30/8/2024,5
7722,45,52487,30,Male,HR,3/3/2022,5
7723,61,29701,79,Male,Operations,9/2/2021,1
7724,26,32809,26,Male,Finance,5/2/2022,5
7725,45, ,61,Female,Marketing,27/11/2023,5
7726,46,55151,88,Female,Sales,10/8/2020,4
7727,39,21841,29,Female,Sales,10/2/2024,4
7728,24,37789,7,Male, ,31/8/2021,2
7729,57,26307,2,Female,Sales,10/7/2022,4
7730,20,57001,10,Male,IT,11/9/2020,2
7731,61,24407,5,Male,IT,5/4/2022,2
7732,,20811,69,Male,Marketing,7/1/2020,5
7733,43,41662,98,Male,-,8/7/2022,1
7734,35,0,34,Female,IT,4/3/2021,4
7735,-,32025,76,Male,IT,20/1/2021,4
7736,59,32221,45,Male,Marketing,13/10/2024,4
7737, ,21856,82,*,Finance,19/5/2021,2
7738,52,28333,75,Male,HR,5/8/2024,5
7739,47,36047,,Male,Marketing,3/9/2021,1
7740,57, ,21,Female, ,11/9/2023,2
7741, ,15004,84,Male,Marketing,8/2/2022,5
7742,27,24752,77,Female,Finance,10/11/2020,4
7743,64,43840,*,NA,Sales,22/3/2024,1
7744,39,41862,74,Male,Marketing,9/7/2023,
7745,34,34069,77,Male,HR,28/6/2024,5
7746,25,30160,68,Female,Operations,21/3/2021,
7747,57,29235,75,Female,Marketing,4/12/2022,3
7748,64,27440,88,Male,Operations,25/7/2021,3
7749,20,41634,40,Male,Finance,26/10/2023,4
7750,31,20509,*,Female,Marketing,24/5/2020,2
7751,33,67520,34,Male,Sales,25/5/2020,4
7752,42,13468,61,Female,Operations,16/3/2021,5
7753,37,19031,24,Female,Operations,17/9/2024,5
7754,27,38537,42,Female,Operations,12/8/2024,1
7755,36,15399,19,Female,Marketing,5/12/2020,2
7756,58,46771,1,*,IT,20/3/2022,2
7757,18,53862,0,Female,Sales,1/1/2022,5
7758,46,51694,78,Female,Marketing,19/8/2022,1
7759,32,71389,10,Female,HR,21/11/2023,5
7760,61,21226,,Female,HR,13/9/2024,4
7761,57,*,74,Female,Marketing,18/6/2022,3
7762,59,42680,49,Male,Operations,11/12/2021,2
7763,23,36378,31,Male,Finance,2/7/2022,2
7764,43,11477,8,NA, ,6/7/2023,1
7765, , ,53,Male,IT,12/3/2024,1
7766,22,50536,100,Male,HR,24/12/2023,1
7767,36,32517,49,Female,Sales,16/9/2020,4
7768,33,47595,50,Female,NA,6/3/2022,3
7769,-,19678,*,Female,IT,28/4/2024,1
7770,44,33857,30,Male,Finance,13/4/2023,4
7771,51,*,46,Female,Finance,20/2/2021,3
7772,57,17867,43,NA,IT,2/4/2021,2
7773,*,35417,9,Female,Sales,17/12/2023,2
7774,52,47375,56,-,Operations,28/7/2021,3
7775,62,45332,61,Female,Finance,24/6/2022,2
7776,NA,45649,50,Male,Operations,4/9/2020,4
7777,,27227,85,Male,IT,15/4/2020,4
7778,25,34030,0,Male,Operations,12/10/2021,3
7779,50,19754,5,Female,Marketing,8/3/2024,1
7780,64,29835,14,Male,HR,14/10/2023,5
7781,56,45179,10,Male, ,14/12/2022,2
7782,32,0,47,Male,Operations,30/3/2024,3
7783,NA,35555,26,Female,*,29/3/2024,2
7784,35,30754,71,Female,IT,1/5/2024,5
7785,18,14748,47,Male,Marketing,3/9/2023,1
7786,43,22802,77,Female, ,8/11/2021, 
7787,20,41546,52,Male,Operations,1/9/2023,1
7788,48,12254,89,Male,Sales,6/6/2024,5
7789,57,25831,100,Male,HR,2/10/2022,-
7790,64,19263,86,Male,Marketing,4/5/2024,5
7791,42,44916,65,*,Sales,9/2/2020,4
7792,-,50065,4,Male,NA,14/6/2022,2
7793,21,0,33,Female,Operations,18/11/2022,3
7794,52,26015,62,Female,IT,12/9/2021,5
7795,58,20183,73,Female,HR,8/5/2023,2
7796,30,35168,98,Male,Operations,22/6/2023,3
7797,50,34506,49,,Operations,28/12/2020,4
7798,39,47513,2,Female,Marketing,24/9/2021,4
7799,34,31232,28,Male,Sales,24/2/2024,1
7800,44,30667,14,Male,Finance,12/7/2020,2
7801,37, ,5, ,HR,5/3/2024,5
7802,64,40758,53,Male,Marketing,20/1/2021,5
7803,44,27690,65,Female,HR,11/12/2023,3
7804,20,40244,20,Male,Finance,10/1/2021,1
7805,64,43350,26,Male,Finance,12/2/2023,3
7806,25,32636,,Female,IT,21/11/2021,3
7807,32,43738, ,Male,Operations,7/2/2020,5
7808,20,51356,20,Female,Marketing,28/1/2024,1
7809,46,50165,25,Female,Operations,21/5/2024,NA
7810,46,19809,95,Male,Marketing,28/12/2023,3
7811,50,0,91,Male,Sales,18/5/2020,3
7812,50,12728,,Male,Marketing,10/3/2020,2
7813,58,31786,26,Male,Finance,27/8/2020,2
7814,23,NA,-,Female,Sales,27/5/2024,3
7815,47,19700,49,Male,Finance,11/10/2020,5
7816,26,-,33,Male,Finance,4/9/2021, 
7817,32,11763,10,-,Marketing,17/12/2023,3
7818,18, ,100,Male,Finance,17/1/2024,
7819,23,38487,13,Female,Operations,29/4/2022,*
7820,43,30783,64,Female,Sales,2/4/2024,4
7821,19,24133,84, ,Operations,6/2/2023,3
7822,58,8960,95,-,HR,18/7/2020,4
7823,62,0,92,Female,Marketing,14/2/2020,1
7824,43,35353,*,Male,Finance,20/6/2023,3
7825,26,38632, ,Male,IT,3/6/2021,2
7826,59,41935,62,Male,Operations,22/11/2023,3
7827,-,36387,49,Male,Operations,27/4/2021,4
7828,55,33112,33,Male,HR,18/8/2024,4
7829,48,21140,31,Male,Marketing,23/8/2021,3
7830,55,47840,94,*,Sales,15/9/2021,5
7831,58,22222,45,Female,Sales,8/4/2024,2
7832,56,55123,,Male,IT,27/5/2023,1
7833, ,39552, ,Male,Sales,16/10/2022,*
7834,24,37820,66,Male,HR,22/8/2023,3
7835,52,53232,30,Male,Finance,17/10/2021,3
7836,33,,47,Male,Finance,24/11/2024,3
7837,36,15801,40,Male,Finance,24/9/2022,4
7838,38,33622,66,Male,Finance,18/10/2023,5
7839,55,29951,51,Female,Finance,29/4/2024,1
7840,37,34879,96,Female,HR,30/12/2021,NA
7841,45,21671,94,Male,HR,10/4/2022,3
7842,45,20715,9,*,Finance,11/5/2022,4
7843,45,28217,16,Female,Sales,24/9/2022,4
7844,20,40648,5,Male,Operations,17/3/2023,2
7845,51,36203, ,Female,Operations,22/2/2020,5
7846,23,43101,67,Male,Sales,10/1/2023,5
7847,-,54383,78,Male,Marketing,14/6/2022,1
7848,25,49320,*,Female,Sales,26/8/2020,3
7849,21,15110,31,Male,Operations,4/10/2020, 
7850,21,30229,34,Female,Finance,9/12/2023,5
7851,NA,NA,,*,Marketing,23/10/2022,1
7852,32,28062,8,Male,Operations,24/9/2023,5
7853,56,43376,73,Male,Marketing,30/10/2023,4
7854,61,31896,84,Female,NA,12/11/2023,2
7855,36,19263,86,-,NA,10/9/2023,2
7856,44,50143,19,Female,Marketing,16/7/2024,-
7857,32,7526,52,Female,Operations,22/1/2022,3
7858,55,33633,89,Female,Sales,31/8/2021,4
7859,NA,23606,14,Male,*,25/8/2020,1
7860, ,, ,Female,Finance,1/5/2023,1
7861,36,18967,61,Male,HR,17/12/2021,5
7862,20,37090,48,Male,Sales,5/1/2020,4
7863,56,39693,0,Male,IT,23/2/2023,3
7864,48,33224,78,Male,HR,17/10/2020,3
7865,63,0,95,Male,Finance,3/8/2022,4
7866, ,55020,65,Male,IT,19/4/2021,3
7867,37,55684,23,Male,Sales,11/7/2022,2
7868,53,12037,51,NA,Marketing,5/6/2021,2
7869,23,27075,50,Female,HR,7/10/2020,1
7870,43,50680,87,,-,22/1/2021,3
7871,19,21100,99,Male,Finance,26/1/2021,2
7872,32,37078,6,Male,,24/11/2021,3
7873,18,51509,10,Male,Finance,16/6/2024,2
7874,48,20209,53,Female,Sales,20/10/2020,4
7875,62,*,83,Female,Marketing,15/11/2022,1
7876,20,14748,82,Male,Finance,5/4/2021,2
7877,18,-,67,Male,Finance,8/11/2020,4
7878,50,28754,31,-,IT,13/6/2020,4
7879,NA,27870,19,Female,Marketing,8/1/2024,5
7880,60,32226,80,Female,HR,18/3/2021,1
7881,33,36835,10,Male,HR,28/7/2024,1
7882,33,0,21,Female,Sales,2/6/2021,4
7883,38,25949,24,Female,NA,1/9/2022,4
7884,61,29030,33,Female,Sales,18/10/2023,1
7885,50,39514,,Female,,4/5/2024,3
7886,, ,17,Male,Operations,9/10/2024,3
7887,37,52846,NA,Female,Marketing,31/7/2024,3
7888,20,45491,, ,HR,25/2/2023,1
7889,35,46979,29,Male,Sales,19/9/2022,3
7890,26,42485,46,Female,IT,12/6/2021,2
7891,53,42886,53,Male,Sales,25/5/2020,5
7892,62,30698,0, ,Finance,1/3/2021,4
7893,47,14677, ,Female,Marketing,23/9/2024,5
7894,41,27591,71,Male,IT,24/4/2020,1
7895, ,NA,65,Male,IT,31/12/2022,3
7896,55,43501,62,Male,Finance,20/5/2021,5
7897,63,49906,-,Male,Marketing,16/6/2021,2
7898,39,29811,37,Female,-,22/3/2023,5
7899,60,28136,19,Female,NA,20/12/2023,5
7900,58,43133,48,Male,Sales,20/2/2020,2
7901,NA,42266,35,Female,Sales,21/9/2021,2
7902,*,27548,45,Male, ,20/9/2023,5
7903,53,50301,59,Female,Sales,9/9/2024,5
7904,64,32101,63,Male,Operations,20/5/2022,2
7905,54,41973,3,Male,IT,9/4/2022,5
7906,24,29044,5, ,IT,4/7/2021,5
7907,25,NA,-,NA,Operations,18/8/2021,3
7908,20,32361,10,Male,Sales,1/8/2020,2
7909,*,21472,26,Male,Finance,5/2/2024,1
7910,60,36681,37,-,Marketing,6/9/2021,3
7911,46,32367,61,Female, ,14/8/2021,2
7912,39,33437,38,Male,Sales,8/5/2020,5
7913,41,65512,75,Male,Operations,3/8/2020,1
7914,20,31557,41,Male,HR,15/12/2023,3
7915,62,28570,51,Female,IT,5/7/2020,5
7916,,38988,80,NA,Sales,1/10/2023,3
7917,50,NA,31,Female,Marketing,4/6/2020,1
7918,47,39906,93,Male,Finance,9/6/2020,2
7919,44,21503,29,Male,IT,6/2/2022,2
7920,61,38356,89,Female,Marketing,17/2/2020,3
7921,54,34288,32,Female,HR,11/5/2022, 
7922,43,NA,50,Male,Sales,12/11/2022,2
7923,NA,34096,2,Male,HR,8/8/2020,2
7924,,28978,33,Male,Sales,4/11/2024,*
7925,27,33382,97,Female,Finance,5/1/2024, 
7926,38,30776,48,Male,IT,2/8/2021,5
7927,63,,NA,Female,Operations,11/5/2021,NA
7928,58,30630,49,Female,-,14/2/2020,2
7929,49,39163,0,Male,Operations,23/12/2021,2
7930,34,38036,0,,*,3/6/2022,2
7931,29,25000,2,, ,17/6/2021,5
7932,18,35118,58, ,IT,25/1/2023,2
7933,51,22229,91,Female,Marketing,30/9/2020,2
7934,26,48540,62,Male,Operations,15/10/2024,1
7935,NA,36843,77,Female,HR,22/7/2024,1
7936,40,51392,42,Female,HR,29/1/2020,2
7937,18,37170,4,Female,HR,4/9/2021,2
7938, ,45359,62,Male,Marketing,8/7/2024,5
7939,52,24558,,Male,Sales,2/4/2023,1
7940, ,59298,43,Male,Finance,24/6/2021,4
7941,62,-13157,34,Male,Operations,18/6/2024,3
7942,61,40119,12,Female,Finance,25/11/2020,4
7943,21,21849,62,Male,Sales,22/10/2022,5
7944,55,43294,53,Male,IT,29/11/2023,3
7945,35,38338, ,Male,Finance,15/8/2020,5
7946,56,40570,90,Female,Sales,8/4/2023,*
7947,39,44255,93,Female,Marketing,22/1/2021,-
7948,38,25029,5,Female,HR,1/1/2024,-
7949,27,30603,58,Female,Marketing,1/8/2021,3
7950,46,38219,18,Female,Finance,22/10/2023,5
7951,34,50321,97,Male,HR,7/9/2022,1
7952, ,30579,*,Male,Operations,3/12/2024,3
7953,33,23734,24,Female,Finance,24/6/2024,1
7954,56,8320,25,Male,IT,4/8/2020, 
7955,29,35081,83,Male,Sales,15/3/2024,5
7956,64,38626,40,Male,Operations,18/5/2020,1
7957,32,44133,17,Male,NA,6/11/2024,3
7958,33,17830,81,Female,IT,25/9/2022,3
7959,47,33938,57,Male,Operations,7/10/2021,3
7960,27,42698,84,,HR,19/9/2023,5
7961,18,,9,Female,Operations,27/1/2023,2
7962,58,43412,33,Male,HR,7/12/2023,NA
7963,18,23895,6,Male,Finance,20/10/2021,1
7964,61,27897,7,Female,Operations,9/7/2024,*
7965,51,27060,39, ,IT,7/10/2023,2
7966,35, ,99,Male,Marketing,22/5/2022,3
7967,64,49723,59,Female,Sales,14/10/2020,1
7968,62,54890,75,Female,IT,2/7/2022,4
7969,45,26188,86,Female,Marketing,17/9/2023,*
7970,39,40574,10,Female,IT,14/7/2023,*
7971,58,32170,35,NA,IT,21/12/2023,5
7972,19,11347,63,-,Sales,10/11/2021,4
7973,21,42867,33,Female,Finance,11/5/2024,3
7974,37,26428,3,Female,Finance,11/12/2021,1
7975,63,47781,24,Male,Operations,21/9/2021,-
7976,36,47594,86,Female,,3/8/2021,
7977,50,47104,31,Female,Finance,27/7/2024,3
7978,47,-,0,Male,IT,27/9/2020,1
7979,64,56993,61,Male,IT,29/9/2020,1
7980,18,46970,39,Female,HR,10/10/2024,NA
7981,27,52200,0,Female,IT,30/7/2024,1
7982,,37463,82,Male,Marketing,11/2/2021,2
7983,42,31514,96,Female,Sales,25/12/2020,*
7984,35,48167,27,Male,Sales,5/6/2024,2
7985,44,*,91,,Operations,5/9/2020,1
7986,*,33473,20,,IT,21/6/2020,1
7987,NA,22452,41,Female,Finance,20/7/2022,*
7988,27,38681,47,Female,Finance,28/2/2023,4
7989,57,49987,17,Female,Finance,3/9/2022,5
7990,35,38079, ,Female,Operations,18/6/2021,4
7991,49,35635,7,Female,Marketing,23/6/2024,3
7992,19,31631,28,Female,Finance,13/1/2020,2
7993,51,53217,59,Male,Operations,26/1/2024,2
7994,21,25549,26,Male,,12/10/2023,1
7995,38,42577,25,*,Sales,16/4/2021,2
7996,21,36414,53,Female,Marketing,13/6/2024,1
7997,32,21573,48,Male,Marketing,7/1/2024,1
7998,48,50884,72,Male,-,6/4/2021,2
7999,43,26363,84,Female,Marketing,28/5/2022,2
8000,19,54178,NA,Female,Marketing,29/6/2020,5
8001,63,48711,15,Female,Operations,28/12/2021,3
8002,38,46050,84,Male,Sales,4/7/2021,4
8003, ,41651,59,Female,NA,2/3/2023,3
8004,NA,20691,95,Female,HR,16/9/2024,4
8005,53,54109,94,Male,Operations,26/11/2022,4
8006,55,12422,90,Male,IT,9/7/2020,5
8007,53,42116,31,Male,IT,28/7/2023,1
8008,53,33082,17,Female,IT,15/6/2021,3
8009,60,48828,,Male,Finance,9/1/2021,5
8010,63,23640,*,Male,IT,20/5/2024,2
8011,-,,13,Female,Operations,4/9/2020,2
8012,31,26147,16,Male,Marketing,4/9/2024,5
8013,38,47031,29,Female,Finance,4/8/2022,3
8014,51,53472,16,Male,NA,1/8/2024,2
8015,60,54740,0,Male,Finance,18/5/2020,4
8016,-,10244,46,Female,Sales,17/1/2022,1
8017,36,32949,48,Female,HR,11/2/2021,5
8018,21,57365,69,Female,Finance,25/4/2021,5
8019,19,23914,7,Female,Finance,16/5/2022,4
8020,32,NA,55,Male,Operations,26/10/2022,
8021,47,39453,56,Female,Operations,23/12/2023,1
8022,24,17273,*,Female,Marketing,24/5/2022,3
8023,36,32632,0,Female,Finance,10/9/2022,2
8024,20,0,32,Male,,16/3/2022,2
8025,45,45012,25,Female,Finance,20/2/2024,3
8026,60,34177,38,Female,Sales,28/3/2020,5
8027,44,38717,22,Male, ,28/10/2024,3
8028,48,36423,22,NA,Marketing,17/6/2020,-
8029,64, ,2,Female,Marketing,10/9/2024,1
8030,48,35748,44,Female,Operations,11/10/2023,1
8031,39,32808,52,Female,Finance,8/9/2024,4
8032,24,35473,58,Female,Marketing,5/7/2020,1
8033,46,32250,55,Male,Marketing,31/7/2022,NA
8034, ,41488,23,Male,*,23/5/2023,3
8035,58,31374,28,Female,HR,20/12/2023,*
8036,27,24767,97,Male,Finance,14/9/2022,5
8037,54,45918,45,*,Finance,20/9/2020,4
8038,25,46270,13,Male,Marketing,29/6/2021,3
8039,48,-,7,Female,-,13/11/2024,3
8040,56,23396,37,Female,Finance,3/2/2020,5
8041,23,36214,79,Female,Operations,26/7/2022,3
8042,64,65404,35,Female,Sales,14/8/2023,5
8043,NA,*,59,Female,IT,24/4/2024,2
8044,42,20755,47,Female,IT,31/10/2022,*
8045,19,70547,92,Male,Finance,15/2/2022,4
8046,23,*,13,Male,Finance,18/9/2024,4
8047,19,*,29,-,Marketing,21/1/2021,2
8048,26,0,73,Male,Operations,22/1/2023,4
8049,30,26888,0,Male,HR,27/4/2022,2
8050,23,6599,59,Male,,21/8/2023,2
8051,59,51456,59,Female,Sales,15/3/2021,5
8052,46,44757,19,Female,Operations,2/2/2023,4
8053,23,0,20,Male,HR,14/3/2020,
8054,54,52551,90,Female,Operations,9/3/2022,*
8055,33,61427,45,Male,HR,22/7/2024,
8056,-,38478,40,Female,*,13/3/2024,5
8057,26,26823,32,Male,IT,26/8/2023,3
8058,36,33317,-,Male,Finance,24/6/2024,1
8059,*,26237,38,Female,Sales,20/6/2023,4
8060,NA,24385,50,Male,Operations,19/2/2023,4
8061,34,41198,0,Male,Sales,29/4/2023,4
8062,20,35171,79,Female,Operations,14/1/2021,4
8063, ,45382,82,Male,Sales,19/2/2022,5
8064,54,41032,97,Female,Marketing,7/6/2021,3
8065,18,25779,,Male,Marketing,24/12/2022,4
8066,57,34427,59,Female,Sales,22/2/2021,3
8067,19,20245,,Female,HR,23/12/2022,2
8068,18,0,19,Female,-,3/5/2020,3
8069,38,23539,49,Female,Marketing,14/7/2020,1
8070,38,36975,32,Male,HR,6/9/2021,3
8071,41,28260,60,Female,IT,5/5/2022,4
8072,38,29162,48,Female, ,1/12/2021,4
8073,58,28506,0,Male,Marketing,14/1/2020,
8074,31,28103,8,Male,Finance,20/1/2022,5
8075,32,-,49,Female,Operations,29/1/2024,3
8076,30,40486,0,Male,HR,26/10/2020,1
8077,36,40682,0,Male,Operations,5/10/2023,2
8078,51,33835,64,Female,Finance,14/12/2021,4
8079,54,51560,-,Male,Finance,26/6/2024,4
8080,44,52159,*,Female,Sales,20/9/2020,1
8081,56,43281,17,Female,Operations,15/9/2021,2
8082,36,35787,34,Female,Operations,19/12/2020,5
8083,*,30602,7,Male,IT,21/10/2020,1
8084,36,41783,NA,Male,Sales,8/2/2021,1
8085,31,41138,10,Female,NA,29/1/2023,2
8086,30,43399,4,Male,Marketing,19/4/2022,1
8087,30,22242,81,-,Sales,27/6/2024,2
8088,19,33371,75,,IT,4/1/2021,3
8089,-,28731,40,Male,*,17/12/2021,4
8090,36,11836,97,Female,IT,2/1/2021,2
8091,39,238181,*,Male,Marketing,1/9/2024,4
8092,63,-,68,Female,*,17/11/2020,4
8093,37,41741,61,Male,Operations,22/3/2020,2
8094,59,38873,5,Male,Finance,29/11/2020,4
8095,60,31722,18,Male,Finance,22/5/2024,1
8096,51,45799,31,Male,Operations,2/9/2021,*
8097,60,36884,93,Male,Marketing,27/8/2021,4
8098,-,48146,77,Male,Marketing,17/6/2024,3
8099,54,24469,81,-,-,14/12/2020,-
8100,27,38176,51,Male,Operations,25/9/2020,2
8101,28,50620,22,Male,Marketing,10/1/2023,1
8102,23,45201,75,Male,HR,15/7/2022,1
8103,23,48321,75,Male,*,10/7/2023,2
8104,-,33530, ,Male,IT,27/3/2023,5
8105,50,21722,0,-,HR,6/3/2020,-
8106,45,33388,87,Male,Operations,21/7/2022,3
8107,*,26329,46,Male,,25/11/2021,2
8108,61,47856,52,Female,IT,3/12/2023,5
8109,25,40019,32,*,IT,25/7/2021,4
8110,46,40824,55,NA,Operations,2/5/2023,2
8111,41,0,0,Female,Marketing,4/3/2021,3
8112,33,37020,4,Male,IT,24/7/2023,3
8113,33,29685,37,Female,Operations,19/9/2021,1
8114,19,51076,,Male,IT,9/12/2021,2
8115,36,67618,66, ,Marketing,12/12/2021,4
8116,28,38709,45,Female,HR,22/11/2020,5
8117,31,31467,18,Female,IT,3/10/2023,3
8118,49,65072,91,-,Finance,13/8/2021,5
8119,55,15565,61,Male,Finance,21/6/2020,3
8120,50,49617,94,Male,HR,21/7/2020,4
8121,26,33747,74,,*,27/3/2021,3
8122,57,55920,NA,Female,Sales,7/9/2023,2
8123,41,31723,64,Female,Sales,4/7/2024,1
8124,48,36306,26,Female,HR,26/9/2020,4
8125,62,37263,74,-,-,27/4/2020,5
8126,26,26785,10,Female,HR,16/2/2023,1
8127,22,51161,54,Female,Finance,8/11/2024,3
8128,54,33351,22,Female,Marketing,24/3/2022,2
8129,44,0,96,Female,Marketing,26/5/2021,5
8130,33,10153,37,Male,-,10/8/2024,3
8131,61,35504,-,-, ,9/7/2023,2
8132,31,32400,75,NA,HR,29/8/2024,1
8133,*,28100,50,Male,Sales,27/7/2022,1
8134,22,21115,60,Female,-,28/12/2020,NA
8135,54,55587,78, ,HR,16/9/2020,*
8136,33,31498,36,Male,HR,7/7/2021,5
8137,37,27234,68,Female,Sales,28/11/2023,1
8138,19,45802,69,Female,Finance,20/3/2024,4
8139,30,34993,91,Male,Sales,19/5/2021,4
8140,-,45522,0,Male,IT,17/1/2022,4
8141,37,44963,40,Female,Sales,16/6/2022,3
8142,52,36407,87,Male,Sales,7/10/2023, 
8143,54,21377,0,*,Operations,5/11/2023,3
8144,21,36810,4,Male,Operations,29/6/2022,1
8145,51,59136,51,Female,Marketing,11/6/2023,2
8146,,47104,36,Female,IT,1/7/2022,2
8147,27,36633,45,Male,HR,13/1/2023,5
8148,18,42077,62,Male,Marketing,17/8/2021,1
8149,47,29880,92,Male,Sales,24/6/2021,2
8150,29,53807,44,Female,Sales,13/8/2022,3
8151,20,45959,0,Male,Finance,21/3/2023,4
8152,32,,78,Male,Sales,3/10/2021,5
8153,59,17550,94,Male,Marketing,4/12/2021,4
8154,41,28307,98,Female,Sales,23/10/2024,1
8155,44,NA,23,*,HR,9/9/2024,4
8156,64,*, ,Female,Operations,11/10/2021,4
8157,64,20910,90,Male,IT,5/5/2024,5
8158,18,15297,6,Female,Sales,19/2/2024,1
8159,63,52764,23,Male,IT,18/4/2021,5
8160,51,49477,91,Male,,27/12/2023,1
8161,*,38491,13,Female,Marketing,24/6/2023,1
8162,46,41110,49,Male,IT,27/6/2022,2
8163,38,NA,96,Male,HR,20/7/2020,4
8164,44,*,81,Male,HR,15/4/2021,2
8165,39,37421,58, ,Sales,2/1/2023,2
8166,28,38832,16,Female,IT,5/11/2023,3
8167,*,38321,23,Male,Marketing,6/1/2022,1
8168,36,48009,*,Male,HR,18/5/2024,1
8169,36,47731,-,*,Operations,18/9/2020,3
8170,24,37407,77,Female,Marketing,13/5/2024,2
8171,29,,*,Female,Finance,1/1/2023,1
8172,26,31751,20,Female,Finance,8/5/2020,3
8173,34,-,86,Female, ,25/5/2021,5
8174,25,47977,57,Female,Sales,14/7/2022,1
8175,NA,32002,75,Female,-,9/4/2021, 
8176,30,42774,26,Female,IT,25/1/2020,2
8177,62,28876,58,Female,Marketing,21/10/2021,2
8178,24,21185,24,Female,IT,29/3/2021,4
8179,*, ,16,Male,Sales,8/8/2020,3
8180,36,54933, ,Male,Operations,17/10/2020,5
8181,18,39442,0,-,Operations,23/2/2021,1
8182,40,28911,-,Female,IT,16/11/2021,2
8183,44,47401,31,*,Finance,4/2/2022,4
8184,21,44238,NA,,Finance,15/5/2024,4
8185,42,31533,15,Female,HR,1/6/2023,5
8186,*,31056,4,Female,IT,29/8/2024,1
8187,58,32249,*,Male,Marketing,28/8/2020,1
8188,54,29567,61,Male,Operations,14/4/2023,5
8189,22,49234,29,Male,Marketing,29/10/2020,
8190,58,29032,28,Female,Marketing,11/3/2020,2
8191,37,33683,55,Female,Marketing,30/1/2020,1
8192, ,11281,91,Male,HR,17/5/2022,3
8193,25,41571,74,Female,HR,20/11/2024,1
8194,61,30095,39,Male,NA,20/3/2023,2
8195,56,32668,-,Male,HR,29/8/2021,1
8196,64,44712,,Female,Operations,5/9/2020,4
8197,29,27022,28,Male,Marketing,15/12/2022,2
8198,51,32613,-,Female,Marketing,23/9/2024,4
8199,48,33510,,Female,Finance,10/8/2024,3
8200,29,-,0,Male,Finance,25/8/2023,4
8201,58,48707,95,Male,Operations,14/11/2020,2
8202,43,28520, ,Female,Finance,7/9/2021,*
8203,46,37978,94,Female,HR,9/10/2022,3
8204,29,34715,65,Male,Finance,9/10/2020,1
8205,60,42204,21,Male,HR,17/8/2022,1
8206,42,27621,11,Male,IT,21/6/2021,4
8207,62,23538,27,Male,Operations,11/9/2021,3
8208,34,18886,45,-,Marketing,16/11/2022,-
8209,48,43310,46,Female,Sales,29/4/2024,2
8210,38,7880,*,Male,Operations,8/11/2024,4
8211,35,30039,*,*,Operations,14/9/2021,2
8212,49,54095,23,Female,Operations,16/12/2021,3
8213,57,19576,95, ,Sales,6/5/2022,1
8214,46,17580,81,Female,Finance,16/9/2020,5
8215,18,72913,0,Male,Operations,14/6/2024, 
8216,53,NA,4,Female,IT,1/8/2020,2
8217,53,25913,67,Male,Operations,25/11/2023,2
8218,39,0,33,Male,Operations,8/3/2023,3
8219,45,36373,88,Female,Operations,21/1/2021,-
8220,40,33366,0,Female,Finance,13/12/2021,3
8221,27,31878,19,Male,Marketing,17/9/2024,1
8222,25,34100,100,Male,Sales,2/10/2020,1
8223,59,23624,0,Female,Marketing,28/11/2023, 
8224,*,32562,70,Male,Marketing,27/6/2023,1
8225,51,-,76,Male,Finance,6/1/2021,4
8226,30,46801,82,Female,Finance,11/8/2024,3
8227,40,0, ,Female,Marketing,4/4/2022,1
8228,47,*,55,Female,,29/9/2020,5
8229,NA,44752,56,Male,HR,31/1/2022,5
8230,61,44661,6,Female,IT,30/11/2022,5
8231,41,*,39,*,Sales,27/2/2022,2
8232,39,13325,82,Male, ,29/6/2024,2
8233,50,25757,82,Female,Marketing,19/9/2023,5
8234,55,32544,62,,NA,6/12/2023,
8235,45,23965,47,Male,Operations,12/1/2024,1
8236,28,24902,,Male,Operations,20/3/2022,4
8237,33,0,54,Male,HR,7/10/2020,1
8238,44,46480,11,Female,Finance,16/2/2020,3
8239,*,50854,64,Male,Sales,22/6/2024,5
8240,52,50705,31,Male,Finance,1/1/2024,3
8241,57,25155,0,Male,Operations,23/9/2021,5
8242,42,41275,NA,Male,Sales,15/7/2021,4
8243,41,24537,20,Female,Marketing,21/7/2022,2
8244,23,-, ,Female,IT,25/5/2024,4
8245,29,36437,31,Male,IT,27/2/2023,3
8246,44,,84,Female,Operations,7/7/2021,1
8247,46,52490,82,Male,Finance,28/6/2024,4
8248, ,29634,89,Female,Operations,28/7/2021,4
8249,33,8102,44,Male,Finance,7/7/2022,5
8250,25,30889,90,Female,IT,9/10/2024,2
8251,35,21967,35,Female,Sales,15/10/2021,4
8252,19,,3,Male,Operations,12/6/2021,1
8253,36,35048,94,Female,HR,28/9/2021,3
8254,NA,38048,30,Male,Finance,15/8/2024,-
8255,45,NA,9,Male,Sales,18/3/2021,1
8256,43,26066,54,Female,HR,18/9/2024,4
8257,58,34970,14,Male,Sales,11/7/2022,3
8258,54,35854,93,Female,HR,27/8/2023,3
8259,25,41245,16,Male,HR,11/1/2022,4
8260,20,5027,19,Female,Operations,8/3/2023,4
8261,35,22536,99,Female,NA,26/3/2022,1
8262,22,*,91,-,*,19/12/2020,2
8263,20,26108,7,Female,Finance,17/4/2021,2
8264,24,NA,33,Male,HR,2/1/2020,5
8265,62,29239,-,Male,Finance,31/8/2023,2
8266,56,47273,96,Male,Marketing,20/1/2023,1
8267,36,24756,45,Female,*,17/9/2020,1
8268,48,22593,85,Female,Marketing,7/6/2023,3
8269,NA,15842,NA,Male,IT,27/11/2023,1
8270,NA,49759,-,Male,HR,25/3/2020,1
8271,27,55613,16,Female,Marketing,24/6/2024,1
8272,59,47076,46,Male,Marketing,11/3/2023,1
8273,49,40039,65,Male,Finance,22/9/2020,5
8274,52,21539,,Male, ,13/3/2024,4
8275,18,51191,15,Female,Marketing,4/2/2023,1
8276,60,25605,39,Female,Marketing,30/9/2022,1
8277,22,41114,95,Female,Sales,6/6/2021,2
8278,29,34177,36,Male,IT,16/7/2022,4
8279,37,45641,22,Female,Operations,9/12/2023,4
8280,20,0,50,Male,-,1/1/2022,4
8281,43,36018,28,Female,Marketing,10/7/2022,1
8282,41,31095, ,Female,Sales,11/5/2023,5
8283,33,15085,62,Female,HR,3/11/2022,4
8284,62,44629,82,Male,Finance,22/2/2023,4
8285,37,,25,Male,Operations,3/12/2020,1
8286,26,28485,82,Female,Operations,11/9/2024,1
8287,37,47845,34,Female,Operations,1/9/2021,3
8288,51,28412,89,Male,*,26/9/2024,1
8289,19,40149,21,Female,Operations,9/1/2021,4
8290,30,28971,58,Male,*,29/8/2024,NA
8291,37,0,26,Female,HR,21/12/2020,2
8292,43,14572,20,Female,Operations,13/4/2021,1
8293,56,42069,88,Female,*,24/8/2021,4
8294,-,35859,54,Male,Sales,18/9/2022,2
8295,53,35950,33,Female,Sales,21/7/2020,2
8296,32,27834,48,Female,NA,3/9/2020,3
8297,58,30412,0,*,Operations,7/3/2024,2
8298,60,35549,-,Female,Finance,11/7/2024,2
8299,31,15252,82,Male,Operations,18/11/2021,3
8300,19,23384,31,Female,Finance,23/3/2024,5
8301,56,34658,25,Male,Operations,12/6/2020,2
8302,18,22939,31,*,Finance,17/1/2020,2
8303,63,38166,16,Male,Sales,12/4/2023,4
8304,48,43610,35,Male,HR,14/9/2020,5
8305,22,26698,8,Female,,24/10/2022,5
8306,46,22753,94,Male,Operations,25/11/2023,1
8307,29,13109,93,Female,HR,23/1/2020,1
8308,40,54745,14,Male,IT,30/3/2024,4
8309,40,22903,70,Female,HR,22/9/2020,2
8310,32,17175,-,Male,Finance,16/8/2023,1
8311,31,*,22,Female,Marketing,1/11/2021,3
8312,61,38392,43,Male,IT,7/8/2024,NA
8313,23,35107,38,Female,Operations,6/2/2021,4
8314,22,27190,*, ,Sales,9/11/2021,2
8315,21,,38,Female,Finance,26/5/2022,5
8316,60,46717,17,Female,Operations,14/9/2023,3
8317,24,46227,74,Female,Sales,2/1/2023,4
8318,19,29691,18,Female,HR,12/7/2022,1
8319,64,44264,93,Female,Operations,2/1/2024,NA
8320,31,26863,48,Male, ,13/5/2023,*
8321,45,15800,73,NA,IT,1/5/2024,3
8322,26,27084,15,Female,Operations,18/9/2023,2
8323,46,26395,0,Male,HR,26/10/2023,5
8324,41,23032,4,Male,HR,14/3/2020, 
8325,52,55210,88,Female,Operations,23/2/2023,2
8326,35,43312,21,Male,Sales,4/6/2021, 
8327,28,27610,*,Male,Sales,29/5/2022, 
8328,48,31610,NA,Female, ,21/10/2023,5
8329,24,43881,61,Male,HR,19/1/2022,5
8330,48,34043,5,Female,Sales,13/10/2021,4
8331,51,49312,16,Male,IT,1/3/2020,2
8332,31,35567,60,Male,Operations,4/4/2020,3
8333,43,14800, ,Female,Marketing,9/2/2020, 
8334,64,47912,9,NA,Finance,18/2/2021,2
8335,40,NA,73,Female,HR,25/7/2023,4
8336,39,31859,*,Female,Operations,19/1/2024,4
8337,-,32176,46,Female,Marketing,24/2/2023,4
8338,43,28826,45,Male,HR,20/7/2022,3
8339,63,33104,-,Male,Finance,4/8/2020,5
8340,61,54295,2,Male,Finance,26/4/2021,3
8341,*,19873,10,Female,Finance,18/12/2021, 
8342,32,,20,Male,HR,30/4/2020,1
8343,27,21160,100,Male,Finance,20/8/2022,4
8344,52,23925,64,Female,Marketing,27/6/2021,1
8345,30,31426,96,Male,Marketing,18/3/2021,5
8346,25,42443,1,Female,HR,5/5/2022,4
8347,22,33122,31,Female,,3/1/2024,5
8348,25,36860,*,Male,IT,6/11/2022,1
8349,39,34025,66,Female,Marketing,7/7/2023,
8350,51,41097,71,Female,Sales,25/6/2022,4
8351,22,NA,52,Female,Sales,4/10/2024,*
8352,42,21824,3,Male,IT,26/7/2021,3
8353,48,30939,15,Male,,18/8/2023,-
8354,30,19821,53,Female,Marketing,11/5/2021,5
8355,59,35654,53,Female,Marketing,22/12/2021,2
8356,27,22326,0,Female,IT,8/11/2020,3
8357,23,31970,77,Female,*,8/10/2020,*
8358,36,19947,36,Female,Operations,17/8/2020,5
8359,49,30072,75,Male,Operations,15/9/2022,2
8360,21,23475,48,Male,,4/7/2023,1
8361,46,40084,92,Female,Sales,28/9/2021,4
8362,47,16633,,Male,Marketing,29/12/2020,1
8363,44,42287,7,Female,Marketing,14/11/2022,NA
8364,48,23194,42,Female,Operations,16/5/2020,1
8365,,50357,79,Female,*,16/10/2022,1
8366, ,24797,37,Female,Operations,25/1/2021,1
8367,62,42279,1,Female,Marketing,25/11/2021,3
8368,51,,54,Female,Sales,25/10/2022,1
8369,52,33221,50,Female,Operations,1/8/2021,4
8370,56,,0,-,Marketing,30/4/2023,1
8371,27,0,NA,Male,IT,15/11/2021,1
8372,47,31950,64,NA,Operations,23/5/2020,5
8373,27,68933,*,Male,HR,21/3/2024,3
8374,49,18256,88,Male,HR,9/4/2021,5
8375,49,25247,85,Male,HR,16/8/2021,4
8376,64,18184,1,Male,Finance,6/12/2023,3
8377, ,44571,-,Female,Marketing,26/3/2020,5
8378,23,45003,19,Male,HR,1/3/2024,1
8379,43,36690,75,Female,Sales,9/7/2021,4
8380,49,37257,13,Male,IT,1/4/2021,2
8381,30,0,50,Female, ,21/1/2023,4
8382,64,35491,19,Female,Sales,28/6/2020,1
8383,38,34011,NA,Female,IT,21/10/2024,*
8384,,7569,37,Male,*,19/10/2024,4
8385,56,37025,0,Male,Finance,29/10/2021,1
8386,20,27099,55,Female,Finance,13/10/2021,2
8387,*,37994,,Male,Finance,6/5/2021,4
8388,46,NA,33,Female,IT,4/9/2022,4
8389,*,,65,Female,HR,1/1/2024,1
8390,18,72218,82,Female,Marketing,21/10/2024,4
8391,46,44977,24,Female,Operations,31/3/2023,2
8392,42,50751,78,Female,Marketing,27/10/2021,3
8393,28,44181,89,Male,Sales,8/11/2024,3
8394, ,43312,7,-,-,26/11/2022,4
8395,25,45755,67,Female,-,17/2/2023,3
8396,60,38821, ,Male,Marketing,13/2/2022,2
8397,19,35582,70,Female,IT,11/3/2022,5
8398,-,10306,51,Male,Operations,16/2/2023,4
8399,21,27793,78,,Finance,31/7/2021,1
8400,47,20825,11,Male,IT,20/9/2020,2
8401,50,78055,1,Male,Marketing,4/3/2021,-
8402,51,46510,54,Female,Sales,31/12/2021,4
8403,*,34191,22,Male,Sales,9/10/2023,5
8404,38,20124,NA,,IT,2/7/2021,2
8405,29,,67,Female,Sales,6/12/2021,2
8406,56,52378,8, ,Operations,2/6/2023,4
8407, ,27428,1,NA,Finance,15/10/2022,4
8408,43,31761,43,Female,Marketing,29/8/2022,5
8409,27,13827,33,Female,IT,29/9/2024,NA
8410,46,14425,91,Female,Marketing,7/9/2023,1
8411,63,23049,NA,Male,Marketing,15/4/2021,3
8412,48,28545,33,,HR,9/6/2023,4
8413,34,45804,,Male,Operations,2/5/2024,1
8414,24,38458,53,Male,Finance,25/9/2022,NA
8415,46,31976,71,Male,IT,22/11/2021,3
8416,56,39309,3,Female,Sales,19/6/2021,1
8417,42,20893,41,Male,HR,25/3/2021,2
8418,61,31569,81,Female,Sales,18/8/2024,2
8419,,45781,73,,,6/2/2020,2
8420,28,32380,56,Male,Operations,13/4/2020,5
8421,20,29829,54,Female,Sales,26/7/2020,1
8422,35,32285,11,Male,Finance,4/12/2022,2
8423,24,,55,Female,HR,28/4/2023,3
8424,-,*,8,Female, ,7/1/2024,4
8425,53,46272,21,Male,Finance,8/10/2022,4
8426,,51231,22,Female,IT,20/2/2021,3
8427,24,5243,62,Male,IT,28/6/2023,4
8428,42,42431,95,Male,Operations,22/7/2021,4
8429,57,NA,15,Male,Finance,22/10/2020,3
8430,63,35069,40,Male,Finance,29/12/2021,2
8431,40,19826,0,Male,Sales,13/2/2020,1
8432,62,36841,0,Male,Operations,28/8/2022,5
8433,51,37925,12,Male,Marketing,11/11/2021,1
8434,39,21729,0,Female,,25/2/2021,5
8435,47,42091,57,Female,*,22/5/2021,2
8436,28,45994,-,Male,Marketing,6/7/2021,3
8437,58,40494,13,Female,IT,8/5/2024,1
8438, , , ,Male,IT,13/11/2022,1
8439,31,33267,88,Female,,19/2/2020,4
8440,28,25184,81,Female,IT,12/11/2022,1
8441,35,44791,,Male,Marketing,9/5/2023,4
8442,34,27219,32,Male,HR,28/4/2023,
8443,29,44185,9,NA,Operations,21/8/2020,4
8444,21,60037,75,Male,Operations,1/10/2024,1
8445, ,27383,87,Male,Finance,10/11/2022,4
8446,45,32473,19,Male,HR,14/2/2023,4
8447,-,14652,73,Male,IT,23/8/2022,3
8448,25,39402,22,Male,Sales,31/12/2021,2
8449,48,-,3,Male,-,10/4/2020,5
8450,NA,41112,30,Female,Sales,27/11/2023,5
8451,59,35080,96,Female,HR,18/2/2021,5
8452,52,55457,100,Female,,3/1/2024,1
8453,63,26251, ,Male,Finance,27/2/2024,4
8454,23,27914,21,Female,Operations,30/11/2022,1
8455,35,35911,60,Male,*,29/4/2021,3
8456,51,10613,23,Female,Finance,16/9/2022,5
8457,42,47200,97,Male,Operations,9/4/2024,4
8458,43,52124,74,Female,*,22/5/2022,4
8459,32,31692,59,Female,Operations,19/3/2023,1
8460,57,52946,37,Female,Finance,20/4/2022,4
8461,22,51021,26,Female,Finance,19/1/2020,2
8462,54,33626,75,Female,Sales,8/5/2024,4
8463,50,40097,,Male,HR,11/7/2022,3
8464,49,36187,1,Female,Operations,19/4/2020,2
8465,19,53576,66,Male,IT,24/3/2022,NA
8466,62,32514,59,Female,Finance,18/5/2022,2
8467,34,26801,42,Female,NA,28/3/2022,5
8468,48,19992,36,Male,Sales,25/2/2020,3
8469,37,23169,20,Female,Sales,14/7/2021,5
8470,50,31337,69,Female,Marketing,17/8/2023,2
8471,42, ,34,Female,Marketing,15/8/2021,4
8472,-,37488,4,Female,IT,22/7/2022,3
8473,46, ,*,Female,Finance,25/10/2022,1
8474,56,36861,34,Female,Finance,4/9/2023,2
8475,26,-,81,NA,Sales,1/3/2024,1
8476,38,25979,84,Female,IT,2/5/2023,1
8477,-,39167,5,Male,IT,9/2/2024,4
8478,50,14991,77,Female,HR,12/5/2020,2
8479,46,42388,0,Female,Marketing,7/7/2020,5
8480,41,43932,92,Male,Finance,7/3/2021,5
8481,19,43883,76,Male,Marketing,15/12/2022,5
8482,36,19600,90,Male,Sales,25/3/2020,5
8483,60,30053,38,Male,Operations,19/6/2022,5
8484,64,42930,62,Female,Finance,10/4/2022,3
8485,33,17737,94,Male,Sales,8/10/2021,5
8486,54,36000,73,Male,Finance,30/7/2021,1
8487,20,48773,45,Female,Finance,19/5/2022,2
8488,39,25286,86,Male,IT,16/2/2022,2
8489,36,38822,30,Male,Sales,2/7/2023,4
8490,*,43531,55,Male,IT,1/6/2024,4
8491,49,45294,NA,Female,Sales,24/11/2024,2
8492,33,45415,46,*,Sales,22/7/2023,4
8493,36,40819,63,Male,Finance,27/4/2020,2
8494,63,22255,15,-,-,10/12/2022,
8495,52,56651,76,-,Operations,16/8/2023,3
8496,58, ,26,Female,Marketing,16/6/2024,NA
8497,52,35762,75,Female,Sales,12/10/2023,4
8498,63,42935,82,Male,Operations,16/8/2021,4
8499,*,39713,68,-,IT,6/11/2024,2
8500,24,32947,88,Male,Finance,14/5/2023,1
8501,38,46741,36,Female,IT,18/1/2021,-
8502,23,46189,6,Male,Sales,29/8/2020,2
8503,36,54457,45,Female,Finance,14/11/2022,
8504,28,28652,78,Female,Finance,11/8/2023,4
8505,37,32631,23,Female,Operations,15/5/2020,4
8506,28,8158,14,Male,IT,14/11/2021,
8507,60,60409,23,Male,Sales,19/6/2020,1
8508,34,21816,76,Male,Operations,14/7/2023,3
8509, ,43424,44,Male,Finance,28/12/2020,1
8510,28,35820,100,Male, ,23/11/2021,1
8511,39,30406,51,Male,Sales,20/7/2022,2
8512,53,57649,NA,Female,Sales,5/7/2020,3
8513,43,44155,28, ,Marketing,26/6/2022,4
8514,45,38419,87,-,HR,30/12/2020,1
8515,18,13423,88,Male,Marketing,14/11/2020,3
8516,30,45330,2,Female,Finance,2/1/2024,3
8517,42,25553,68,Female,HR,30/10/2022,NA
8518,54,44630,37,Male,HR,24/12/2022,4
8519,64,41814,98,Male,HR,5/8/2020,1
8520,34,,23,Male,-,2/5/2022,5
8521,26,44235,20,NA,Finance,16/10/2023,2
8522,,,16,Male,Operations,6/1/2020,1
8523,46,37514, ,Male,IT,24/3/2023,1
8524,32,17956,10,Male,Operations,1/11/2021,2
8525,64,22816,30,Male,IT,26/2/2024,5
8526,38,281429,39,Female,HR,22/9/2024,4
8527,20,46960,10,Male,Sales,26/8/2024,*
8528,37, ,39,Female,HR,11/3/2020,3
8529,52,37233,91,Female, ,16/9/2021,4
8530,43,44048,55,Female,Operations,21/7/2023,2
8531,59,35101,,Male,Operations,10/10/2023,5
8532,NA,42207,,Male,Sales,16/10/2022,1
8533,53,60331,31,Male,Marketing,22/2/2020,2
8534,-,0,46,Male,Finance,11/8/2022,5
8535,61,220095,12,Male,Operations,8/2/2022,5
8536,43,-,39,Male,IT,3/8/2021,2
8537,18,28867,34,NA,Operations,22/9/2024,4
8538,28,25309,30,Female,HR,30/7/2021,1
8539,58,33213,-,Male,Operations,25/8/2021,2
8540,23,18986,17,Male,,2/4/2020,4
8541,*,17235,55,Female,Marketing,9/11/2020,5
8542,30,28274,25,Female,,19/2/2021,1
8543,37,29385,1,*,IT,28/8/2024,5
8544,61,20861,42,Female,Sales,9/10/2024,5
8545,53,23326,39,NA,Finance,26/7/2023,3
8546,31,34534,88,Male,IT,17/5/2020,3
8547,34,43393,87,Male,Marketing,27/9/2020,3
8548,55,33587,6,NA,HR,18/12/2022,4
8549,-,170042,75,Male,HR,30/10/2022,2
8550,54,35101,0,Male,Finance,4/6/2021,1
8551,18,30751,78,Male,Marketing,19/7/2024,4
8552,24,NA,75,Female,Sales,21/1/2021,4
8553,*,35323,88,Female,Sales,29/9/2024,5
8554,25,42855,55,Male,IT,4/1/2024,4
8555,18,41264,55,Male,Marketing,12/1/2020,5
8556,27,64704,67,NA,Sales,14/7/2021,5
8557,-,42499,*,Male,HR,16/9/2024,*
8558,20,18925,5,Female,IT,11/9/2024,1
8559,28,40609,47,Female,Sales,12/4/2022,4
8560,30,45231,44,Female,,12/12/2021,4
8561,48,41240,80,Male,IT,18/1/2022,3
8562,52,*,63,Male,,10/10/2021,1
8563,43,32707,91,Female,Operations,10/6/2024,3
8564,60,0,25,Male,,5/8/2020,3
8565, ,37204,42,Female,HR,26/4/2021,2
8566,34,40482,53,Male,HR,27/1/2020,3
8567,25,,89,Female,IT,14/9/2022,2
8568,61,55300,84,Female, ,30/11/2023,5
8569,47,41015,66,Male,Finance,20/11/2022,5
8570, ,-,20,Male,Operations,12/9/2021,5
8571,47,34446,6,Male,IT,24/7/2020,3
8572,22,41197,28,Female,Operations,23/11/2022,2
8573,49,24660,81,Female,Operations,24/1/2020,1
8574,39,36030,0,Male,Finance,20/4/2022,2
8575,45,25171,82,Male,IT,19/10/2021,1
8576,30,46100,17,Male,,19/1/2022,3
8577,60,10397,26,Male,IT,2/12/2022,1
8578,49,46477,30,Female,Marketing,5/7/2023,3
8579, ,33550,63,Male,Finance,26/12/2020,1
8580,42,41856,69,Female,Marketing,8/10/2021,3
8581,30,38391,28,*, ,14/2/2020,2
8582,52,23994,85,Male,HR,15/4/2021,4
8583,22,51676,30,Male,Sales,18/7/2021,1
8584,-,NA,43,Female,Operations,22/10/2020,1
8585,45,56580,4,Male,Operations,25/9/2023,3
8586,26,*, ,Female,Operations,2/11/2021,3
8587,56,37214,3,Male,Marketing,28/2/2023,5
8588,-,-,39,Female,Finance,5/1/2023,
8589,27,43423,32,Female,HR,19/9/2022,2
8590,53,17597,15,Female,Finance,18/4/2022,3
8591,43,23050,NA,Male,Marketing,27/4/2023,5
8592,20, ,NA,Female,HR,7/9/2020,5
8593,18,48053,95,Female,-,27/3/2023,1
8594,38,*,30,Male,Operations,31/1/2021,3
8595,48,26935,91,,IT,4/11/2021,2
8596,31,39159,NA,Male,Finance,3/10/2021,4
8597,60,42462,39,,*,26/1/2021,4
8598,44,45196,87,Female,Operations,19/5/2022,2
8599,39,29281,96,,Finance,7/12/2021,3
8600,43,0,16,Male,Sales,31/12/2020,5
8601,29,21493,-,Male,Finance,24/2/2021,3
8602,-,34642,52,Male,Sales,21/11/2020,1
8603,58,52581,8,Male,Operations,7/7/2024,2
8604,58,29804,19,Female,Operations,8/12/2021,5
8605,27,44095,,Male,HR,20/8/2021,4
8606, ,32679,72,Female,Finance,24/10/2021,2
8607,*,32206,44,Female,Finance,4/6/2023,3
8608,63,45249,21,Male,*,9/5/2020,5
8609,54,0,2,Female,Finance,24/3/2023,1
8610,29,NA,9,NA,Operations,11/4/2023,4
8611,55,57565,30,Male,HR,20/2/2024,2
8612,51,45619,90,Male,IT,16/9/2022,2
8613,20,25621,51,Male,HR,22/7/2022,3
8614,34,38579,-,Male,HR,9/6/2022,2
8615,18,33181,51,Male,Sales,1/2/2022,5
8616,63,41233, ,Male,Sales,12/4/2021,3
8617,46,52194,86,Male,Operations,24/5/2021,4
8618,49,17778,14,Female,Finance,25/8/2024,2
8619,32,33032,86,Female,Finance,22/10/2021,5
8620,50,26831,26,Female,Marketing,5/7/2022,3
8621,64,27828,60,Female,Marketing,9/12/2020,5
8622,32,22948,16,Female,Finance,20/5/2023,5
8623,54,35786,8,Female,Finance,28/11/2023,5
8624,45,35861,34,Female,Sales,14/5/2023,5
8625,27,29628,4,Male,IT,19/7/2022,4
8626,57,62730,80,Male,HR,16/12/2023,3
8627,42,29556,93,Male,Sales,24/11/2021,3
8628,62,54249,77,Female,Sales,14/1/2020,
8629,24,21724,NA,Male,Finance,21/8/2021,5
8630,*,10343, ,Male,HR,24/2/2023,3
8631,20,51271,8,Male,HR,12/5/2021,1
8632,21,29622,4,Female,Finance,25/2/2021,2
8633,44,29100,90,Male,Marketing,10/5/2021,5
8634,48,37297,8,Female,IT,25/2/2023, 
8635,52,28311,81,Male,Finance,31/12/2023,1
8636,-,32807,53,Female,Operations,24/7/2022,1
8637,23,40947,58,Female,NA,19/2/2022,5
8638,20,43248,77,Female,Marketing,17/3/2024,3
8639,38,15864,64,Male,HR,16/10/2024,4
8640,60,33819,0,Female,HR,10/11/2021,5
8641,32,43611,8,NA,Operations,12/9/2021,2
8642,57,39518,53,Male,Finance,30/12/2023,3
8643,35,35459,73, ,Operations,22/8/2020,3
8644,39,22811,98,Male,Finance,1/8/2022,2
8645,25,41474,,Female,IT,13/4/2024, 
8646,57,33377,91,Female,HR,18/10/2022,5
8647,56,27245,0,Male, ,28/8/2022,5
8648,26,38422,51,Male,IT,7/2/2021,5
8649,23,36920,81,Male,IT,9/10/2023,1
8650,64,31599,64,NA,Finance,11/11/2024,5
8651,54,32442,13,Male,IT,3/1/2024,NA
8652,33,50131,19,Male,Operations,13/7/2024, 
8653,46,17117,59,Male,Finance,18/11/2023,5
8654,48,*,2,Male, ,6/9/2020,1
8655,63,36828,15,Female,Sales,12/1/2023,1
8656,56,50438,52,Male,Marketing,5/2/2021,3
8657,18,20993,36,Male,IT,5/2/2021,4
8658,*,17381,23,Male,IT,21/9/2020,2
8659,23,63618,-,Female,IT,5/4/2021,5
8660,32,8926,29,NA,Marketing,23/8/2022,3
8661,38,28292,99,Female,HR,22/10/2023,1
8662,23,NA,74,Male,IT,24/3/2022,3
8663,19,20365,0,Female,Marketing,5/1/2022,1
8664,40,36472,99,Female,Marketing,25/9/2024,1
8665,57,38131,97,Male,Marketing,26/3/2021,4
8666,62,55339,87,Female,Operations,26/8/2023,5
8667,47,21329,11,Female,Operations,5/2/2023,4
8668,43,37487,30,Male,Operations,28/6/2021,3
8669, ,46523,58,Male,Sales,26/5/2022,1
8670,41,27485,0,Male,HR,15/2/2021,4
8671,54,19820,31,Male,IT,9/6/2023,5
8672,41,34302,60,Female,IT,23/9/2022,3
8673,46,34407,-,Male,IT,29/7/2023,4
8674,36,40950,2,Male, ,8/7/2024,-
8675,18,15584,27,Female,IT,27/4/2023,2
8676,22,25681,10,Male,Operations,19/3/2020,NA
8677,62,34550, , ,HR,11/8/2023,2
8678,45,35421,68,Female,Finance,16/8/2022,2
8679,56,58562,15,NA,Marketing,16/5/2023,4
8680,37,-10781,71,Female,Operations,2/3/2021,1
8681,58,21350,36,Female,IT,17/7/2023,4
8682,30,30821,10,Male,HR,25/1/2022,1
8683,43,43105,61,Male,-,27/4/2022,2
8684,*,35651,48,Female,Marketing,18/3/2024,4
8685,64,14567,81,Male,Operations,17/8/2022,2
8686,35,29157,75,Female,Operations,12/3/2021,1
8687,38,57441,5,Male,Finance,20/3/2021,3
8688,,44835,*,Female,Operations,21/11/2023,4
8689,,34415,11,Female,Operations,8/9/2020,5
8690,44,19946,5,Male, ,7/9/2021,4
8691,43,*,48,Female,Sales,12/3/2024,4
8692,40,0,89,Female,Marketing,11/10/2020,2
8693,48,16185,74,Male,IT,24/5/2020,
8694,19,*,66,Female,Finance,15/12/2021,3
8695,62,-,13,Female,HR,9/9/2020,
8696,36,42168,93,*,Sales,21/10/2023,5
8697,48,,72,Male,Sales,31/10/2024,2
8698,64,15787,0,Female,IT,13/9/2021,2
8699,35,46763,54,Female,Sales,24/10/2023,-
8700,47,26149,65,Male,IT,3/4/2021,3
8701,33,18187,66,,Sales,22/3/2022,3
8702,57,41292,32,Female,Sales,27/6/2023,5
8703,31,29432,84,Female, ,11/6/2022,3
8704,37,16642,53,Female,NA,6/10/2021,4
8705,23,28376,,Male,Marketing,20/6/2022,1
8706,18,0,59,Male,Finance,2/6/2023,2
8707,NA,24350,80,Female,IT,31/7/2023,3
8708,23,23940,NA,Female,Operations,11/10/2024,2
8709,35,,57,Male,Finance,6/8/2020,2
8710,23,28611,65,Male,Finance,9/4/2024,3
8711,-,41054,42,Female,Sales,13/4/2022,2
8712,55,35785,89,Male,IT,20/4/2024,2
8713,51,14585, ,*,,4/10/2020,3
8714,19,16172,19,Male,Operations,14/3/2021,5
8715,47,38531,NA,Female,Operations,21/10/2021,1
8716,-,40570,99,Male,Finance,9/7/2020,5
8717,27,39216,29,Female,Marketing,27/4/2023,4
8718,21,32397,*,Female,NA,5/6/2023,5
8719,46,17436,66,Male,IT,25/5/2020,3
8720,26,39060,47,Male,Finance,4/1/2023,NA
8721,58,30145,85,Male,Finance,30/11/2021,5
8722,25,51031,72,Female,HR,23/2/2021,3
8723,22,39258,79,Male,Marketing,1/4/2022,1
8724,50,29463,71,Female,HR,14/12/2022,2
8725,38,20474,40,Female,Sales,5/12/2021,4
8726,22,31184,81,Female,Operations,9/1/2021,5
8727,64,14572,96,Male,Marketing,27/7/2023,-
8728,47,29991,55,Female,Sales,27/11/2021,5
8729,37,42225,50,Female,Marketing,27/10/2022,5
8730,34,44110,,Female,Marketing,23/10/2022,2
8731,22,5724,88,Male,Sales,12/8/2020,3
8732,60,37932,69,Female,Finance,4/9/2024,1
8733,26,16779,60,Male,Finance,29/4/2023,3
8734,NA,41330,72, ,HR,10/8/2024,3
8735,25,13140,10,-,Operations,7/9/2021,5
8736,20,-,11,Male,Operations,11/10/2020,5
8737,60,25096,98,Female,*,4/7/2020,5
8738,32,51937,14,Female,HR,21/1/2024,5
8739,35,33779,89,Male,HR,30/3/2020,5
8740,61,37663,40,NA,Marketing,14/1/2021,3
8741,NA,25264,57,Male,NA,12/11/2023,2
8742,25,,83,Male,Sales,17/7/2024,4
8743,35,32227,4,Female,-,4/11/2024,4
8744,40,10413,86,*,Marketing,6/7/2024,4
8745,38,28898,0,NA,Operations,3/10/2023,5
8746,49,28142,23,Female,IT,21/12/2023,3
8747,20,42208,96,Male,HR,12/4/2023,2
8748,39,31402,67,Male,Sales,20/5/2023,2
8749,38,32600,83,Female,Operations,23/5/2020,1
8750,57,33407,28,Male, ,25/1/2021,2
8751,*,48176,0,Male,Operations,7/1/2023,3
8752,54,21813,85,Female, ,26/4/2022,3
8753,43,34900,26,Female,Marketing,25/4/2020,NA
8754,52,37525,75,Female,-,26/5/2023,5
8755,25,17107,79,Female,IT,17/4/2022,3
8756,27,34212, ,Female,IT,16/12/2020,3
8757,,,94,Male,HR,11/2/2021,NA
8758,57,31858,91,Male,HR,17/1/2023,4
8759,31,28284,59,Male,HR,9/5/2024,3
8760,43,12798,31,Female,IT,7/4/2022,2
8761,38,31781,44,Male, ,8/10/2020,3
8762,27,36781,88, ,HR,6/6/2021,NA
8763,58,33578,76,Female,Sales,24/11/2020,5
8764,64,29972,16,Male,Sales,29/6/2021,3
8765,,45423,35,Female,IT,11/2/2023,3
8766,36,59657,12,Male,Marketing,15/7/2023,3
8767,40,39422,39,Female,Sales,24/12/2020,*
8768,43,0,94,,IT,4/4/2024,4
8769,39,20151,48,*,HR,24/8/2023,4
8770,26,39629,6,Female,Sales,27/6/2021,3
8771,NA, ,33,Female,IT,20/9/2022,4
8772,61,,97,Female,Finance,13/3/2020,3
8773,59,0,51,Male,Sales,27/5/2022,-
8774,49,27012,12,Female,IT,8/8/2020,2
8775,24,NA,0,Male,Finance,31/12/2022,2
8776,52,22997,70,Male,Sales,8/1/2023,-
8777,47,47291,16,Male,Finance,11/10/2020,3
8778,42,20736,99,,,19/8/2023,5
8779,27, ,95,Female,IT,15/1/2023,-
8780,31,36970,78,Male,Sales,6/3/2022,3
8781,64,30983,20,Female,Finance,3/10/2021,5
8782,50,50351,6,Female,IT,21/9/2023,-
8783,31,39416,46,Male,Sales,6/10/2024,2
8784,24,13405,64,Female,Operations,12/12/2022,4
8785,45,41559,87,Female,NA,7/4/2023,1
8786,52,55730,95,Female,Sales,26/11/2023,3
8787,26,50225,62,Female, ,15/3/2024, 
8788,29,37226,79,Female,Finance,28/2/2023,5
8789,18,40100,-,Male,Operations,22/6/2021,1
8790,38,14346,30,Male,Operations,7/1/2020,1
8791,49,40840,8,Female,Operations,27/5/2023,1
8792,NA,18444,6,Male,Finance,26/10/2021,2
8793,42,196542,65,,IT,21/7/2024,5
8794,,52847,96,NA,Marketing,24/11/2022,5
8795,29,27108,38,Female,*,9/1/2024,5
8796,NA,24194,8,Male,Sales,25/11/2022,5
8797,46,30300,3,Male,Sales,3/4/2022,4
8798,33,43836,43,Female,Finance,18/11/2024,4
8799,64,27710,1,Female,Finance,29/1/2023,1
8800,33,34417,71,Female,Marketing,22/1/2021,2
8801,31,20637,47,Female,Finance,25/3/2021,3
8802,61,37967,39,Male,IT,28/4/2023,2
8803,40,31839,64,Female,HR,26/11/2021,1
8804,42,,63,Male,Sales,31/7/2020,4
8805,*,5296,,Male,Marketing,25/11/2023,1
8806,58,25879,17,Female,Marketing,8/1/2023,3
8807,42,49614,55,Male,IT,31/8/2022,3
8808,39,55036,,Female,Marketing,8/10/2023,5
8809,26,20092,19,Male,Finance,13/10/2020,
8810,26,20884,68,Male,Operations,8/3/2020,4
8811,54,24729,89,Female,Marketing,20/9/2022,1
8812,21,48588, ,Male,Operations,12/10/2022,5
8813,64,16231,48,Male,Marketing,15/3/2021,5
8814,42,46763,23,Female,Sales,19/9/2022,4
8815,46,20816, ,Female,Sales,3/9/2023,5
8816,-,30752,11,Male,Finance,12/9/2021,2
8817,39,43470,49,Male,HR,25/2/2022,1
8818,52,26024,0,Female,Operations,15/2/2021,4
8819,29,39045,24,Female,IT,8/2/2021,3
8820,30,43451,4,-,Sales,18/10/2022,3
8821,42,24651,21,Male,Sales,3/10/2024,5
8822,25,15099,35,Female,IT,12/5/2021,1
8823,35,33211,84,Male,Marketing,17/8/2024,*
8824,27,17413,69,-,IT,27/10/2022,2
8825,40,15516,0,Male,Marketing,15/4/2022,4
8826,33,41935,7,Female,IT,30/7/2021,2
8827,19,39117,79,Male,HR,19/7/2022,4
8828,57,,80,Male,Finance,14/8/2022,5
8829,27,25850,,Female,HR,13/8/2023,
8830,39,28343,42,Male,Sales,13/5/2024,2
8831,28,37462,-,Male,Sales,24/9/2020,4
8832,63,15450,25,Male,IT,10/9/2021,5
8833,54,28208,83,Male,Marketing,20/2/2023,4
8834,36,27747,86,Male,IT,15/3/2021,3
8835,21,49573,72,Male,HR,2/12/2022,-
8836,42,28871,24,-,Operations,28/10/2020,3
8837,38,35006,NA,Male,IT,9/1/2020,4
8838, ,37135,76,Female,Marketing,27/9/2022,4
8839,30,34657,15,Female,Marketing,28/3/2020, 
8840,28,33765,4, ,Operations,7/6/2022,4
8841,39,47075,-,Male,IT,28/6/2021,5
8842,43,19735,31,Male,HR,19/4/2022,1
8843,49,45641,18,Female,Marketing,23/7/2021,3
8844,35,52946,99,*,Operations,6/6/2023,5
8845,46,27149,79,Female,HR,18/6/2020,3
8846,34,38917,84,Female,Finance,10/1/2021,3
8847,28, ,0, ,Operations,19/3/2022,2
8848,62,-771,0,Male,IT,11/6/2023,2
8849,63,50847,-,Male,,22/6/2022,3
8850,53,33680,55,Male,Finance,12/7/2024,3
8851, ,26611,54,Female,Marketing,8/10/2020,3
8852,48,27846,85,Male,Marketing,25/5/2020,4
8853,35,25962,24,Female,HR,8/9/2024,5
8854,31,36559,53,Male,HR,6/3/2023,3
8855,47,48488,,-,Sales,22/6/2024,2
8856,29,18122,51,Male,Marketing,18/1/2020,5
8857,29,50313,17,Male,Marketing,19/5/2023,4
8858,61,19961,54,Female,Sales,10/7/2022,4
8859,31,27710,69,NA,Sales,19/7/2023,3
8860,46,38296,-,Male,*,5/5/2024,5
8861,22,60062,2,Female,Operations,21/10/2021,3
8862,19, ,49,Male,HR,16/9/2020,4
8863,25,32740,99,Female,Marketing,11/9/2024,3
8864,35,NA,94,Male,IT,14/5/2020,*
8865,63,48598,29,Female,IT,25/8/2022,3
8866,38,10367,84,Female,Operations,6/3/2024,1
8867,30,48266,5,Female,Sales,17/2/2022,
8868,NA, ,76,Female,Finance,22/3/2023,4
8869,19,0,91,Female,Finance,22/9/2020,1
8870,18,51575,3,Female,HR,31/3/2022,4
8871,57,*,0,Female,Finance,8/5/2024,NA
8872,46,15013,0,Female,Operations,18/3/2020,4
8873,30,29202,,Female,IT,3/10/2024,4
8874,50,26753,34,Female,HR,3/3/2022,1
8875,21,51710,67,Female,Sales,11/6/2020,
8876,45,44377,-,Female,IT,17/9/2024,3
8877,40,32487,68,Female,,4/10/2022,3
8878,64,23639,67,Male,IT,21/9/2023,5
8879,50,44953,92,Female,Finance,7/3/2023, 
8880,20,32254,80,*,*,10/3/2022,5
8881,,36547,6,Male,Operations,17/1/2024,5
8882,38,32220,57,Female,HR,28/4/2023, 
8883,43, ,15,Female,Marketing,21/6/2020,1
8884,29,51592,50,Female,HR,17/8/2022,2
8885,19,0,0,Male,HR,6/12/2020,3
8886,51,60100,60,Female,Marketing,8/10/2023,2
8887,63,45099,71,Male,Operations,22/6/2021,2
8888,20,,41, ,IT,21/10/2024, 
8889,48,40013,94,Male,Finance,29/8/2022,*
8890,30,33475,20,Female,Sales,11/3/2023,1
8891,18,31757,NA,Male,Marketing,29/1/2023,2
8892,61,36345,42,Female,HR,12/9/2021,4
8893,-, ,98,Male,Operations,27/3/2023,3
8894,51,46187,81,Male,Marketing,30/6/2023,4
8895,45,64954,10,Male,Marketing,23/5/2022,3
8896,53,47320,66,Female,Finance,24/4/2020,1
8897,45,47628,21,Male,Marketing,8/5/2024,1
8898,32,40572,90,Male,Operations,18/3/2022,2
8899,33,21476,96,Male,IT,7/10/2024,5
8900,26,32967,76,Male, ,21/1/2021,3
8901,46,38477,46,Female,Finance,27/4/2022,1
8902,25, ,34,Male,Finance,15/4/2022,5
8903,28,19493,3,,Marketing,7/3/2024,4
8904,30,29046,9,Female,HR,13/1/2024,2
8905,40,48038,82,Male,Sales,4/3/2024,5
8906,35,51904,14,Male,Finance,5/1/2022,2
8907,40,39763,78,Female,Marketing,15/3/2024,-
8908,60,43221,32,NA,Marketing,30/12/2023,4
8909,61,40435,0,Male,Sales,17/12/2021,2
8910,52,*,45,Female,IT,14/10/2021,5
8911,63,41331,46,Female,IT,14/9/2020,1
8912,48,NA,40,Male,Sales,13/3/2020,5
8913,23,23911,94,Male,IT,12/8/2024,3
8914,49,34558,85,Female,HR,8/6/2023,3
8915,26,10250,10,Female,Operations,6/4/2021,2
8916,21,NA,55,Female,Finance,2/10/2023,4
8917,58,17732,28,Female,Marketing,3/10/2022,1
8918,25,19012,12,Female,IT,20/6/2023,2
8919,46,33398,45,Male,Sales,20/6/2023,3
8920, ,8455,71,Male,Marketing,1/10/2024,5
8921,60,53659,31,Male,Finance,26/11/2022,2
8922,53,27877,20,Male,Marketing,15/6/2023,1
8923,52,31002,87,-,Operations,15/6/2022,1
8924,36,29825,0,Male,Marketing,22/9/2023,4
8925,59,18491,76,Male,-,10/8/2024,4
8926,55,36677,75,Female,NA,1/3/2023,*
8927,40,6574,91, ,Finance,9/1/2023,3
8928,56,53854,69,Female,Operations,14/8/2022,4
8929,33,42265,38,,-,12/8/2023,2
8930,38,38473,56,Male,Marketing,15/9/2020,3
8931,52,23606,19,Female,IT,7/7/2022,2
8932,56,27444,75,Male,Sales,15/12/2023,4
8933,56,37058,95,Male,HR,9/10/2022,5
8934,19,30829,29,Female,Operations,2/10/2024,5
8935,47,33544,88,Female,HR,2/2/2021,5
8936,62,22881,84,Male,Marketing,25/10/2023,4
8937,58,27016,27,Male,Operations,22/8/2020,1
8938,30,29531,26,Male,Sales,26/12/2022,3
8939,39,32958, ,Female,Finance,7/7/2020,4
8940,29,47109,27,Male,Sales,2/7/2023,4
8941,39,23941,3,Female,Sales,6/3/2023,2
8942,22,30435,0,Male,Operations,3/9/2021,5
8943,52,13806,16,-,IT,23/7/2020,3
8944,-,45781,38,Male,HR,9/5/2021,
8945,-,25417,42,Male,Sales,10/10/2021,2
8946,18,32737,19,Female,Marketing,24/1/2021,5
8947,50,31949,28,Male,Operations,31/7/2021,4
8948,50,25182,95,Male,Marketing,5/12/2023,4
8949,26,34964,36,Female,Finance,6/12/2021,2
8950, ,24847,89,Female,Finance,6/1/2024,5
8951,58,36195,0,Female,Marketing,1/11/2020,2
8952,50,41493,17,Male,Operations,18/4/2020,4
8953,56,36515,74,Male,IT,7/11/2020,1
8954,43,,97,Male,Sales,27/3/2020,4
8955,52,,56,Male,Operations,24/8/2023,2
8956,*,0,71,-,Operations,14/8/2024,2
8957,30,32665,35,Female,HR,6/10/2022,1
8958,20,-,95,Male,HR,13/6/2021,1
8959,28,68109,84,Female,,9/1/2024,2
8960,22,34513,20,Male,Operations,30/4/2023,3
8961,35,*,2,Male,,26/4/2020,3
8962,30,32403,-,Female,Sales,26/2/2020,4
8963,51,54362,37,Female,Finance,29/9/2021,5
8964,40,38018,38,Female,Operations,10/3/2023,2
8965,51,61666,50,Male,IT,19/10/2022,3
8966,NA,NA,97,Female, ,12/3/2022,2
8967,34,-,59,Female,IT,19/9/2022,2
8968,26,28127,91,Female,IT,18/5/2024,2
8969,19,21757,87,Female,Finance,21/8/2022,1
8970,58,13423,90,Male,Marketing,4/3/2021,2
8971,28,11353,77,Female,IT,10/4/2020,4
8972,30,47245,,Male,Sales,9/8/2023,4
8973,37,21945,34,Male,Sales,22/3/2020,1
8974,-,,72,Female,Marketing,9/6/2024,1
8975,23,26525,7,,Operations,21/4/2020,1
8976,22,*,7,Male,Finance,21/4/2024,3
8977,61,43499,0,Female,IT,25/5/2020,2
8978,50,24880,86,Male,Marketing,30/10/2023,2
8979,33,24486,-,Female,Sales,20/2/2022,2
8980, ,41332,95,Female,Operations,29/7/2022,4
8981,47,52271,98,Female,Marketing,22/6/2020,5
8982,53,45618,66,Male,Finance,12/7/2020,3
8983,32,23408,60,Male,HR,19/1/2022,2
8984,-,21997, ,Male,HR,25/6/2022,4
8985,46,52741,80,Female,Finance,21/8/2021,2
8986,62,45395,29,Female,Finance,4/4/2024,2
8987,33, ,42,Female,Operations,6/10/2020,1
8988,57,34754,63,Female,NA,12/10/2023,-
8989,29,38135,65,Female,Marketing,22/12/2020,2
8990,27,30692,5,Male,-,5/1/2022,5
8991,*,15279,58,Male,Finance,6/10/2020,4
8992,41,,39,Male,-,4/5/2023,3
8993,51,17591,36,,Marketing,12/9/2024,2
8994,58,31575,69,Female,Operations,29/6/2023,2
8995,19,,57,Female,HR,25/1/2020,1
8996,33,31029,33,Male,Operations,5/7/2022,1
8997,58,,0,Male,Finance,16/12/2022,2
8998,31,16370,94,Male,IT,26/5/2023,4
8999,53,31120,58,Male,IT,26/12/2020,3
9000,42,39241,64,Female,*,14/3/2022,4
9001,53,31993,18,-,Marketing,3/11/2021,2
9002,22,21083,NA,Male,Sales,1/7/2020,2
9003,57,35638,5,Male,Sales,24/11/2023,3
9004,NA,25856,60,Male,Sales,18/4/2023,3
9005,29,-,66,Female,Marketing,9/11/2021,*
9006,42,42830,37,Male,Operations,8/7/2023,4
9007,61,24770,76,Male,IT,19/10/2023,3
9008,32,46039,68,Female,Finance,3/9/2023,5
9009,53,17164,4,Male,Marketing,13/3/2024,3
9010,27,23573,55,Male,HR,26/6/2023,1
9011,64,40747,,Female,IT,22/4/2021,1
9012,39,22525,59,Male,HR,9/8/2020,2
9013,,41252,30,Male,Operations,6/10/2024,1
9014,31,23244,49,Male,Sales,22/10/2023,5
9015,46,*,76,,Marketing,22/5/2022,4
9016,57,NA,*,Male,-,30/1/2024,1
9017,26,-,75,Female,IT,28/4/2020,3
9018,25,40810,84,Male,Finance,16/6/2023,1
9019,64,24943,10,Female,Operations,29/12/2020,3
9020,36,26058,56,Female,HR,15/6/2021,3
9021,36,35801,12,Male,Marketing,12/1/2023,3
9022,45,10085,,Female,Marketing,5/12/2022,*
9023,18,0,54,-,HR,13/6/2022,4
9024,44,18482,30,Female,Sales,22/7/2021,1
9025,18,46152,77,Female,Sales,3/8/2021,*
9026,38,26187,30,Male,Operations,5/9/2023,2
9027,NA,20188,34,Female,HR,27/10/2022, 
9028,23,21354,,Male,Operations,22/9/2023,4
9029,42,36148,0,Male,HR,4/6/2023,4
9030,60,7716,56,Male,Marketing,7/9/2021,1
9031,41,8411,2,Male,Operations,5/10/2022,1
9032,25,55718,0,-,IT,10/1/2022,3
9033,26,32047,56,Male,Sales,8/10/2020,2
9034,64,31312,12,Male,Operations,12/3/2023,2
9035,57,36999,0,Female, ,10/7/2021,4
9036,46,35020,39,Female,IT,2/10/2024,1
9037,54, ,3,Male,Marketing,3/4/2021,1
9038,*,38574,88,Male,Sales,9/12/2020,*
9039,63,37729,14,Male,HR,10/5/2024,1
9040,*,17387,21,Female,IT,12/12/2020,5
9041,44,41236,NA,Male,HR,4/5/2024,5
9042,-,13136,*,Female,Marketing,17/5/2023,4
9043,28,24150,95,Female,HR,10/11/2024,3
9044,54,24847, ,Female,Finance,15/3/2024,1
9045,34,24138,20,Male,Sales,9/12/2023,2
9046,21,55696,1,Male,IT,20/9/2024,5
9047,64,52475,32,Female,Operations,9/3/2021,4
9048,43,*,22,Male,Sales,4/4/2022,1
9049,27,46046,50,Female,Marketing,16/11/2021,5
9050,37,39498,7,Female,Sales,12/6/2024,2
9051,61,20347,69,Male,Marketing,30/11/2024,4
9052,61,36886,43,Female,Operations,4/6/2021,4
9053,36,37234,60,Female,Marketing,29/10/2021,5
9054,64,40332,72,Male,Marketing,27/12/2020,4
9055,42,32546,64,Male,NA,3/2/2023,2
9056,57,51640,1,Female,HR,12/11/2022,5
9057,63,46173,-,Male,Sales,5/5/2022,2
9058,56,31087,83,Female,Sales,12/7/2022,1
9059,-,41940,94,Female,Sales,29/3/2022,2
9060,59,*,25,Male,HR,24/2/2020,3
9061,28,35037,68,Male,Operations,30/10/2023,
9062,29,56907,81,Female,IT,9/6/2024,NA
9063,55,*,77,Male,Sales,23/7/2020,1
9064,*,38472,16,Male,HR,21/9/2023,1
9065,60,-,63,Female,Finance,19/2/2020,2
9066,-,40722,5,Female,IT,8/5/2022,1
9067, ,31238,68,Female,Finance,11/11/2023,-
9068,57,53075,96,Female,Marketing,2/11/2020,2
9069,50,12107,94,,HR,7/6/2022,5
9070,31,18149,11,Female,IT,22/8/2023,*
9071,22,NA,53,Female,Marketing,30/6/2022,2
9072,-,34781,68,Female,Finance,29/8/2021,3
9073,19,37041,17,Female,Finance,21/8/2024, 
9074,61,0,39,Male,Sales,2/4/2022, 
9075,40,18424,36,Male,,17/9/2021,5
9076,20,34003,81,Male,IT,23/5/2022,3
9077,45,-,67,Male,HR,16/11/2022,4
9078,42,57085,54,Male, ,3/3/2020,5
9079,62,26835,19,Female,Sales,27/4/2022,3
9080,62,41294,-,Female,HR,6/11/2021, 
9081,41,47701,42,Male,Sales,15/3/2022,3
9082,27,18168,29,Male,Sales,9/3/2024,2
9083,NA,46274,20,Female,Operations,17/6/2024,1
9084,*,29344,-,Female,Operations,5/3/2023,4
9085,59,27497,38,,Marketing,17/9/2023,3
9086,53,37897,93, ,Operations,16/1/2021,4
9087,29,29694,68,Male,Operations,12/1/2024,2
9088,19,37532,0,Female,Sales,2/3/2020,4
9089,37,38396,12,Female,Finance,18/11/2021,3
9090,53,48369,*,Female,IT,11/1/2022,-
9091,40,46676,2,Female,Finance,8/6/2022,4
9092,22,24370,0,Male,-,9/8/2021,1
9093,33,31645,55,Female,Marketing,26/5/2024,1
9094,42,28017,*,Female,IT,13/6/2022,4
9095,43,,68,Female,HR,26/2/2024,5
9096,42,56890,86,Female,HR,16/4/2021,3
9097,19,25862,61,Female,IT,19/12/2023,4
9098,43,13111,41,Male,HR,11/9/2024,4
9099,43,31718,96,Female,IT,2/9/2022,2
9100,36,29020,79,Male,Operations,8/8/2023,5
9101,36,30986,87,Female,Sales,6/7/2022,3
9102,21,0,21,Male,HR,3/3/2023,2
9103,57,49901,38,Female,Sales,21/4/2022,3
9104,43,41022,75,Male, ,5/12/2022,4
9105,57,27221,87,Male,Operations,13/8/2024,4
9106,52,38645,98,Female,IT,18/7/2022, 
9107,53, ,23,Female,Finance,26/1/2024,2
9108,62,29718,NA,Male,HR,31/12/2020,2
9109,34,19003,50,Male,Sales,7/12/2021,1
9110,46,48233,88,-,Finance,5/5/2022,1
9111,42,45796,0, ,Sales,13/1/2023,4
9112,*,35638,87,Female,Sales,1/12/2021,3
9113,37,12006,97,Male,Finance,20/2/2022,4
9114,29,26964,63,Female,Sales,14/12/2022,3
9115,28, ,62,Male,Marketing,21/1/2024,4
9116,64,43918,44,Male,Finance,25/7/2022,3
9117,39,41618,44,Male,IT,5/1/2023,5
9118,29,221035,27,Female,HR,3/4/2020,2
9119,36,51230,38,Male,HR,2/3/2021,3
9120,45,53509,97,Female,Marketing,24/6/2024,5
9121,NA,54976,2,Female,Operations,19/5/2022,5
9122,31,44602, ,Female, ,6/9/2021,1
9123,63,33254,5,Male,HR,7/12/2022,1
9124,53,39960,11,Male,IT,28/1/2021,3
9125,60,-,30,Male,Operations,20/10/2020,1
9126,28,29029,73,Female,HR,13/5/2021,4
9127,46,13294,100,Male,Marketing,13/2/2024,1
9128,43,1453,26,Female,Operations,25/7/2020,2
9129,NA,NA,6,Male,Operations,18/10/2022,1
9130,47,25069,55,Male,IT,4/9/2020,2
9131,50,25059, ,Male,Sales,10/5/2022,4
9132,36,46171,31,Female,Finance,2/10/2021,*
9133,32,61756,98,Male,Finance,11/8/2020,4
9134,27,25044,5, ,NA,19/7/2021,5
9135,62,25898,32,Female,HR,2/2/2022,
9136,48,27906,68,Female,Finance,16/10/2021,*
9137,48,52926,20,Male,Operations,10/10/2020,1
9138,40,0,73,Male,HR,31/12/2021,5
9139,49,30235,84,Male,Finance,18/2/2024,2
9140,48,45516,44,Female,Operations,9/7/2020,4
9141,46,34863,39,Male,Marketing,15/10/2020,2
9142,62,16886,27,Female, ,2/2/2024,4
9143,47,33388,75,Female,HR,10/1/2022,1
9144,57,58344, ,Male,HR,19/9/2022,5
9145,44,42547,36,Male,Finance,31/8/2021,3
9146,51,36648,34,Male,IT,20/6/2023,3
9147,18,29621,24,Female,HR,9/11/2020,5
9148,38,47330,72,Female,IT,23/6/2023,1
9149,25,12052,51,NA,Finance,5/4/2023,2
9150,39,30117,6,Female,IT,22/9/2024,4
9151,36,34235,81,Male,Marketing,8/4/2021,5
9152,55,44639,32,Male, ,28/10/2020,3
9153,45,17532,82,Male,IT,3/12/2020,NA
9154,22,,42,Male,IT,1/8/2023,3
9155,60,49659,26,-,Finance,6/12/2022,1
9156,47,32147,59,Male,-,20/1/2024,-
9157,50,31593,*,Male,Operations,12/4/2024,4
9158,61,48756,63,Female,HR,27/5/2024,1
9159,40,41117,24,Male,Marketing,4/1/2021,5
9160,42,30608,67,Female,Operations,10/11/2021,1
9161,41,-,3,Male,IT,26/10/2023,4
9162,61,34264,41,Female,Operations,1/8/2020,2
9163,57,41429,63,Male,Finance,14/6/2024,2
9164,-,35351,35,Male,Finance,18/11/2020,1
9165,19,36996,49,Male,HR,14/5/2021,2
9166,56,41651,0,NA,*,18/4/2020,-
9167,58,51913,9,Male,Operations,8/7/2020,2
9168,59,54407,85,-,Marketing,23/6/2023,1
9169,42,42171,31,Male,Sales,20/9/2022,3
9170,50,38881,*,Male,Marketing,27/8/2023,3
9171,30,37184,40,Female,Sales,19/6/2022,3
9172,58,44094,64,, ,11/5/2021,2
9173,43,47265,47,Male,Finance,5/11/2023,5
9174,-,32131,*,Female,IT,30/5/2020,*
9175,22,28035,26,Male,Sales,24/1/2023,4
9176,29,37694,56,Male,HR,3/1/2021,1
9177,53,NA,46,Female,IT,15/4/2023,2
9178,63,32994,74,Female,Marketing,19/9/2024,1
9179,46,40673,93,Male,HR,11/1/2020,-
9180,28,30501,65,Female,IT,11/3/2023,3
9181,62,41663,4,Male,Marketing,8/12/2021,4
9182,52,49839,19,Male,Finance,31/7/2022,3
9183,-,43604,NA,Female,Finance,18/7/2021,3
9184,51,30239,53,Male,Sales,25/3/2024, 
9185,30,57030,47,Male,HR,15/1/2024,4
9186,50,50321,5,Female,HR,27/11/2024,*
9187,19,40421,36,,Marketing,21/6/2021,2
9188,29,28855,50,Male,NA,12/4/2023,5
9189,59,40271,81,Male,*,7/2/2022,3
9190,27,40002,19,Male,Marketing,1/8/2020,3
9191,32,33217,34,Female,IT,30/10/2022,5
9192,58,48967,53,Female,Marketing,2/10/2024,2
9193,56,33794,95,Male,IT,16/8/2020,2
9194,33,59691,22,Female,Operations,24/7/2021,5
9195,43,-126,95,Female,Marketing,21/6/2021,4
9196,30,38160,,*,NA,1/3/2022, 
9197,24,35278,43,Male,Operations,11/3/2020,1
9198,54,0,NA,Male,HR,18/4/2024,4
9199,44,47793,38,Female,Sales,5/5/2023,4
9200,46,40980,20,Male,Operations,27/7/2023,5
9201,57,37294,85,Female,Finance,27/7/2023,-
9202,43,47476,0,Male,Finance,21/7/2023,5
9203,32,*,24,Female,HR,26/1/2023,1
9204,55,9233,27,-,Marketing,28/1/2022,5
9205,39,35483,57,Female,HR,30/8/2023,4
9206,30,38306,7,,-,25/2/2020,
9207,-,35844,89,Female,Sales,19/12/2021,1
9208,60,35300,-,Male,HR,16/3/2022,5
9209,32,27308,37,Female,IT,21/7/2020,2
9210,49,34061,90,Male,HR,12/4/2021,3
9211,19,24515,30,NA,Sales,15/6/2023,2
9212,64,23275,94,Male,IT,15/4/2021,2
9213, ,35864,60,Male,Operations,22/10/2021,3
9214,50,24871,11,Male,Sales,22/5/2022,1
9215,40,37575,32,Male, ,5/3/2020,3
9216,NA,26777,98,Female,-,24/6/2021,2
9217,50,-,29,Female, ,24/12/2022,1
9218,41,*,67,Male,Operations,26/4/2022,5
9219,37,56520,85,Male,HR,22/10/2020,1
9220,46,33321,57,Female,Sales,6/2/2020,NA
9221,63,41444,46,Female,Finance,11/7/2023,2
9222,40,40241,100,Male,Operations,3/10/2022,5
9223,23,0,55,Male,Marketing,22/5/2021,2
9224,40,44240,46,Female,Marketing,28/1/2021,4
9225,38,23595,4,Male,HR,7/11/2022,3
9226,,45213,39,Male,Sales,24/4/2020,4
9227,27,60153,83,Male,Marketing,3/6/2022,4
9228, ,23820,95,Female,Finance,2/2/2022,2
9229,41,40617,17,Female,Operations,5/6/2024,3
9230,18,0,86,-,Marketing,24/12/2023,5
9231,*,,41,Male,HR,6/8/2020,4
9232,45,38288,35,Male,Marketing,14/10/2024,1
9233,62,8559,92,Female,Marketing,4/6/2022,2
9234,63,56508,-,Female,Operations,18/1/2020,2
9235,31,30057,NA,NA,HR,10/10/2024,5
9236,63,9680,35,Female,Operations,27/2/2022,3
9237,57,43316,40,Male,HR,22/9/2023,3
9238,50,173573,42,Female,Sales,22/5/2024,3
9239,62,31533,26,Female,Operations,12/10/2020,5
9240,36,42780,36,Male, ,17/10/2024,2
9241,32,0,88,Male,Sales,16/5/2024,2
9242,56,31857,56,Female,IT,21/12/2022,2
9243,39,34697,53,Male,Sales,25/9/2021,2
9244,61,29395,4,Female,,12/5/2020,4
9245,40,35207,16,Female,HR,1/8/2022,1
9246,38,29900,97,Male,Finance,1/3/2021,1
9247,50,23618,67,Female,Sales,6/12/2022,5
9248,63,25892,54,Male,IT,13/11/2023,2
9249,29,42487,98,Female,HR,16/11/2022,4
9250,47,23701,51,Male,HR,29/2/2020,5
9251,36,36149,68,Male,Marketing,5/1/2024,2
9252,42,65534,10,Male,Sales,7/4/2020,5
9253,40,167445,93,Male,Operations,25/5/2023, 
9254,34,18075,2,Female,Sales,8/3/2021,5
9255,30,16020,10,Female,Operations,9/1/2022,1
9256,37,25376,99,Male,IT,20/3/2021,*
9257,56,37697,47,Male,Sales,19/1/2023,5
9258,63,21804,27,Male,Marketing,2/6/2021,5
9259,32,20970,21,Male,Finance,5/10/2024,3
9260,61,26213,98,Female, ,23/1/2021,4
9261,27,23622,67,Female,Sales,15/9/2022,1
9262,26,0,5,Female, ,26/4/2022,5
9263,-,29116,33,Female,Finance,15/2/2020,5
9264,-,43594,95,Male,NA,28/11/2021,1
9265,54,21692,10,Female,Finance,9/8/2021,2
9266,35,46339,1,Male,HR,27/12/2022,4
9267,,32868,90,Female,Marketing,18/2/2023,4
9268,33,33004,0,Female,-,3/2/2024,4
9269,61,38642,33,Female,IT,26/2/2022,1
9270,*,41486,25,Female,IT,25/10/2023,2
9271,23,30804,70,Female,HR,9/11/2023,1
9272,44,44860,98,Male,IT,2/7/2021,4
9273,22,,5,Male,Sales,15/8/2021,5
9274,-,-,NA,Male,Marketing,3/8/2024,3
9275,-, ,90,Female,Operations,16/6/2020,5
9276,20,45650,-,Male,Sales,10/4/2024,5
9277,*,32821,22,Female,Finance,19/8/2023,1
9278,54,34942,92,Male,Operations,21/10/2021,4
9279,44,33697,49,,Finance,13/2/2020,2
9280,45,37221,70,Male,Sales,21/3/2022,5
9281,45,34591,0,Male,Sales,4/4/2023,4
9282,,42264,26,Male,HR,23/8/2024,3
9283,54,47668,17,Female,Sales,3/1/2021,2
9284,,30925,86,Male,Sales,29/6/2024,5
9285,20,NA,41,Female,Finance,1/11/2024,5
9286,23,52190,69,Female,Finance,19/10/2024,1
9287,57,43492,,Male,Marketing,25/2/2024,1
9288,33,54080,61,Female,Sales,7/8/2024,2
9289,46,43219,87,Male,Finance,27/8/2022,1
9290,60,14977,7,Male,*,9/1/2021,4
9291,44,21795,65,Female,Finance,26/3/2021,3
9292,,44403,23,Female,Marketing,15/6/2023,1
9293,61,35140,82,Female,Marketing,10/1/2020,3
9294,*,53803,75,Male,Operations,7/6/2024,3
9295,32,36370,81,Female,*,16/11/2020,2
9296,33,53508,8,Female,Operations,31/7/2021,4
9297,58,54255,19,Female,Marketing,14/11/2022,3
9298,24,34132,37, ,Finance,13/10/2022,4
9299,35,35095,76,Female,Marketing,29/6/2024,3
9300,53,28763,11,Male,Marketing,22/11/2020,2
9301,22,21495,0,Female,Sales,1/2/2024,4
9302,49,42785,51,Male,Operations,17/3/2023,5
9303,60,38101,89,Male,IT,9/12/2022,5
9304,58,43214,5,Female,Operations,8/7/2024,5
9305,36,36824,79,Male,-,3/7/2020,3
9306,29,32425,NA,Female,*,23/6/2023,3
9307,23,,64,Male,HR,17/5/2020,-
9308,57,47438,96,Female,Finance,18/7/2022,2
9309,22,49876,81,Male,Finance,29/1/2024,1
9310,61,37607,84,Female,Operations,24/1/2023,5
9311,54,50630,77,Male,NA,15/11/2023,5
9312,49,52442,93,Male,IT,29/12/2021,4
9313,19,17049,70,Female,IT,12/7/2021,2
9314,32,38861,54,Female,Sales,3/2/2024,4
9315,20,37776,22,Female,HR,5/3/2022,3
9316,40,33264,80,Female,Sales,5/9/2021,3
9317,29,32709,8,Male,HR,29/4/2023,5
9318,33,37305,47,Female,Marketing,17/7/2022,3
9319,64,47133,11,Male,HR,28/3/2020,2
9320,54,0,*,Male,Marketing,31/12/2023, 
9321,20,0,59,Female,Sales,2/8/2020,1
9322,33,43963,44,Female,IT,2/5/2022,4
9323,21,33682,10,Female,HR,13/2/2023,2
9324,18,26879,34,Female,Operations,1/1/2021,1
9325,40,37986,100,Male,IT,12/3/2022,4
9326,31,31823,36,,HR,28/10/2022,4
9327,20,51994,93,Male,Sales,10/8/2023,3
9328,61,26353,92,Female,Marketing,13/4/2024,3
9329,55,12345,61,Female,HR,26/8/2021,4
9330,60,34173,35,Male,HR,15/2/2022,5
9331,57,,23,Female,Marketing,31/10/2022,*
9332,30,30034,25, ,Operations,8/9/2023,2
9333,53,63871,0,Male,*,9/11/2024,5
9334,25,24536,0,Female,Operations,9/12/2023,3
9335,51,18776,19,Female,Operations,25/8/2024,2
9336,34,36248,81,Female, ,14/9/2020,1
9337,48,29267,,NA,NA,16/11/2022,2
9338,22,44326,21,Female,IT,9/7/2022,5
9339,62,50942,*,Male,Sales,1/8/2023,5
9340,62,21912,12,Female,IT,24/4/2021,
9341,-,16771,NA,Male,Operations,18/10/2023,2
9342,63,13977,85,Male,Operations,18/11/2021,1
9343,-,45510,75,Female,Marketing,6/4/2023,5
9344,24,47355,5,Male,Sales,11/4/2021,5
9345,25,0,15,Female,IT,20/5/2023,2
9346,34,26097,39,Male,Finance,15/2/2023,1
9347,38,4882,21,Female,IT,19/2/2022,4
9348,58,24998,69,Male,IT,30/7/2024,3
9349,50,44196,65,Male,Sales,18/6/2020,5
9350,35,54226,2,Male,HR,4/9/2022, 
9351,,33816,,Female,Marketing,23/2/2021,4
9352,34,46046,35,Female,HR,18/2/2023,5
9353,61,63475,79,Male,Marketing,22/8/2024,1
9354, ,43473,79,Female,Sales,30/11/2023,1
9355,61,*,46,Female, ,14/8/2024,2
9356,24,30680,4,Female,Sales,15/10/2024,2
9357,44,34565,20,Male,Sales,5/6/2020,-
9358,62,-,42,Female,IT,18/3/2022,2
9359,29,19195,17,Female,Operations,22/6/2021,5
9360,,54095,65,Male,Marketing,28/3/2020,4
9361,18,32205,2,Female,Operations,16/1/2020,5
9362,61,0,84,Male,Sales,7/4/2024,5
9363,46,19282,10,Female,NA,7/12/2023,1
9364,57,42539,12,,Sales,16/5/2022,
9365,28,21233,81,Female,Finance,7/7/2021,5
9366,43,50381,1,Male,Finance,4/6/2023,3
9367,27, ,98,Male,Finance,27/6/2023,5
9368,24,46713,88,Male,Finance,18/12/2021,5
9369,38,34593,18,Male,Marketing,24/9/2022,2
9370,27,25583,12,Male,Finance,3/11/2022,1
9371,21,32157,83,Male,-,20/3/2023,1
9372,38,40293,NA,Female,Marketing,1/11/2022,2
9373,53,21484,56,Female,Operations,15/11/2020,2
9374,62,25212,42,NA,IT,3/4/2021,2
9375,61,37814,85,Female,IT,7/4/2024,5
9376,43,25815,28,Female,Marketing,12/6/2021,4
9377,33,26042,31,Male,Marketing,3/1/2023,2
9378,35,29982,14,Female,Finance,3/11/2022,4
9379,42,33505,2,Male,Operations,12/11/2024, 
9380,41,23996,27,Male,Operations,21/3/2020,2
9381,45,30881,0,Female,HR,20/11/2020,4
9382,61,21520,83,Male,IT,16/11/2021,5
9383,-,54766,6,Female,IT,28/8/2023,2
9384,44,32197,53,Female,Finance,13/6/2020,1
9385,,28213,25,Male,IT,11/4/2021,1
9386,32,44507,-,Male,Sales,12/3/2022,1
9387,20,29145,90,Male,Sales,23/7/2021,1
9388,49,50891,96,Male,Sales,21/12/2021,4
9389,52,23621,60,Female,HR,10/6/2024,3
9390,27,9193,11,,HR,17/11/2021,2
9391,53,24404,82,Female,-,26/12/2023,2
9392,30,57440,49,Male, ,29/6/2024,3
9393,53,44024,81,Female,NA,13/7/2020,1
9394,-,44570,NA, ,Marketing,9/3/2024,5
9395,50,28065,88,Male,Operations,13/3/2022,3
9396,62,35683,34,Male,HR,14/7/2022,3
9397,NA,42328,38,Male,-,14/2/2022,3
9398,58,15417,66,Male,HR,15/12/2021,3
9399,25,28501,35,Female,IT,3/6/2023,3
9400,57,41398,32,Female,Marketing,20/4/2020,1
9401,22,42226,26,Female,Sales,9/8/2020,1
9402,36,50568,55,Male,Finance,1/5/2020,1
9403,51,26816,50,Male,-,15/4/2022,1
9404,34,34133,30,Female,Marketing,6/7/2022,1
9405,28,76666,58,Female,Operations,18/9/2020,2
9406,NA,32654,2,Female,IT,19/3/2020,3
9407,43,50124,0,Male,Sales,5/10/2022,4
9408,55,40887,70,Male,IT,12/2/2024,3
9409,21,21023,7,Female,IT,25/1/2020,2
9410,57,NA,55,Male,-,17/2/2023,5
9411,64,15300,81,Female,Marketing,23/12/2023,4
9412,38,21059,79,Male,Finance,25/2/2020,5
9413,32,54156,52,-,Finance,20/5/2021,2
9414,64,45085,21,Male,Finance,11/11/2024,2
9415,20,32145,89,Male,Sales,15/6/2024,4
9416,18,45560,10,Female,Marketing,18/4/2020,2
9417,34,47091,98,Female,Marketing,30/7/2024,*
9418,30,24147,72,Female,Operations,11/8/2024, 
9419,55,7855,26,Female,HR,27/5/2021,3
9420,61,43434,73,,IT,17/9/2023,
9421,18,35002,52,Female,Sales,15/12/2021,5
9422,48,28025,30,Male,IT,28/6/2022,1
9423,56,22552,60,Male,Sales,1/11/2022,5
9424,43,29833,41,Female,HR,1/11/2023,1
9425,31,35101,23,Female,,8/10/2020,*
9426,59,33618,16,Male,Operations,17/1/2024,2
9427,45,14247,30,Female,Sales,5/3/2023,4
9428,35,-,70,Male,HR,15/7/2022,2
9429,63,35851,18,Male,HR,17/4/2024,2
9430,49,22608,-,Male,Sales,17/6/2021,4
9431,41,0,92,Male,HR,24/3/2021,5
9432,20,46931,0,Female,Marketing,13/2/2020,4
9433,29,36716,58,Female,Sales,25/8/2021,
9434,63,0,10,Male,IT,22/6/2021,1
9435,32,25458,85,Male,Finance,24/11/2023,1
9436,61,22169,0,Male,Sales,1/4/2022,3
9437,29,39833, ,Male,Operations,9/7/2020,5
9438,55,32885,44,Male,Operations,25/11/2020,1
9439,NA,44983,82,Male,IT,28/12/2023,5
9440,19,32946,2,*,Operations,19/9/2021,4
9441,57,11237,26,Male,Operations,8/12/2022,4
9442,35,46760,16,Male,IT,20/6/2020,5
9443,56,38638,-,Male, ,26/8/2023,2
9444,20,40517,5,Female,IT,16/10/2020,4
9445,61,35906,55,Female,Operations,31/10/2021,4
9446,53,46207,11,Female,Finance,1/10/2020,
9447,28,30254,17,Female,Finance,13/6/2023,
9448,35,31836,23,Male,Marketing,7/5/2020,1
9449,50,49676,0,Female,IT,18/11/2022,2
9450, ,15849,67,Male,Marketing,1/9/2020,5
9451,36,41876,42,Male,Finance,9/5/2023,3
9452,49,45211,NA,Male,Finance,16/11/2023,2
9453,*,45892,*,Female,Marketing,28/5/2021,1
9454,42,35729,76,Male,Finance,19/5/2022,5
9455,50,51227,100,,Sales,24/3/2023,5
9456,48,0,74,Female,IT,31/12/2020,2
9457,24,32488,18,Male,Operations,5/6/2020,4
9458,32,37805,*,Male,Finance,28/5/2020,4
9459,39,28838,73,Male,,23/6/2020,-
9460,57,23193,3,Female,IT,7/5/2024,4
9461,59,40932,60,Male,Sales,27/9/2021,3
9462,52,32891, ,Female,HR,21/5/2024,NA
9463,41,46972,77,Male,IT,6/7/2022,1
9464, ,33450,70,Male,Sales,24/4/2022,2
9465,53,50759,0,Female,Finance,29/4/2020,1
9466,57,21682,78,*,Finance,8/4/2022,4
9467,31,23669, ,Female,IT,28/2/2024,1
9468,44,43596,7,Female,Finance,19/11/2020,4
9469,62,23773,81,Male,-,6/11/2023,4
9470,20,19437,61,Female,Operations,17/10/2022,5
9471,61,30046,76,Female,Sales,13/11/2021,1
9472,61,36560,85,Male,IT,8/1/2022,4
9473,52,*,55,*,IT,9/8/2024,1
9474,57,44464,79,-,Marketing,11/4/2020,2
9475,18,270986,NA,Male,IT,23/9/2024,2
9476,-,29687,80,Female,Operations,30/10/2021,3
9477,28,40466,,Female,Marketing,14/1/2023,-
9478,19, ,22,Female,Marketing,6/8/2024,3
9479,62,18775,88,Female,IT,31/12/2021,3
9480,41,26990,6,Female,HR,16/12/2023,1
9481,47,178486,53,Female,Sales,28/9/2020,2
9482,21,50745,18,Female,Operations,17/9/2021,5
9483,59,52014,*,Male,Marketing,7/5/2021,3
9484,50,19735,*,Male,Marketing,4/9/2024,5
9485,35,24036,69,Female,Finance,23/12/2020,1
9486,26,45046,22,Female,Sales,7/2/2020,4
9487,61,38335,40,-,Sales,28/3/2023,
9488,53, ,100,Female,Operations,13/2/2022,4
9489,18,48199,0,Male,IT,4/3/2024,1
9490,43,20280,15,Male,Marketing,4/9/2020,2
9491,35,-,NA,Male,IT,11/3/2024,4
9492,50,33181,*,Female,Marketing,15/1/2021,2
9493,23,21364,38,Female,HR,4/2/2024,1
9494,-,0,98,Male,Operations,27/9/2022,5
9495,25,37984,16,Male,Operations,19/9/2024,2
9496,53,43388,80,Male,Finance,29/9/2024,2
9497, ,19398,25,Male,Operations,7/9/2020,1
9498,29,49316,22,Male,Finance,6/6/2023,NA
9499,41,52701,39,Female,IT,12/9/2020,2
9500,18,25905,*,Female,IT,23/5/2021,5
9501,34,30829,0,NA,IT,10/12/2021,3
9502,18,35231,92,Male,Operations,21/8/2020,4
9503,18,37814,95,Male,Finance,6/3/2024,4
9504,43,41708,,Female,Marketing,11/3/2023,3
9505,18,23996,96,Male,Sales,28/1/2023,1
9506,22,30792,44,Male,HR,16/2/2023,2
9507,63,23781,0,Female,Operations,17/6/2022,5
9508,,34851,86,Male,Marketing,10/1/2022,4
9509,22,23244,44,NA,Marketing,2/4/2022,2
9510,-,26144,45,Female,Sales,11/10/2024,1
9511,43,39187,96,Female,HR,11/3/2024,*
9512,21,28682,70,Male,HR,8/7/2023,3
9513,29,44443,21,Male,Sales,9/10/2024,4
9514,52,26339,71,Male,Marketing,18/1/2024,1
9515,45, , ,Male,Operations,16/5/2024,4
9516,34,44923,NA,Male,Marketing,12/11/2024,5
9517,35,29877,62,Male,Sales,5/1/2020,3
9518,27,12701,91,Male,Finance,11/7/2024,3
9519,40,29728,*,Male,Operations,17/11/2023,3
9520,52,28771,30,Female,Sales,1/7/2020,3
9521,24,41206,93,Male,IT,13/3/2022,3
9522,*,40011,20,Male,Marketing,14/9/2020,4
9523,39,52569,52,Female,Finance,15/10/2023,1
9524,43,,92,Male,Sales,20/6/2021,5
9525,24,44849,90,Female,IT,6/4/2024,4
9526,31,-,2,Male,Sales,17/6/2023,4
9527,53,58281,51,Female,Finance,29/10/2023,3
9528,45,36471,67,Female,HR,26/2/2020,5
9529,22,30200,34,Male,Finance,31/3/2020,3
9530,38,48938,5,Male,,16/12/2021,5
9531,53,29590,26, ,Marketing,6/9/2020,1
9532,56,22146,62,Male,Operations,24/11/2022,5
9533,46,23170,23,Male,HR,4/6/2023,1
9534,42,32448,80,Female,Marketing,2/3/2020,-
9535,33,45321,97,Male,IT,12/4/2021,-
9536,54,-,87,Female,IT,28/6/2020,3
9537,47,35085,33,Male,Sales,29/3/2020,5
9538,34,0,82,Female,Marketing,28/3/2024,1
9539,24,NA,58,Female,Finance,24/11/2023,1
9540,*,32906,NA,Female,*,12/6/2020,3
9541,27,45441, ,Male,HR,9/3/2020,5
9542,26,27133,0,Male,Operations,22/5/2023,3
9543,28,52734,84,Male,Finance,11/1/2020,3
9544,63,49268,18,Male,HR,12/6/2023,3
9545,43,23518,64,Male,Sales,23/5/2024,*
9546,57, ,NA,Male,IT,7/6/2024,1
9547,28,43462,*,Male,Sales,17/7/2023,-
9548,40,23179,6,Male,Sales,30/5/2024,1
9549,18,19681,76,Male,Marketing,29/10/2023,5
9550,-,20902,30,Female,*,7/7/2024,2
9551,47,20856,28,-,Finance,3/8/2023,5
9552,57,44851,97,Female,Finance,17/2/2023,2
9553,-,37327,72,Female,Operations,26/3/2021,3
9554,29, ,0,*,NA,6/4/2023,3
9555,62,36596,44,NA,HR,2/5/2024,3
9556,64,35437,51,Male,Marketing,28/12/2021,2
9557,30,63357,-,Male,Marketing,29/1/2021,
9558,-,26360,71,Female,Marketing,3/10/2022,1
9559,26,36103,NA,Male,IT,10/1/2024,5
9560,25,-,93,Male,Marketing,11/9/2021,
9561,54,39528,*,Female,HR,18/12/2022,2
9562,40,34298,99,Male,IT,11/12/2023,5
9563,60,32316,78,Female,Operations,28/7/2022,1
9564,23,19556,27,Male,HR,5/8/2024,*
9565,44,56742,72,Female,Marketing,13/11/2020,1
9566,27,20341,22,Female,Operations,26/2/2023,4
9567,-,49647,68,Female,Marketing,22/5/2020,5
9568,49,7860,62,Male,Sales,19/1/2020,5
9569,47,48745,73,Male,IT,7/5/2021,-
9570,44,50602,11,Female,IT,10/5/2021,3
9571,32,-,97,Female,Operations,25/3/2020,4
9572,57,NA,92,Male,Marketing,12/12/2020,1
9573,36,47915,62,NA,HR,2/4/2020,5
9574,60,24463,22,Male,Operations,3/11/2024,5
9575,37,36082,43,Male,Operations,29/6/2022,5
9576,50,22353,53,,IT,5/7/2021,3
9577,22,38727,73,Female,Sales,24/12/2022,4
9578,53,29595,17,Male,HR,15/11/2021,3
9579,46,10395,-,Female,Sales,5/4/2023,3
9580,-,43108,53,Female,Marketing,17/8/2020,1
9581,47,-5396,0,Female,Sales,20/6/2022,1
9582,58,10216,96,Male,Sales,24/8/2024,2
9583,39,23564,*,Male,HR,12/7/2022,2
9584,57,-,95,Male,Sales,19/3/2022,4
9585,48,45739,9,Female,HR,24/3/2022,4
9586,36,48955,16,Female,Marketing,21/7/2020,
9587,52,42058,80,Male,IT,29/6/2024,3
9588,64,-,85,NA,IT,24/4/2020,3
9589,20,45615,5,Female,HR,26/4/2023,2
9590,*,39472,62,Male,Operations,11/4/2024,4
9591,36,37396,,Male,Finance,14/6/2020,5
9592,48,39728, ,Female,IT,11/11/2020,3
9593,35,-, ,Female,Marketing,21/6/2023,5
9594,27,25011,44,Female,Sales,19/6/2020,4
9595,56,,0,Female,IT,24/8/2024,1
9596,49,30640,75,Female,HR,17/7/2021,2
9597,25,44528,56,Male,Finance,26/3/2023,4
9598,43,*,25,Male,IT,30/5/2020,3
9599,39,23640,32,Female,Finance,8/3/2021,3
9600,45,42401,37,-,Sales,7/6/2022,4
9601,62,43847,29,Male,Sales,1/2/2020,2
9602,43,71639,88,Female,-,2/10/2023,5
9603,27,25395,89,Male,Marketing,14/3/2020,3
9604,25,0,36,Female,IT,24/6/2023,2
9605,26,36091,80,Female,Sales,21/10/2023,5
9606,23,43630,11,Male,HR,8/1/2024,3
9607,18,44443,, ,-,18/7/2023,2
9608,44,34880,NA,Female,IT,28/5/2020,2
9609,36,15895,61,Female,Marketing,9/7/2024,5
9610,-, ,10,Female,HR,6/11/2021,2
9611,20,,80,Female,IT,5/4/2021, 
9612,24,-2040,69,Male,Operations,7/7/2022,1
9613,58,29421,29,Male,Operations,1/7/2023,NA
9614,,53989,39,Female,Operations,1/4/2020,5
9615,NA,34140,57,Male,Operations,18/1/2024,5
9616,39,26287,NA,Male,Finance,6/1/2023,5
9617,19,46645,68,Female,HR,2/5/2020,5
9618,34,20718,54,Male,Finance,18/10/2023,5
9619,27,25485,36,Female,HR,15/10/2023,*
9620,25,37384,96,Male,NA,25/7/2023,2
9621,50,-310,38,Male,Finance,12/5/2023,4
9622,34,42504,-,Male,Finance,6/9/2023,*
9623,,53681,71,Female,Marketing,14/12/2023,-
9624,49,36423,100,*,Operations,8/12/2021,4
9625,57,26732,79,Male,HR,20/12/2021,5
9626,*,13254,94,Female,IT,2/4/2020,4
9627,30,31430,73,Female,HR,28/10/2021,2
9628,NA,26401,57,Female,HR,7/5/2021,-
9629,54,29565,5,,Operations,15/1/2023,1
9630,30,47792,94,Male,Finance,27/2/2020,
9631,47,23385,67,Female,Operations,25/12/2022,5
9632,61,25106,46,Male,*,23/10/2020,4
9633,61,27400,14,Male,Sales,23/5/2022,4
9634,29,27057,51,Male,HR,30/12/2020,1
9635,39,37407,-,Female,Finance,9/7/2023,4
9636,20,13418,87,Female,IT,21/5/2020,NA
9637,30,39785,14,*,Sales,2/3/2021,4
9638,47,26186,25,Female,Finance,5/2/2021,4
9639,30,25193,90,NA,IT,10/10/2024,5
9640,33, , ,Male,Operations,22/5/2022,
9641,29,63236,21,Male,Finance,12/7/2024,NA
9642,64,22780,75,-,Finance,7/9/2022,4
9643,58,32872,46,Male,Finance,26/1/2024,2
9644, ,36105,91,Male,Operations,9/6/2023,2
9645,31,32106,,Female,-,29/5/2024,4
9646,,47983,75,Male,Marketing,15/3/2021,-
9647,23,10755,31,NA,-,19/3/2020,1
9648,37, ,76,*,Sales,7/3/2022,3
9649,28,48697,62,Female,Finance,26/7/2024,2
9650,50,48055,90,Female,Sales,25/3/2020,4
9651,61,219925,75,Female,Operations,24/1/2021,1
9652, ,32837,86,Female,Marketing,8/7/2021,3
9653,55,0,83,Male,,25/6/2024,1
9654,61,61933,48,Female,Finance,1/2/2022,5
9655,52,38684,NA,Male,Marketing,13/12/2023,4
9656,58,27639,0,Male,Marketing,27/2/2020,3
9657,25,33785,88,Male,HR,27/12/2021,1
9658,22,55650,28,Male,IT,4/9/2024,3
9659,43,NA,56,*,IT,29/3/2024,NA
9660,40,23535,97,Male,Marketing,21/5/2023,1
9661,27,*,37,Male,IT,11/5/2021,4
9662,43,50677,43,Female,Operations,2/2/2022,5
9663,43,40199,65,Male,HR,16/2/2020,5
9664,43,23284,44,Female,Finance,17/11/2023,1
9665,26,35743,1,Female,Operations,12/2/2022,3
9666, ,20498,,Female,Operations,11/9/2021,1
9667,58,47718,10,Female,Operations,14/4/2023,3
9668,21,46414,8,Male,Finance,30/4/2022,1
9669,18,22351,23,Male,Marketing,1/2/2020,1
9670,*,27243,68,Female,Finance,6/7/2022,1
9671,50,0,19,Female,Sales,11/7/2021,5
9672,63,36129,61,Female,Finance,28/8/2021,1
9673,45,37934,97, ,Sales,5/10/2021,3
9674,,26149,54,Male,-,14/2/2022,5
9675,-,22529,37,Female,HR,11/11/2022,4
9676,30,31216,26,*,IT,3/8/2020,2
9677,40,11001,46,Male, ,24/6/2020, 
9678,59,34292,36,Female,Operations,31/7/2020,1
9679,38,35203,34,Male,HR,2/7/2022,1
9680,30,38643,54,Male,IT,22/6/2020,3
9681,-,20278,55,Female,Finance,7/4/2021,1
9682, ,25326,68,-,Finance,13/6/2022,-
9683,20,31672,0,Male,Sales,10/7/2023, 
9684,40,34762,67,Male,NA,2/4/2022,4
9685,31,41513,-,Male,HR,10/10/2024,1
9686,34,39589,-,Female,IT,2/6/2021,5
9687,55,155979,93,Female,Operations,22/3/2023,3
9688,45,39393,34,Male,Sales,1/10/2022,5
9689,42,19939,16,Male,IT,31/5/2022,NA
9690,24,22773,7,-,Sales,26/11/2022,3
9691,45,17526,16,Female,Finance,7/3/2024, 
9692,37,52032,57,Female,Finance,14/12/2022,1
9693,59,40125,5,Female,-,30/7/2021,1
9694,26,,10,-,Marketing,20/8/2020,4
9695,39,20918,43,Female,Finance,26/6/2020,5
9696,23,14167,100,Female,Marketing,6/12/2021,2
9697, ,40137,36, ,HR,4/5/2021,1
9698,31,NA,50,Male,Finance,28/6/2023,5
9699,45,154813,24,Female,Sales,4/11/2022,
9700,51,32315,,Female,Sales,18/2/2021,1
9701,47,35764,74,Male,Finance,13/11/2023,5
9702,19,*,14,NA,IT,23/5/2024,2
9703, ,25336,1,Male,-,16/3/2022,1
9704,18,56622,29,Female,Marketing,28/11/2023,3
9705,40,38652,8,Female,Finance,26/12/2022,3
9706,34,15141,59,Female,Finance,21/11/2024,3
9707,27,14409,66,Female,HR,31/10/2020,3
9708,34,39675, ,*,Operations,26/3/2020,1
9709,42,20827,33,-,-,16/3/2021,1
9710,58,34296,65,Female,Finance,2/1/2021,4
9711,48,49816,86,Female,Sales,9/6/2024, 
9712,52,17268,8,Female,Marketing,1/6/2021,1
9713,26,41796,53,Male,Marketing,2/10/2021,5
9714,55,57922,65,Female,Finance,5/11/2024,5
9715,56, ,69,Female,HR,8/10/2021,3
9716,31,37329,0,Female,Operations,4/2/2021,5
9717,62,36268,50,Female,Operations,7/8/2022,5
9718,21,43628,1,Male,HR,14/9/2020,3
9719,20,24857,21,Male,Finance,13/9/2020,4
9720,58,24612,31,Female,Sales,1/6/2022,3
9721,,49876,65,Male,Sales,16/11/2024,-
9722,25,,84,Female,IT,5/9/2020,4
9723,51,23890,97,Male,Marketing,11/7/2021,1
9724, ,43062,93,Male,Marketing,21/12/2022,5
9725,27,31226,-,Female,Operations,14/8/2022,5
9726,59,41402,7,Male,Marketing,7/10/2022,5
9727,41,46170,0,Male,Sales,28/9/2020,1
9728,56,*,-,Female,Marketing,7/12/2021,2
9729,21,31394,84,Male,HR,28/2/2022,3
9730,-,37611,0,Male,HR,5/2/2024,3
9731,60,18537,16,Male,Finance,23/12/2023,
9732,20,40991,83,Female,HR,16/5/2020, 
9733,21,43250,1,Female,Operations,21/11/2022,3
9734,63,45888,79,Female,IT,3/7/2023,4
9735,18,34931,66,Male,Finance,3/1/2023,1
9736,28,32856,51,Male,HR,7/5/2022,4
9737,36,37628,2,Female,HR,24/11/2023,2
9738,52,44981,74,Male,Finance,12/1/2024,4
9739,20,39676,25,Male,HR,12/12/2022,5
9740,22,25373,25,Male,IT,29/3/2022,NA
9741,47,32893,21,Female,IT,19/6/2020,4
9742,46,46785,60,Female,IT,11/4/2021,-
9743,62,29835,-,Female,HR,18/1/2023,3
9744,*,45728,51,Female,Sales,8/8/2020,3
9745,40,36815,69,Male,Operations,23/2/2024,1
9746,47,26082,62,*,IT,1/11/2023,1
9747,39,*,25,Female,IT,11/7/2020,*
9748,37,,13,Female,Finance,22/8/2023,4
9749,34,21063, ,Female,IT,21/1/2020,4
9750,58,36568,46,Female,Finance,23/12/2021,5
9751,29,54237,27,Female,-,2/9/2021,5
9752,53,23327,92,Female,Marketing,5/1/2020,-
9753,-,31053,95,Male,Operations,19/10/2021,2
9754,59, ,91,Female,IT,3/6/2022,5
9755,,38677,43,Male,Finance,22/9/2024,3
9756,32,36687,23, ,Operations,7/1/2020,5
9757,55,0,15,Female,Finance,6/4/2021,2
9758,39,29346,11,Male,Marketing,26/4/2021,-
9759,45,25276,-,Female,IT,17/11/2023,3
9760,,25922,24,Female,Operations,4/10/2021,3
9761,54,45474,73,Male,IT,3/4/2021,5
9762,36,27199,0,Female,IT,19/11/2024,2
9763,31,,5,-,IT,18/5/2023,5
9764,20,44184,35,,HR,20/3/2023,5
9765,38,32707,22,Male,Sales,1/2/2021,1
9766,29,38059,88,Female,Sales,12/8/2023,3
9767,19,239769,43,Female,Marketing,22/6/2021,3
9768,50,46972,49,Female,HR,2/11/2022,4
9769,30,36794,98,Male,,10/7/2024,2
9770,39,43385,34,Male,HR,2/5/2024,3
9771,28,41162,93,Male,HR,13/11/2021,5
9772,20,36460,0,,IT,21/2/2021,2
9773,28,39304,17,Male,Operations,18/12/2021,3
9774,22, ,40,Male,Operations,11/4/2022,5
9775,32,33337,29,Male,HR,29/5/2024,1
9776,40,21717,6,Female,Sales,27/1/2020,1
9777,40,25333,0,*,Operations,27/3/2022,4
9778,63,11518,35,Female,Sales,30/8/2023,4
9779,56,35385,23,Male,HR,30/4/2022,4
9780,-,39127,4,Male,HR,28/2/2021,4
9781,45,30805,19,Male,IT,23/10/2022,5
9782,52,36330,61, ,Marketing,2/6/2021,2
9783,56,55602,59,-,IT,10/4/2023,2
9784,45,37766,*,Male,Operations,30/8/2022,5
9785,21,21266,96,Female,Sales,25/3/2021,1
9786,41,25839,-,Male,Operations,7/4/2022,3
9787,30,26821,21,Male,Operations,27/6/2023,5
9788,30,31873,NA,Female,Operations,3/3/2024,1
9789,21,19495,-,Male,IT,22/11/2023,-
9790,34,34689,55,Female,NA,18/4/2022,3
9791,24,51893,95,Male,HR,21/12/2022,2
9792,27,40750,29,Male,Sales,9/12/2021,4
9793,19,,41,Female,Finance,18/5/2022,4
9794,32,53023,68,Male,HR,16/10/2022,2
9795,22,40848,37,Male,Sales,22/5/2021,-
9796,25,29292,77,Male,HR,9/3/2020,1
9797,28,36677,3,Female,Operations,28/2/2024,2
9798,21,19923,0,Female,*,3/6/2021,*
9799,61,NA,0,Female,Finance,27/7/2023,2
9800,43,48964,100,Male,Marketing,15/5/2020,1
9801,58,48387,49,Male,HR,20/6/2022,5
9802,26,51549,8,Male,Sales,8/7/2024,-
9803,61,37158,14,*,IT,3/6/2023,3
9804,38,48823,81,Male,NA,3/3/2020,2
9805,37,49729,0,Male,HR,15/11/2023,1
9806,29,0,68,Male,Operations,9/3/2022,4
9807,55,33111,76,Female,Operations,1/8/2022,2
9808,23,20392,,Female,Sales,24/11/2020,2
9809,33,40306,60,Female,Marketing,12/10/2020,4
9810,25,40294,6,Male,HR,7/5/2022,5
9811,53,21179,84,Male,Finance,16/12/2020,2
9812,29,,-,NA,Marketing,22/6/2024,5
9813,57,56344,94,Male,IT,6/6/2021,3
9814,*,28207,92,Male,HR,16/4/2022,2
9815, ,40858,0,Male,HR,16/2/2022,5
9816,64,30723,34,Female,HR,7/8/2024,4
9817,30,30462,6,Male,Sales,18/4/2020,2
9818,30,39862, ,Male,IT,23/11/2020,
9819,NA,31448,13,Male,IT,17/8/2024,3
9820,40,29869,100,NA,Finance,2/10/2020,4
9821,41,33953,6,Male, ,1/12/2022,4
9822,52,30178,*,Male,IT,26/3/2024,4
9823,20, ,8,Male,Marketing,22/12/2020,NA
9824,37,24343,85,Female,Operations,23/7/2024,2
9825,55,25173,51,Female,-,30/6/2022,4
9826,32,52653,10,Male,Sales,20/4/2020,1
9827,,40214,90,Male,Finance,10/9/2022,1
9828,22,16593,55,Female,HR,12/11/2020,3
9829, ,1035,34,Male,Marketing,29/9/2022,1
9830,44,31319,9,Female,Operations,16/6/2021,4
9831,38,35389,19,Female,HR,5/12/2021,4
9832,,8212,68,Female,Operations,6/9/2024,3
9833,19,57037,80,Male,Marketing,20/8/2024,*
9834,34,30799,56,Female,Operations,1/11/2022,*
9835,64,15093,42,Female,,17/12/2021,3
9836,26,15467,49,Male,Marketing,14/12/2022,5
9837,25,46614,43,Female,Operations,29/7/2024,3
9838,,25360,74,Female,IT,30/6/2020,4
9839,63,36973,5,Female,IT,2/7/2022,5
9840,28,22084,80,Male,HR,21/8/2021,4
9841,,32495,93,Female,Operations,27/4/2024,5
9842,59,31079, ,Male,Marketing,14/11/2020,4
9843,34,28572,19,Female,HR,14/7/2020,4
9844,22,40634,58,Female,Finance,17/8/2023,-
9845,58,23960,78,Female,Operations,17/2/2020,3
9846,55,22906,94,NA,Operations,20/9/2024,3
9847,32,37106,11,Female,Marketing,17/12/2023,2
9848,46,21526,50,Female,Finance,19/5/2021,4
9849,NA,35518,65,Male,Finance,29/12/2022,4
9850,22,27675,52,Male,Marketing,23/1/2021,2
9851,-,12590,81,Female,HR,12/8/2020,5
9852,63,31162,36,Male,HR,21/3/2023,2
9853,32,47340,0,Male,Operations,16/1/2024,3
9854,39,51224,86, ,IT,1/10/2020,4
9855,42,41815,0,Male, ,20/8/2022,3
9856,46,21025,,Female, ,7/3/2022,
9857,61,35609, ,Male,Finance,8/12/2020,1
9858,41,,81,Female,Marketing,9/8/2021,1
9859,58,21818,0,Female,IT,12/1/2021,1
9860,56,29732,9,Male,*,18/1/2024,4
9861,32,11342,30,Female,Operations,20/10/2020,1
9862,36,11984,72,Female,Finance,9/6/2022,4
9863,23,40254,42,Female,-,3/6/2022,3
9864,54,25153,NA,Female,Operations,7/5/2021,1
9865,34,40765,70,Male,IT,28/3/2021,3
9866,38,42310,51,Male,Finance,15/10/2024,3
9867,62,43968,20,Male,Operations,30/10/2022,5
9868,45,3458,64,Male,Marketing,22/11/2021,5
9869,53,47455,72,Male,Marketing,10/5/2021,1
9870,26,9358,0,Male,HR,7/8/2022,1
9871,43,0, ,Male,Marketing,4/5/2022,3
9872,50,60059,8,NA,Marketing,7/11/2023,*
9873,53,22468,54,Male,Marketing,14/9/2023,5
9874,29,29720,80,Male,IT,31/7/2020,1
9875,28,50940,71,Male,Sales,20/6/2021,1
9876, ,25567,7,Female,Finance,21/6/2022,4
9877,36,44683,70,Male,IT,8/10/2023,1
9878,32,31938,73,Female,Sales,7/3/2023,5
9879,58,40904,65,Female,Finance,3/6/2020,1
9880,29,51780,22,Male,,30/1/2024,5
9881,29,39377,77,Female,Sales,30/9/2020,3
9882,33,34433,58,Female,HR,26/5/2021,2
9883,44,33367,62,Male,Finance,30/3/2023,1
9884, , ,99,Male,HR,16/1/2023,1
9885,55,43154,33,Male,HR,7/10/2023,1
9886,43,33256,42,Male,IT,14/9/2020,3
9887,34,30504,40,Male,Sales,2/8/2024,1
9888,43,,88,Female,Sales,22/10/2022,
9889,39,47906,45,Male,HR,26/10/2020,4
9890,26,46721,19,Female,IT,10/6/2022,2
9891,54,26887,1,Female,-,22/11/2023,1
9892,52,23477,-,Female,HR,8/1/2022,4
9893,35,23196,61,Male,Finance,23/2/2022,2
9894,37,46803,58,Female,HR,13/7/2021,1
9895,-,31470,73, ,Finance,3/5/2020,1
9896,32,36092,68,Female,HR,7/7/2024,2
9897,22,19329,4,Male,IT,8/12/2021,3
9898,63,28843,,Male,HR,3/12/2023,5
9899,52,19907,19,Female,Operations,21/8/2021,*
9900,51,23946,60,Female,Operations,6/10/2020,2
9901,18,13499,96,Male,Marketing,20/10/2020,2
9902,57,40384,*,Female,-,4/1/2022,2
9903,47,42339,56,Female,Operations,31/5/2024,4
9904,55,17370,8,Male,HR,16/6/2024,2
9905,41,36519,68,Female,Finance,9/9/2020,1
9906,45,28606,52,Female,Operations,26/9/2020,5
9907,20,46231,27,Male,Operations,7/9/2022,1
9908,26,49870, ,Female, ,18/1/2020,2
9909,47,31319,17,Male,Operations,2/2/2023,5
9910,40,158646,72,Male,IT,13/4/2021,1
9911,21,31955,45,Female,Finance,15/1/2020,1
9912,41,40288, ,Female,IT,1/9/2021,1
9913,36,25456,75,Female,Marketing,9/1/2021, 
9914,,28549,52,Male,Operations,21/11/2024,NA
9915,62,11905,65,Female,Finance,19/10/2023,5
9916,18,31422,22,Male,IT,21/7/2023,4
9917,46,43863,26,Male,Operations,13/4/2022,4
9918,42,29932,14,Female,IT,28/4/2024,4
9919,61,61575, ,Male,IT,3/11/2024,2
9920,64,46434,79,Male,-,21/5/2024,4
9921,52,33503,5,,Finance,9/4/2023,3
9922,60,38286,24,Male,Operations,29/11/2022,5
9923,32,52625,NA,,Operations,18/7/2023,4
9924,*,33838,27,Female,HR,25/9/2023,5
9925,22,35184,20,Male,Operations,11/5/2020,1
9926,41,45316,61,Male,HR,22/2/2024,-
9927,35,15529,63,*,Finance,26/8/2024,1
9928,31,40342,6,Female,HR,20/5/2024,4
9929,23,NA,26,Female,-,16/4/2023,1
9930,-,63886,65,Male,HR,12/1/2020,5
9931,35,36746,39,Male,IT,23/6/2020,2
9932,45,52752,53,Female,IT,30/8/2024, 
9933,50,15912,73,Male,IT,27/3/2021,1
9934,-,39420,30,Female,IT,4/2/2022,3
9935,NA,35779,67,Female,Operations,27/10/2020,-
9936,56,46877,18,Female,HR,2/6/2022,2
9937,50,39502,0,Female,IT,3/12/2020,3
9938,46,NA,7,Male,Finance,21/4/2021,4
9939,41,28665,31, ,HR,23/2/2023,3
9940,49,6556,79,Male,Operations,15/5/2021,NA
9941,37,28561,14,Female,IT,6/1/2021,3
9942,30,33263,22,Female,HR,9/3/2020,4
9943,24,7433,88,Male,IT,19/8/2021, 
9944,34,40212,59,Male,Sales,28/3/2022,3
9945,45,26650,75,NA,IT,5/6/2021,*
9946,62,42074,84,Male,HR,17/11/2022,2
9947,21,7496,72,Female,Operations,13/6/2021,5
9948,54,35105,78,Female, ,16/5/2024,3
9949,,34504,70,Female,IT,8/3/2020,3
9950,60,28360,96,Male,HR,19/2/2020,4
9951,18,49432,70,Female,IT,7/5/2021,2
9952,38,27755,18,Male,Operations,26/6/2021,4
9953,46, , ,Female,Finance,22/8/2021,4
9954,51,43701,0,Male,IT,24/3/2022,4
9955,43,37906,42,Female,Finance,18/8/2021,5
9956,53,41806,33,Male,Sales,27/12/2022,5
9957,62,49493,64,Male,Finance,12/6/2023,3
9958,46,34743,80,Female,Finance,14/9/2024,3
9959,36,22011,11,Female,IT,15/6/2021,4
9960,46,36928,26,Female,Finance,5/7/2021,5
9961,36,19436,60,Male,Finance,19/9/2024,2
9962,27,33568,59,Female,HR,15/12/2022,2
9963,46,24486,40,Male,HR,18/7/2022,1
9964,63,,78,*,NA,14/1/2021,5
9965,56,3723,91,Male,HR,13/11/2024,5
9966,27,68205,35,*,HR,2/9/2021,2
9967,NA,16443,87,NA,Sales,24/6/2022,5
9968,26,14695, ,Female,HR,26/5/2022,3
9969,23,24280,12,Female,Marketing,15/1/2021,2
9970,29,45178,31,*,Finance,26/2/2021,NA
9971,36,21062,18,Female,Finance,3/5/2022,4
9972,55,43447,56,Male,NA,20/11/2021,3
9973,47,39858,46,Male,HR,25/3/2021,4
9974,29,27348,71,Female,IT,6/3/2023,4
9975,42,29394,8,Male,IT,16/10/2020,4
9976,52,32911,100,Male,HR,9/5/2022,5
9977,33,41929,37,Male,Sales,2/10/2024,3
9978,51,34824,69,Female,HR,14/12/2022,5
9979,40,32516,82,Female,IT,29/1/2024,NA
9980,18,37542,68,Male,Finance,30/11/2023,3
9981,46,0,17,Male,HR,22/1/2022,5
9982,48,31820,-,Female,Marketing,1/1/2020,1
9983,35,28924,29,Male,HR,11/2/2022,1
9984,31,17480,69,*,HR,4/2/2024,1
9985,18,31483,0,Female,Marketing,23/3/2021,1
9986,64,22305,88,Female,IT,6/5/2021,1
9987,,39919,72,Female,IT,24/7/2024,3
9988,24,24576,29,Female,Sales,16/4/2020,5
9989,30,19105,93,Male,IT,17/12/2020,2
9990,33,40260,71,NA,Operations,16/8/2022,1
9991,28,43421,32,Male,Marketing,18/9/2020,2
9992,37,0,26,-,IT,9/6/2023,5
9993,47,27794,0,Female,HR,20/7/2023,4
9994,56,37521,97,Male,Operations,9/9/2023,2
9995,58,65982,97,Female,IT,2/12/2022,4
9996,*,11164,87,NA,Finance,20/1/2021,1
9997,59,40733,15,Female,Operations,19/3/2022,3
9998,51,35145,11,Male,IT,23/1/2023,5
9999,46,46341,6,Female,IT,12/9/2023,1
10000,24,41184,,Male,Operations,14/8/2021,3
10001,32,33861,75,Male,HR,2/10/2022,1
10002,20,44182,15,Female,Operations,24/8/2021,3
10003,23, ,92,*,IT,14/1/2021,5
10004,30,31514,48,Female,IT,8/5/2023,5
10005,38,11703,59,Male,Marketing,23/10/2022,2
10006,44,41486,82,Female,HR,24/6/2023,NA
10007,29,27885,97,Female,NA,19/5/2022,4
10008,31,39191,89,Female,Finance,21/6/2023,1
10009,55,27959,27,Female,Operations,16/1/2024, 
10010,42,21621, ,Male,Sales,5/11/2024,5
10011,35,49105,77,Male,Operations,5/10/2024,1
10012,42,47916,83,Female,Finance,11/5/2021,4
10013,23,63151,51,Female,-,14/2/2024,2
10014,19,39383,41,Male,IT,27/11/2023,2
10015,36,26133,-,Female,Sales,14/6/2020,2
10016,43,25484,6,Female,HR,23/4/2024,1
10017,53,NA,65,Female,Finance,13/8/2022,1
10018,30,,13,Male,Finance,13/1/2023,-
10019,41,21355,3,Female,Finance,15/11/2021,2
10020,-,43618,36,Female,Sales,4/10/2022,1
10021,51,45201,13,Female,Sales,6/5/2024,5
10022,22,15869,9,Female,NA,24/3/2022,5
10023,40,33969,57,Male,Finance,22/10/2022,4
10024,38,46269,-,Female,Marketing,30/6/2023,4
10025,,NA,98, ,Sales,10/10/2021,2
10026,56,46979,45,Female,HR,12/12/2022,4
10027,53,0,,Male,IT,28/8/2021,4
10028,36,35213,25,*,Sales,6/7/2020,1
10029,57,NA,79,Female,Sales,21/10/2021,5
10030,49,28320,76,Female,IT,26/3/2020,4
10031,49,39602,-,NA,Operations,6/3/2021, 
10032,38,40318,60,Female,Operations,17/1/2024,2
10033,19,41311,0,Female,Sales,11/5/2021,3
10034,,44366,89,Female,*,21/10/2024,3
10035,62,35504,29, ,Marketing,21/6/2021,1
10036,36,*,2,Female,Finance,11/2/2020,5
10037,42,-,68,-,*,11/8/2020,1
10038,41,17918,29,Male,Sales,28/6/2024,3
10039,54,38471,90,,Operations,30/10/2024, 
10040,45,38832,5,Female,IT,2/10/2021,1
10041,60,39523,13,Female,HR,7/12/2023,2
10042,35,47866,4,Male,Sales,6/5/2020,1
10043,35,52774,44,Female,HR,3/12/2023,5
10044,61,33319,33,Male,NA,13/4/2023,4
10045,61,0,85,Male,*,6/10/2020,2
10046,38,46397,51,Female,HR,13/6/2023,4
10047,20,48342,74,Female,IT,28/6/2020, 
10048,33,5721,0,Female,Marketing,3/12/2023,3
10049,31,33762,92,Male,IT,1/12/2023,2
10050,38,41445,94,Male,Operations,7/10/2023,1
10051,55,15877,53,Female,Marketing,10/11/2023,4
10052,,17046,41,Male,Marketing,1/12/2021,2
10053,44,36287,100,Female,IT,6/4/2023,3
10054,NA,*,59,Female,-,14/4/2023,3
10055,23,47368,41,Male,HR,16/4/2022,1
10056,41,26378,72,Male,Sales,25/4/2022,NA
10057,50,37829,9,Female,Sales,21/1/2022,3
10058,19,28809,24,Male,Finance,24/1/2021,1
10059,43,16270,63,Female,Finance,15/11/2020,2
10060,62,38512,40,Female,Marketing,16/11/2022,4
10061,44,40857,61,Male,Sales,24/4/2022,5
10062,-,36874,75,Male,Marketing,8/11/2022,1
10063,27,35058,78,Male,HR,23/5/2020,5
10064,62,57780,77,Male,HR,8/7/2021,3
10065,48,46671,39,,Sales,13/6/2020,2
10066,48,40944,-,Male,IT,21/6/2021,3
10067,25,-,34,Female,Marketing,9/2/2021,1
10068,39,26760,69,Female,Sales,24/4/2020,1
10069,55,51182,36,Male,*,7/6/2024,4
10070,59,,38,Male,Sales,27/6/2024,2
10071,28,47748, ,Male,Operations,26/10/2023,5
10072,,42770,17,*,Finance,21/6/2021, 
10073,44,27729,22,Female,IT,1/8/2020,3
10074,57,47422,14,Female,Operations,22/6/2020,1
10075,50,41324, ,Male,Operations,3/7/2024,1
10076,31,33850, ,Male,Marketing,3/12/2021,1
10077,31,23514,40,Male,Operations,6/1/2020,2
10078,37,NA,63,Female,Sales,19/4/2021,5
10079,29,12934,25,Male,Marketing,21/1/2021,5
10080,22,30277,74,Female,Sales,8/4/2021,3
10081,64,,18,Male,Finance,1/4/2020,4
10082,59,45308,97,Female,Marketing,15/1/2024,2
10083,55,42296,11,Female,Sales,20/5/2020,2
10084,62,0,69,Male,HR,23/2/2023,4
10085,49,40286,41,-,Marketing,25/3/2021,4
10086,23,40366,42,Female,Marketing,29/1/2022,5
10087,51,28823,9,Female,Operations,22/7/2022,2
10088,64,48688,42,Male,HR,27/7/2020,4
10089,24,NA,46,Male,Finance,29/10/2021,2
10090,20,47143,39, ,HR,28/7/2021,*
10091,30,40311,79,Female,Finance,15/8/2022,2
10092,19,21117,1,Male,IT,29/1/2020,4
10093, ,35341,19,Female,Sales,28/2/2024,2
10094,30,43540,50,Female,Operations,31/8/2023,*
10095,25,27949,38,Male,-,8/12/2020,2
10096,33,35099,68,Female,Operations,19/6/2022,5
10097,61,22709,66,Male,Operations,22/5/2021,3
10098,20,32725,56,Female,HR,30/8/2020,1
10099,36,13286, , ,-,13/9/2023,2
10100,44, ,9,NA,Finance,30/12/2023,1
10101,58,28060,69,Female,Sales,19/4/2020,2
10102,*,30041,87,Male,HR,24/10/2021,4
10103,25,49790,-,Female,-,28/7/2023,1
10104,62, ,40,Male,HR,25/12/2022,1
10105,*,12568,81,Male,Marketing,18/2/2022,5
10106,38,45191,5,Female,-,30/5/2023,
10107,30,26551,0,Male,Marketing,12/1/2023,3
10108,28,0,16,Female,Sales,2/8/2024,-
10109,19,42134,41,Female,-,21/8/2023,3
10110,31,54753,69,Female,IT,30/11/2022,1
10111,42,23330,87,Female,Marketing,15/10/2020,1
10112,57,-,31,Male,IT,1/6/2020,2
10113,23,27573,41,Male,Marketing,28/2/2021,2
10114,43,40835,6,Male,Finance,6/11/2023,3
10115,38,0,NA,Male,NA,19/2/2023,4
10116,29,32114,NA,Female,Marketing,14/8/2023,3
10117,23,,92,Female,Sales,31/5/2024,4
10118,49,29394,62,Female,Marketing,9/7/2021,2
10119,44,44898,24,Male,Marketing,15/10/2020,1
10120,48,15130,44,Female,IT,1/6/2024,5
10121,47,0,65,Female,IT,23/2/2020,3
10122,48,7521,75,Female,Finance,15/2/2024,5
10123,30,NA,78,Female,Sales,8/1/2024,1
10124,45,36001,48,Male,HR,1/4/2020,3
10125,NA,40144,97,Male,Marketing,25/7/2024,3
10126,50,66312,59,Female,Sales,1/9/2023,2
10127,30,34072,32,Male,IT,24/11/2021,*
10128,24,25667,NA,Male,IT,8/5/2024,2
10129,18,21901,34,Male,IT,30/3/2024,3
10130,42,34487,13,Male,HR,24/4/2021,1
10131,61,33910,87,Female,Sales,22/9/2023,
10132,51,,15,Female,Operations,27/2/2022,2
10133,26,22087,65,,HR,8/1/2021,*
10134,52,36992,69,Male,Sales,14/4/2022,1
10135,29,34038,4,Female,Finance,12/8/2021,2
10136,38,37855,67,Male,IT,24/4/2024,1
10137,56,40128,0,Male,IT,15/9/2023,1
10138,NA,29570,55,NA,Finance,2/5/2020,2
10139,62,36664,55,Male,IT,20/1/2021,3
10140,30,24150,8,Female,-,29/8/2020,NA
10141,19,53266,68,Female,Finance,24/12/2022,2
10142,52,27135,84,Female,Sales,5/6/2020,4
10143,18,42299,58,Male,Operations,1/5/2022,2
10144,19,-,96,Female,Finance,3/9/2024,5
10145,34,13820,38,Male,Finance,1/7/2020,3
10146,57,32769,86,Female,NA,12/6/2021,1
10147,35,34991,64,Female,Finance,28/6/2021,4
10148,51,40091,81,Female,NA,21/11/2020,5
10149,41,42764,77,Female,-,17/7/2022,1
10150,NA,48672,12,Male,Operations,4/6/2021,3
10151,-,32073,99,Female,Finance,15/9/2023,1
10152,45,38724,38,Female,IT,13/7/2022,4
10153,18,54332,0,Male,Operations,13/2/2024,4
10154,31,35161,60,Female,Finance,12/1/2022,4
10155,47,38845,-,NA,*,27/7/2023,3
10156,59,55055,,Male,Finance,8/10/2021,1
10157,50,32825,77,Female,Finance,22/4/2024,5
10158,25,34557,36,Male,HR,29/8/2022,3
10159,18, ,92,Male,Operations,7/5/2020,2
10160,21,29308,26,Female,Operations,10/11/2023,2
10161,42,44284,8,Male,Marketing,16/12/2021,3
10162,61,46269,0,Female,Finance,11/1/2023,1
10163,25,44447,65,Male,NA,12/11/2024,4
10164,29,49660,6,Male,Sales,10/1/2022,4
10165,57,22423,6,Female,HR,11/12/2022,3
10166,28,NA,84,Female,Operations,18/12/2023,1
10167,46,*,7,Male,Sales,3/12/2022,
10168,*,56999,-,Male,Operations,18/2/2020,3
10169,61,39189,,-,HR,29/7/2021,5
10170,28,24972,80,Male,Finance,14/6/2020,1
10171,48,47600,13,Female,HR,12/12/2021,5
10172,50,55945,54,Male,IT,17/2/2020,
10173,50,23746,,Male,Finance,22/12/2023,1
10174,-,22738,68,Female,HR,16/7/2024,2
10175,-,19659,31,Female,Operations,17/3/2020, 
10176,24,22554,50,Male,Marketing,12/12/2020,NA
10177,, ,1,,,8/10/2023, 
10178,48,24120,39,*,IT,19/9/2021,2
10179,27,0,75,Female,Marketing,24/4/2023,4
10180,31,55484,7,Female,IT,10/5/2024,3
10181,53,43386,52,Female,Operations,26/12/2023,5
10182,46,39722,40,Male,Sales,19/4/2024,4
10183,42,43071,88,Female,IT,12/7/2024,2
10184,36,NA,61,Female,Sales,14/9/2023,4
10185,34,,44,Female,Finance,9/11/2022,
10186,20,36746,10,Male,Sales,9/2/2024,1
10187,46,40645,61,Female,IT,11/11/2020,1
10188,53,44748,95,Female,HR,11/6/2021,2
10189,22,34635,2,Male,Marketing,3/12/2020,5
10190,29,15836,69,Female,Operations,24/9/2023,
10191,36,41645,76,Female,Operations,2/7/2023,5
10192,50, ,88,Female,Sales,20/8/2022,1
10193,53,24366,18,Male,Finance,29/4/2021,1
10194,60,36449,39,Female,Sales,29/5/2024,5
10195,48,35000,35,-,Operations,23/11/2024,5
10196,45,0,1,Female,Operations,20/12/2021,3
10197,*,42505,13,*,Sales,1/6/2022,4
10198,21,*,66,Male,IT,16/11/2024,5
10199,43,21972,3,Female,Sales,1/4/2021,2
10200,62,50017,17,Female,Marketing,24/12/2023,2
10201,41,33760,69,Female,IT,29/10/2020,2
10202,23,16436,81,Female,Finance,5/12/2020,1
10203,24,45513,38,Male,Finance,6/7/2021, 
10204,60,6255,46,,Finance,29/3/2023,4
10205,25,27829,94,Male,Finance,27/2/2022,1
10206,55,28686,-,Male,Operations,22/4/2023,3
10207,24,54959,73,Female,Sales,2/10/2020,4
10208,55,36228,NA,,Marketing,24/8/2022,2
10209,47,20201,46,Male,HR,10/10/2023,3
10210,49,48908,87,Female,Operations,19/2/2022,3
10211,40,8661,33,Male,HR,22/11/2023,3
10212,47,40029,81,Female,Finance,1/3/2023,4
10213,42,43228,38,Male,Marketing,26/9/2024,1
10214,38,0,26,Female,Operations,18/4/2020,1
10215,52,32629,19,Female,Operations,19/2/2022,2
10216,62,30513,30,Male,Marketing,29/3/2023,5
10217,62,36751,61,Male,IT,18/3/2023,4
10218,44,43564,*,Male,Sales,16/3/2022,5
10219,45,,9,Female,-,2/3/2023,1
10220,45,43453,38,Female,Operations,21/8/2022,3
10221,20,18515,54,Male,Marketing,1/3/2024,5
10222,23,30055,0,Male,HR,24/5/2022,1
10223,32,43766,75,Female,Operations,4/9/2024,5
10224,61,36647,7,Female,Operations,18/7/2021,2
10225,41,46495,54,Female,HR,24/8/2023,1
10226,,0,61,Male,Operations,28/2/2020,3
10227,50,22304,10,Female,Marketing,30/12/2020,*
10228, ,44532,63,Female,Finance,13/11/2023,5
10229,18,22448,78,Female,,28/1/2021,
10230,*,9158,18,Female,Operations,18/10/2020,3
10231,45,33321,93,Male,Marketing,10/10/2023,2
10232,52,34610,28,*,IT,5/10/2024,4
10233,46,51779,43,Male, ,4/8/2024,4
10234,47,*,68,Male,IT,22/3/2021,3
10235,41,25620,10,Male,NA,17/6/2021,1
10236,30,26425,6,Male,Operations,5/1/2021,1
10237,31,42567,74,Female,HR,28/5/2023,1
10238,34,39004,70,Male,Sales,10/5/2023,3
10239,34,30711, ,*,HR,16/11/2020,3
10240,51,39971,96,Male,Operations,22/8/2023,5
10241,36,35899,52,Female,HR,23/5/2022,5
10242,52,27311,12,Male,NA,21/3/2023,
10243,58,42820,8,Male, ,23/11/2021,*
10244,58,18338,70,Male,HR,24/6/2021,5
10245,59,0,15,Female,HR,14/5/2024,4
10246,26,*,20,Male,HR,7/7/2023,4
10247,*,15687,,Female,Operations,14/6/2024,5
10248,*,30735,44,Male,Sales,7/8/2022,5
10249,55,34595,63,Female,Sales,21/12/2023,4
10250,54,47374,96,Male,Operations,9/4/2023,3
10251,41,-,7,Female,Marketing,12/6/2020,3
10252,59,42231,51,*,Finance,5/10/2020,4
10253,54,19444,88,Male,IT,21/9/2024,4
10254,26,43414,98,Male,*,27/11/2020,2
10255,27,22446,58,Male,Sales,13/4/2020,4
10256,51,33068,86,NA,HR,10/1/2022,4
10257,19,,62,Female,Finance,18/4/2023, 
10258,34,34787,12,Male,Marketing,1/12/2020,1
10259,60,40876,86,Female,Operations,28/10/2023,3
10260,29,35279,*,Female,Sales,21/12/2023,4
10261,19,31211,47,Male,Finance,19/3/2024,1
10262,27,*,79,Male,,4/4/2023,
10263,25,18491,NA,Male,Finance,11/7/2024,4
10264,35,26627,76,Male,Marketing,6/10/2021,2
10265,35,48013,99,Female,Finance,19/9/2022,1
10266,56,37686,21,Male,Sales,30/11/2024,2
10267,56,42671,90,Female,Finance,29/9/2021,5
10268,28,34459,81,Male,Marketing,25/4/2024,5
10269,23,36293,69,*,Sales,11/5/2021,-
10270,39,30346,24,Female, ,28/3/2023,5
10271,48,18078,71,Female,IT,31/8/2022,1
10272,54,41319,26,Female,Finance,14/1/2020,3
10273,31,47313,17,,Sales,24/9/2023,2
10274,57,32833,*,Female,IT,3/2/2022,4
10275,28,28282,87,Female,Sales,21/5/2022,2
10276,41,*,67,Female,-,9/8/2021,3
10277,43,,26,Male,-,2/9/2023,1
10278,36,42624,92,Female,Finance,12/6/2021,4
10279,54,17561,16,Male,HR,28/3/2023,5
10280, ,30076,57,Male,Marketing,14/6/2021,3
10281,53,22938,,Female,IT,21/1/2022,-
10282,49,34862,67,Male,Marketing,17/6/2021,2
10283,38,50754,66,Male,Marketing,5/5/2023,1
10284,48,33027,60,Male,Sales,12/11/2022,4
10285, ,41140,43,Male,Finance,13/4/2022,4
10286,51,30319,100,Male,IT,22/3/2021,2
10287,60,40779,43,Male,HR,7/12/2020,4
10288,45,28879,13,Male,Finance,18/11/2021,1
10289,41,33393,*,Female,IT,9/11/2020,2
10290,34,32347,0,Male,Operations,25/6/2024,4
10291,34, ,79,Male,Sales,23/11/2020,1
10292,49,NA,75,Male,Sales,10/4/2024,3
10293,18,28152,92,Male,Marketing,7/10/2021,2
10294,19,45368,53,Male,Marketing,29/6/2021,4
10295,33,-,59,Female,Sales,15/7/2021,5
10296,57,22591,81,Male,Operations,10/4/2024,4
10297,44,31979,55,Female,*,21/1/2023,*
10298,22,40470,91,Female,IT,8/8/2020,4
10299,50,42168,-,Female,Operations,4/5/2022,2
10300, ,29437,94,Male,Finance,24/5/2021,1
10301,50,49076,-,Female,HR,23/9/2021,4
10302,35,40698,71,NA,*,9/12/2022,5
10303,34,36823,41,Male,IT,2/9/2022,1
10304,27,77350,64,Male,Finance,25/5/2023,3
10305,27,32318,31,Male,Operations,5/1/2020,3
10306,57,23412,99,Male,*,20/5/2023,
10307,29,39942,95,Female,Sales,30/8/2022,1
10308,38,15410,25,Male,Operations,1/6/2021,2
10309,37,38458,24,Male,Sales,24/4/2021,5
10310,62,50078,51,Male,IT,18/11/2024,3
10311,31,29592,*,Male,IT,26/11/2020,5
10312,46,35822,29,Female,HR,16/6/2021,3
10313,62,42619,97,Female,Finance,13/3/2023,*
10314,30,22488,48,Female,Marketing,23/8/2022,2
10315,40,15651, ,Male,HR,15/6/2020,4
10316,60,52046,84,Male,IT,13/9/2022,4
10317,61,50597,6,Male,Operations,10/9/2020,2
10318,52,29265,16,Male,IT,4/6/2024,4
10319,18,46395,41,Male,,30/7/2022,NA
10320,45,52801,NA,Female,Operations,20/9/2022,1
10321,21,20906,-,NA,HR,19/4/2023,1
10322,37,*,21,Female,Finance,13/4/2021,4
10323,57,25221,14,Female,Operations,22/3/2020,3
10324,44,41993,6,Male,IT,5/1/2023,-
10325,59,41761,29,Male,Operations,6/10/2023,NA
10326,28,11096,37,Female,Sales,31/1/2023,3
10327,48,31530,0,Male,IT,6/10/2022,3
10328,54,25777,13,Male,IT,29/2/2020,1
10329,44,*,9,Male,Operations,4/6/2024,1
10330,36,36576,39,Female,NA,3/8/2023,5
10331,57,29988,NA,Female,Operations,14/2/2020,5
10332,63,34961,,Male,Marketing,19/12/2021,1
10333,35,37407,94,Male,Sales,7/8/2021,
10334,53,40665,38,-,HR,15/2/2023,3
10335,,29014,76,Male,IT,11/2/2023,3
10336,49,38971,0,Female,Marketing,18/11/2021,1
10337,46,54391,84,Female,HR,1/2/2021,4
10338,23,,77,NA,IT,4/9/2022,
10339,48,30838,49,Female,,12/12/2020,4
10340,62,30236,37,Female,HR,30/6/2020,2
10341,50,-,34,Female,Finance,1/11/2023,5
10342,46,28052,26,Male,HR,14/9/2021,2
10343,31,46736,96,,IT,7/5/2023,5
10344,46,28482,*,Female,IT,9/8/2021,2
10345,37,59712,64,Male,NA,13/5/2024,4
10346,32,-,66,Female,HR,5/6/2020,5
10347,27,43423, ,Male,Operations,14/4/2020,3
10348,32,36770,19,Male,Finance,13/3/2020,2
10349,48,29807,87,Female,Marketing,28/8/2022,4
10350,19,54762,30,Male,Finance,1/10/2021,5
10351,23,25040,47,Male,Sales,6/1/2020,3
10352,54,31318,,Female,Marketing,9/7/2021,5
10353,61,25067,9,Female,Marketing,31/8/2020,1
10354,52,44068,90,Female,Marketing,9/5/2020,4
10355,44,50131,*,Female,Marketing,11/3/2022,5
10356,58,36041,0,Female,Finance,28/1/2023,4
10357,44,39237,19,Female,HR,22/5/2023,5
10358,43,NA,64,*,Sales,17/11/2024,NA
10359,49,*,48,Female,Marketing,5/1/2023,3
10360,41,-1478,18,Female,Marketing,25/3/2023,1
10361,63,26593, ,Male,IT,31/5/2024,3
10362,34,21510,91,Male,Sales,26/11/2021,5
10363,21,41551, ,Female,Sales,27/11/2020,-
10364,44,25662,80,Male,Finance,22/9/2023,3
10365,26,57894,8,Female,Marketing,25/9/2022,5
10366,25,33282,19,Female,Operations,27/2/2022,4
10367,40,22458,63,Male,HR,24/4/2021,5
10368,56,45049,95,Male,IT,6/9/2024, 
10369,60,32901,39,Male,Finance,15/9/2021,3
10370,24,,38,Female,Operations,8/11/2020,NA
10371,62,14156,7,Female,Operations,30/9/2020,5
10372,30,60867,55,Female,HR,16/8/2023,3
10373,21,*,3,Male,IT,19/10/2022,4
10374,23,15581,94,Female,Marketing,27/4/2020,3
10375,23,32867,50,Male, ,12/10/2024,2
10376,47,34576,70,Female,-,26/1/2022,5
10377,43,51477,61,Female,Operations,10/4/2021,1
10378,53,37845,12, ,Operations,17/12/2022,2
10379,-,29234,57,Male,Finance,9/1/2020,1
10380,45,44455,NA,Male,Marketing,9/2/2022,2
10381,33,22752,41,Male,*,4/6/2023,3
10382, ,20884,56,Male,NA,15/1/2023,4
10383,62,54675,30,Female,Sales,29/4/2021,2
10384,50,34305,-,Female,Finance,21/5/2021,5
10385,53,42059,88,-,IT,30/9/2022,5
10386,47,27276,93,Male,Sales,2/8/2021,4
10387,*,26894,17,Female,Sales,27/3/2023,3
10388,26,9582,39,Female,Sales,3/10/2020,2
10389,62,43823,64,Male,HR,12/7/2024,4
10390,42,35622,29,Male,Sales,28/1/2023,5
10391,22,24628,60,Male,Operations,14/7/2024,5
10392,31,13013,75,Female,Sales,26/8/2024,3
10393,24,NA,40, ,Marketing,28/12/2020,3
10394,*,31322,91,Female,Marketing,9/3/2020,2
10395,47,21032,31,NA,IT,8/12/2022,4
10396,29,39623,72, ,Sales,25/2/2021,5
10397,*,46817,45,Male,Marketing,29/8/2024,2
10398,42,45261,19,Male,Finance,8/11/2021,4
10399,37,27385,29,Male,Finance,18/9/2023,2
10400,*,41294,96,Male,*,25/10/2022,5
10401,58,38203,NA,Female,IT,6/3/2022,1
10402,18,31874,89,Female,Marketing,7/10/2021,4
10403,34,24965,98,Male,IT,29/7/2023,1
10404,43,18232,17,Male,Operations,21/11/2021,5
10405,18,18321,30,Male,Operations,3/8/2024,5
10406,48, ,26,Female,HR,31/8/2020,3
10407,46,60059,14,Male,Sales,21/6/2023,3
10408,61,23286,3,Female,HR,30/7/2024,4
10409,42,25651,91,Female,Finance,3/7/2022,
10410,NA,*,55,Female,Marketing,29/9/2021,2
10411,44,37102,23,Male,NA,4/7/2022,4
10412,20,47591,0,Male,Finance,16/4/2024,3
10413,23,,26, ,Sales,20/6/2024,1
10414,22,17284,28,Female,Sales,17/9/2022,5
10415,27,32826,86,Male, ,4/6/2021,4
10416,*,34268,16,Female,Finance,20/3/2024,4
10417,55,40309,62,*,Sales,31/10/2023,1
10418,55,41347,16,Female,Marketing,29/9/2022,2
10419,32,44412,63,Male,IT,6/11/2022,1
10420,33,0,92,Female,Operations,13/3/2020,3
10421, ,40274,79,-,Finance,21/9/2023,4
10422,43,46227,4,Female,IT,28/6/2023,4
10423,36,16521,100,Female,NA,9/3/2024,4
10424,64,37401,29,Female,Marketing,7/10/2022,2
10425,28,48805,31,Female,*,14/3/2020,3
10426,29,48621,91,Male,IT,28/12/2020,
10427,52,49566,8,Female,Operations,1/6/2022,4
10428,44,,6,Male,Sales,9/7/2021,5
10429,63,21432,10,Male,Marketing,10/3/2022,5
10430,37,28490,69,Male,IT,23/2/2023,
10431,61,29854,53,Female,Operations,8/2/2021,4
10432,30,28636,,Female,IT,17/4/2020,5
10433,42,33295,34,Female,Operations,14/6/2020,3
10434,34,40017,93,Female,Finance,22/3/2020,NA
10435,40,38179,NA,Male,Sales,13/2/2024,1
10436,44,,74,Male,Sales,17/10/2021,1
10437,21,214899,53,Female,Marketing,29/1/2020,4
10438,22,22973,27,Male,Operations,5/4/2024,2
10439,57,35008,68,Male,Operations,22/5/2024,2
10440,64,32729,61,Male,HR,6/2/2021,2
10441,41,39884,78,Male,Marketing,23/10/2022,3
10442,51,33505,78,Female,HR,4/5/2020,2
10443,35,41042,49,Female,IT,27/9/2022,4
10444,28,43833,55,Female,HR,5/10/2024,5
10445,45,27453, ,Male,Finance,11/2/2022,5
10446,22,16169,87,Female,Sales,3/7/2024,5
10447,44,-,54,Female,IT,7/12/2023,3
10448,*,36354,27,Male, ,6/8/2024,5
10449,35, ,16,Male,Operations,30/9/2024,4
10450,-,37081,17,Male,Sales,18/8/2021,3
10451,48,55046,,Female,IT,16/1/2020,2
10452,36,62235,6,Female,IT,8/9/2020,1
10453,27,34148,18,Male,Finance,1/10/2023,4
10454,62,40450,63,Female,HR,23/10/2021,1
10455,55,44781,44,Female,Finance,12/12/2023,2
10456,26,44042,44,Female,Operations,3/7/2023,2
10457,59,19384,31,Male,HR,21/2/2023,3
10458,21,48474,69,Male,IT,4/4/2021,5
10459,26,30020,94,Female,IT,16/7/2023,5
10460,53,,5,Female,Operations,29/8/2022,3
10461,59,19313,84,Male,IT,29/3/2022,
10462,45,34506,29,Male,Finance,13/7/2020,5
10463,52,41750,46,Male,IT,28/5/2023,3
10464,52,0,90,Female,Finance,28/7/2024,4
10465,39,43718,13,Female,Marketing,27/11/2024,1
10466,44,31670,NA,-,IT,16/9/2021,4
10467,38,34406,66,Male,Marketing,17/12/2020,3
10468,49,53614,55,Female,Operations,29/8/2022,4
10469,31,32878,91,Male,HR,18/10/2022,1
10470,46,0,68,Male,Marketing,31/1/2023,4
10471,44,35370,100,Female,Operations,2/6/2023,NA
10472,57,51679,21,Female,Operations,18/10/2024,3
10473,34,37994,58,Male,Sales,6/3/2022,1
10474,21,37848,-,Female,IT,6/11/2020,1
10475, ,38293,NA,Female, ,8/2/2024,2
10476,57,,0, ,Finance,18/8/2020,1
10477,53,23438,22,Male,Finance,24/2/2023,2
10478,44,19224,29,Female,Marketing,21/8/2022,2
10479,45,33575,68,Female,*,6/7/2024,3
10480,61,0,51,Male,IT,16/12/2022,3
10481,41,35228,20,Male,HR,26/12/2020,4
10482,43,48381,20, ,Finance,19/12/2023,5
10483,51,45813,33,Female,IT,24/1/2020,3
10484,NA,27069,77,Female,Sales,24/10/2022,4
10485,33,44110,41,Female,Operations,9/5/2024,1
10486,37,30943,70,Male,IT,22/1/2021,3
10487,63,18572,98,Male,Operations,8/11/2020,5
10488,26,23627,*,Male,Sales,6/12/2023,3
10489,53,35229,NA,Female,IT,17/5/2023,4
10490,61,23647,83,Female,HR,19/9/2021,1
10491,23,62561,38,Female,Operations,21/12/2020,1
10492,48,46152,52,Male,Sales,17/2/2024,2
10493,,34047,69,Female,-,19/11/2023,5
10494,52,43060,0,Male,IT,21/7/2023,4
10495,59,44926,18,Male,Finance,1/6/2024,1
10496,58,39767,36,Male,Finance,19/1/2021,4
10497,55,46100,50,Female,HR,2/2/2020,3
10498,21,32047,62,Female,IT,7/11/2023,1
10499,23,48304,21, ,HR,28/5/2024,3
10500,28,0,0,Male,Marketing,8/11/2024,1
10501,33,42883,42,Male,IT,21/12/2021,-
10502,55,31185,NA,Male,HR,4/3/2022,1
10503,35,26662,99,Female,Marketing,4/6/2023,2
10504,21,27357,4,Male,IT,28/3/2024,3
10505,33,40240,7,Male,HR,29/7/2022,4
10506,18,,29,-,Operations,26/12/2022,1
10507,21,24918,44,Female,Sales,19/1/2021,1
10508,58,44170,99,Male,Finance,6/2/2021,2
10509,58,45084,58,Male,HR,25/8/2020,3
10510,30,39115,40,Male,Operations,18/3/2021,-
10511,44,33604,84,Male,,13/4/2021,1
10512,45,22589,67,Male,Operations,27/9/2021,1
10513,22,43189,87,Male,IT,14/12/2021,3
10514,55,27985,5,Male,Finance,6/1/2022,3
10515,30,36541,37,Female,IT,14/8/2023,3
10516,22,55104,65,Male,Marketing,23/11/2021,1
10517,58,25980,85,Female,Sales,26/9/2023,3
10518,60,39853,89,Male,Marketing,31/1/2023,5
10519,43,45144,8,Female,Sales,1/7/2024,4
10520,28,32814,75,Female,Sales,19/1/2023,3
10521,44,0,56,Female,Operations,30/10/2023,4
10522,60,33497,86,Female,Sales,31/5/2024,5
10523,63,37038,11,Female,Operations,20/5/2024,4
10524,49,27867,7,Female,Finance,15/9/2023,2
10525,59,27780,100,Female,Sales,30/8/2023,2
10526,23,21019,81,Male,Marketing,9/1/2024,NA
10527,27,35993,NA,-,Marketing,9/10/2023,2
10528,59,41114,76,Female,Operations,11/5/2021, 
10529,61,43112,82,Female,Finance,23/11/2024,5
10530,31,NA,44,Male,Sales,21/12/2022,5
10531,22,36534,79,Female,-,18/3/2024,2
10532,39,51558,99,Female,Operations,25/7/2024,
10533,56,29744,82,Male,NA,14/10/2024,5
10534,39,37503,88,Female,IT,18/5/2021, 
10535,59,42375,77,Male,HR,3/3/2022,5
10536,28,46956,76,Female,Finance,26/8/2021,3
10537,63,53049,79,Female,Finance,7/11/2022,5
10538,49,43155,98,Male,Operations,5/3/2024,4
10539,50,17518,8,Male,Sales,10/9/2021,1
10540,62,36389,62,Female,Finance,19/3/2022,5
10541,44,38497,20,NA,Sales,8/7/2020,5
10542,19,35243,0,Female,Finance,9/2/2020,5
10543,31,34672,28,Male,Marketing,27/6/2022,3
10544,,35063,25,Male,,16/9/2022,2
10545,*,19560,78,Female,Operations,10/4/2021,3
10546,40,34851,18,Male,Sales,16/11/2020,3
10547,63,40889,60,Female,HR,12/3/2024,4
10548,56,49073,68,Male,Operations,19/12/2021,4
10549,22,53767,0,Male,IT,20/1/2020,3
10550,48,40411,44,Female,Sales,23/10/2021,2
10551,42,241559,5,Male,HR,4/10/2021,1
10552,62,33841,78,Male,Operations,27/9/2021,4
10553,52,18217,55,Male,Operations,19/10/2022,1
10554,50,48732,8,Female,*,3/12/2021,5
10555,59,0,20,Female,,13/11/2021,1
10556,64,29436,14,Male, ,24/11/2020,2
10557,57,45494,22,Female,Sales,2/8/2024,3
10558,24,43675,94,Female,Operations,15/5/2020,*
10559,,42836,3,Male,Finance,15/1/2020,3
10560,22,21529,33,Female,NA,23/6/2021,2
10561,54,45754,67,Female,IT,29/1/2022,2
10562,48,26423,8,Female,,12/10/2024,3
10563,58,38765,13,Female,Marketing,24/12/2020,2
10564,22,23473,46,Male,HR,7/8/2021,5
10565,21,27260,0,Male,IT,18/2/2024,4
10566,58,*,40,Female, ,6/12/2023,2
10567,46,38279,38,*,HR,7/7/2023,4
10568,57,18982,64,Female,Sales,31/7/2021,2
10569,58,32470,61,Male,HR,19/7/2021,1
10570,44,41694,84,Female,HR,29/6/2023,1
10571,28,23419,25,Female,Marketing,28/5/2024,2
10572,42,29882,32,Female,Finance,17/3/2021,5
10573,*,21271,37,Female,Marketing,23/5/2022,4
10574,42,41819,59,Female,IT,17/6/2020,3
10575,40,39108,94,Male,HR,30/1/2021,4
10576,18,42180,48,Female,HR,24/10/2022,4
10577,59,28778,91,Male,IT,24/9/2021,3
10578,64,33212,39,Male,IT,13/3/2020,2
10579,20,29678,82,Male, ,18/3/2023,3
10580,62,47555,22,Female,HR,8/4/2023,-
10581,48,48211,63,Female,IT,6/3/2022,2
10582,41,31857,47,,IT,25/3/2024,2
10583,31,27795,48,Female,HR,21/3/2023,5
10584,57,30528,32,Female,Marketing,10/12/2022,4
10585,36,50839,47,Male,Finance,28/4/2024,2
10586,18,53644,79,Male,HR,26/6/2020,1
10587,44,48071,66,Female,Operations,19/1/2020,3
10588,,27194,87,Male,IT,16/1/2020,1
10589,45,NA,45,Female,Sales,13/8/2023,3
10590,53,35812,80,Female,IT,14/2/2023,1
10591,*,*,22,Female,IT,15/6/2020,3
10592,53,31806,31,,Finance,20/2/2024,4
10593,43,17052,29,Female,Operations,5/6/2020,3
10594,54,23585,99,Male,Finance,4/7/2021,4
10595,31,36758,42,Female,Operations,21/1/2023,2
10596,51,15776,92,Male,HR,8/5/2020,5
10597,21,51773,64,Male,NA,16/3/2023,4
10598,53,49517,71,Female,Operations,1/5/2021,-
10599,22,31641,24,Female,HR,14/2/2024,-
10600,46,16529,17,Female,Operations,11/5/2022,5
10601,31,30687,99,Male,NA,16/6/2022,4
10602,28,56243,93,Male,Sales,30/5/2021,2
10603,33,16206,50,Female,IT,14/7/2024,1
10604,45,19528,89,Male,HR,15/3/2021,2
10605,26,48745,68,Female,Finance,9/12/2020,2
10606,19,0,-,Male,NA,23/9/2021,1
10607,21,33142,17,Female,Operations,1/8/2022,5
10608,40,54929,65,Male,IT,5/10/2020,3
10609,18,42633,9,Male,Marketing,11/3/2022,5
10610,58,39160,12,Male,Marketing,10/5/2020,2
10611,21,33451,0,Male,HR,1/2/2024,1
10612,NA,38721,36,Female, ,1/2/2021,2
10613,51,10627,57,Male,HR,23/4/2020,5
10614,44,27376,0,Female,HR,22/8/2021,3
10615,28,0,93,Male,Finance,6/6/2022,2
10616,59,30671,7,Male,Finance,17/7/2022,3
10617,21,40924,74,Female,Operations,21/2/2023,4
10618,22,33902,93,Male,IT,26/1/2021,4
10619,20,39574,,Male,Sales,14/6/2023,2
10620,50,65665,0,Female,Marketing,7/7/2021,5
10621,50,17744,94,Male,Operations,2/9/2021,*
10622,NA,30207,31,Female,Finance,16/11/2024,4
10623,44,35705,71,Female,Marketing,14/7/2022,2
10624,36,37343,62,Male,IT,3/1/2020,2
10625,43,27235,92,Male,IT,16/9/2020,2
10626,29,37883,82,Male,*,19/9/2022,1
10627, ,14092,50,Female,Marketing,18/3/2021,5
10628,32,46616,58,Male,Finance,18/12/2023,4
10629,*,30369,79,Female,Finance,5/1/2024,4
10630,40,47030,99,Female,Finance,21/2/2024,4
10631,49,71458,50,Female,Finance,12/10/2023,2
10632,40,23584,1, ,IT,3/5/2022,4
10633,38,20562,32,Male,Finance,23/7/2023,5
10634,61,55236,53,Female,Finance,9/12/2022,1
10635,61,32224,58,Female,Finance,30/4/2022,5
10636,24,26691,76,Female,HR,8/7/2024,1
10637,22,24093,34,Female,Operations,31/5/2020,5
10638,57,26766,3,Male,Sales,2/9/2021,4
10639,50,33160,46,Male,Sales,20/5/2023,5
10640,35,37593,51,Female,IT,19/12/2020,5
10641,35,20473,10,Female,Operations,28/11/2023,5
10642,39,20543,67,Male,Sales,13/4/2020,1
10643,27,33810,-,Male,IT,5/12/2023,2
10644,30,,19,Male,IT,4/4/2021,3
10645,47,21323,23,Female,IT,9/9/2021,4
10646,39,47418,47,Female,Finance,3/3/2023,1
10647,52,24848,33,Male,Sales,28/5/2023,5
10648,58,43478,32,Male,NA,8/1/2021,4
10649,48,31271,86,Female,Finance,20/10/2021,4
10650,63,10601,39,Female, ,24/5/2023,1
10651,*,27828,63,Female,Operations,18/7/2024,2
10652,49,44763,56,Female,HR,10/7/2022,3
10653,25,45686,*,Male,*,17/4/2022,2
10654,64,39724,0,Male,Finance,27/8/2022,2
10655,-, ,52,Male,IT,15/2/2022,2
10656,NA,41696,44,Male,HR,2/8/2021,3
10657,64,26666,39,Female,Finance,28/10/2021,4
10658,53,7090,43,Female,HR,24/12/2022,5
10659,50,43698,66,Female,Sales,5/8/2023,3
10660,28,NA,47,NA,IT,28/3/2024,4
10661,40, ,28,Female,Sales,10/9/2023,4
10662,33,36585,*,Male,Operations,4/7/2023,2
10663,18,47304,51,Female,HR,20/10/2024,2
10664,49,38920,98,Male,Marketing,13/4/2022,5
10665,42,46087,74,Female,Sales,16/10/2021,5
10666,35,42803,59,Male,IT,15/10/2021,3
10667,44,44162,47,Male,Finance,4/7/2020,1
10668,53,14713,38,Female,HR,5/9/2023,2
10669,42,32027,42,Female,IT,12/1/2020,4
10670,30,55356,97,Female,Marketing,8/9/2023,3
10671,37,30786,81,Female,Finance,29/12/2020,1
10672,49,39944,68,Female,Sales,11/3/2021,2
10673,58,32381,5,Male,Operations,30/3/2024,1
10674,57,37784,0,Female,,20/9/2021,3
10675,55, ,0,,Sales,29/10/2023,1
10676,46,29491,16,Male,HR,2/2/2020,4
10677,49,21290,34,Male,Finance,26/3/2020,3
10678,46,57163,16,Male,IT,16/4/2024,1
10679, ,6847,27,Male,Operations,7/10/2022,*
10680,43,47454,67,Female,IT,4/2/2024,1
10681,29,26085,1,Male,HR,25/11/2021,1
10682,29,43511,0,Male,IT,6/4/2023,5
10683,20,45233,55,Female,IT,28/4/2022,5
10684,29,39227,83,Male,Operations,15/7/2021,2
10685,63,25401,58,Female,Operations,11/6/2021,4
10686,60,43742,62,Female,HR,10/6/2020,4
10687,,40160,8,Male,Finance,5/6/2020,2
10688,58,0,27,Female,-,11/1/2022,5
10689,42,30562,71,Female,Finance,20/10/2022, 
10690,55,31418,73,Male,Sales,9/8/2020,5
10691,52,0,95,Female,Finance,7/6/2021,2
10692,37,19110,86,Female,Marketing,1/1/2020,5
10693,55,12288,71,Female,Marketing,15/7/2021,3
10694,43,36802,50,Male,Finance,11/8/2020,5
10695,45,31371,,Female,IT,12/6/2023,3
10696,59,37528,NA,Male,Marketing,21/3/2023,1
10697,64,42929,12,Male,HR,7/4/2020,4
10698,27,25964,51,Male,IT,1/2/2021,3
10699,60,25209,32,Female,Sales,24/8/2021,1
10700,27,36036,0,NA,Sales,26/6/2021,4
10701,34,32310,23,*,Sales,13/4/2020,3
10702,22,20818,71,NA,Finance,18/12/2022,1
10703,,44828,39,Female,Operations,23/2/2022,4
10704,53,-,64,Female,Sales,30/5/2020,5
10705,49,41161,74,Female,HR,10/11/2023,4
10706,28,12084,7,Male,Marketing,11/11/2024,4
10707,56,34121,10,Female,Operations,22/12/2022,1
10708,NA,27442,67,Male,Finance,21/5/2023,
10709,18,15854,78,Male,Marketing,8/4/2023,2
10710,36,54342,25,Female,Sales,27/8/2020,3
10711,36,38633,24,Male,Operations,23/4/2021,5
10712,41,38213,27,Male,Finance,30/7/2022,2
10713,42,-,97,NA,Marketing,25/2/2022,1
10714,20,26266,84,Male,-,3/3/2023,2
10715,51,38693,64,Male,IT,9/6/2020,4
10716,58,45874,47,Male,NA,12/7/2022,4
10717,40,16178,83,Female,IT,26/10/2022,3
10718,63,32368,79,Female,Marketing,19/1/2020,5
10719,40,50977,*,Male,Marketing,21/12/2022,2
10720,33,48234,75,Male,Sales,5/9/2023,2
10721,61,29807,66,NA,Marketing,17/7/2023,*
10722,33,53968,100,Female,IT,27/11/2023,4
10723,46,35676,48,Male,Marketing,12/9/2022,4
10724,54,36601,92,Female,Finance,14/8/2024,
10725,50,48483,95,NA,Operations,26/6/2020,NA
10726,48,40243,43,Female,Sales,12/9/2023,1
10727, ,33414,37,Female,Finance,26/1/2022,1
10728,53,41740,56,Female,Sales,22/2/2023,2
10729,18,35050,0,Male,Finance,20/7/2022,3
10730,-,43635,1,Male,Finance,19/3/2022,3
10731,43,0,-,Female,Sales,24/8/2022,1
10732,49,57246,33,*,HR,2/2/2024,3
10733,58,35286,82,Female,Marketing,3/12/2024,2
10734,36,39271,1,*,IT,25/11/2023,2
10735,-,53279,37,NA,HR,14/9/2023,1
10736,31,38202,21,Male, ,9/3/2022,5
10737,46,50306,28,Female,HR,30/5/2022,5
10738,59,20201,71,Female,HR,13/3/2022,5
10739,30,56101,43,Male,Finance,14/4/2020,4
10740,60,42170,55,Female,HR,20/12/2020,3
10741,55,0,4,Female,Sales,3/11/2024,2
10742,56, ,52,Male,Operations,23/8/2021,2
10743,18,21469,27,Male,HR,6/3/2022,3
10744,50,37521,63,Female,IT,12/4/2023,1
10745,55,24745,68,Male,Marketing,24/11/2022,5
10746,31,31650,58, ,*,10/10/2023,5
10747,57,-,47,Female,IT,13/5/2022,
10748,24, ,92,Male,Sales,9/7/2021,3
10749,19,34598,85,Male,IT,9/5/2022,4
10750,42,59320,83,Female,Finance,27/1/2022,1
10751,NA,38784,34,Male,Operations,13/7/2020,3
10752,63,56214,53,NA,Finance,15/7/2024,2
10753,25,10235,11,Female,Finance,2/2/2022,2
10754,36,29824,31,Male,Marketing,5/10/2020,2
10755,43,64859,0,Male,IT,18/10/2024,1
10756,58,30766,87,Male,Finance,12/7/2024,2
10757,54,37228,,Male,Marketing,26/8/2022,2
10758,19,30027,69,Female,Operations,7/10/2020,4
10759,22,45479,41,Male,-,11/11/2020,1
10760,59,23581,76,Female,Sales,23/9/2020,3
10761,55,48911,46,Male,IT,30/10/2022,5
10762,30,43399,80,Male,Finance,22/11/2020,3
10763,33,9156,67,,Finance,2/12/2021,4
10764,49,29210,80,Male,IT,12/3/2020,
10765,54,36984,67,Male, ,3/11/2024,2
10766,32,48917,74,Female,Sales,9/4/2021,2
10767,,53722,97,Female,IT,18/6/2023,2
10768,19,28055,71,Female,Finance,3/8/2024,4
10769,28,28237,78,Male,HR,16/5/2020,3
10770,35,44709,21,Male,IT,11/10/2023,5
10771,49,47680,31,NA,HR,22/6/2023,2
10772,39,39916,29,Male,HR,23/7/2023,4
10773,40,41484,55,-,IT,6/9/2021,1
10774,40,60288,56,Female,Marketing,18/6/2020,4
10775,NA,27253,,NA,Sales,15/12/2021,1
10776,45,57240,1,Female,Finance,7/9/2022,3
10777,*,4879,83,Female,Operations,18/9/2024,3
10778,55,39367,18,Female,Finance,25/4/2021,2
10779,35,27867,34,Female,Marketing,22/6/2023,5
10780,24,36176,2,Male,,21/7/2022, 
10781,34,49962,46,Female,Operations,9/4/2020,3
10782,62,25278,11,Female,Marketing,1/11/2022,2
10783,42,28716,32,Female,Finance,27/11/2023,*
10784,60,45182,70,Female,Marketing,21/12/2022,1
10785,50,37508,6,Male,-,14/2/2022,4
10786,26,42675,75,Male,Sales,16/10/2021,-
10787,46,5291,52,Female,Sales,21/11/2021,5
10788,34,50613,80,Male,IT,9/12/2023,2
10789,59,38257,73,Female,*,30/5/2022,2
10790,18,49736,16,Male, ,17/7/2022,1
10791,42,42390,NA,Male,Operations,7/7/2020,4
10792,36,5108,NA,Male,Sales,10/4/2022,4
10793,49,22797,14,Female,Marketing,20/6/2022,5
10794,38,48346,40,,Marketing,29/10/2024,4
10795,56,23050,31,-,HR,26/7/2021,1
10796,63,20940,30,Male,Sales,23/7/2024,1
10797,48,25217,0,Female,Sales,28/3/2023,1
10798,25,19811,21,-,Marketing,14/6/2021,1
10799,31,20384,48,Male,Marketing,10/6/2020,2
10800,63,35379,22,Male,HR,26/7/2020,2
10801,35,29378,0,NA,*,27/12/2023,
10802,60,22347,37,Female,Marketing,16/8/2023,3
10803,56,40488,45,Male,Operations,15/4/2021,2
10804,59,35815,90,Female,Marketing,19/8/2022,3
10805,31,49512,72,Male,Finance,8/2/2020,1
10806,,51606,32,,Marketing,23/5/2022, 
10807,34,29222,40,Female,IT,28/8/2024,5
10808,24,40706,70,Male,IT,18/7/2022,4
10809,42,32883,,Male,IT,20/5/2022,5
10810, ,37432,84,Male,Finance,1/8/2023,2
10811,25,5649,99,Female,HR,28/10/2022,5
10812,*,55439,25,Female,Sales,4/3/2020,3
10813,54,*, ,Male,HR,9/9/2023,1
10814,49,,70,,Marketing,2/6/2024,3
10815,36,29825,39,-,Finance,18/7/2023,2
10816,23,*,89,*,Operations,6/7/2024,1
10817,59,28937,24,Male,Marketing,13/2/2024,2
10818,33,47424,92,Male,IT,30/11/2024,
10819,47, ,52,Male,IT,24/4/2022,4
10820,32,48307,47,Female,Sales,18/10/2021,1
10821,40,32486, ,Male,Operations,11/5/2024,4
10822,56,11813,46,Male,Sales,26/8/2021,2
10823,49,37870,*,Female,Finance,6/1/2024, 
10824,29,22472,69,Male,IT,22/9/2020,1
10825,50,37124,73,Female,IT,1/12/2023,2
10826,18,,72,Male,Marketing,24/2/2020,4
10827,50,0,45,Male,NA,9/4/2023,1
10828,33,31384,15,Male,Sales,4/1/2023,2
10829,62,47000,41,Male,Finance,31/12/2022,1
10830,27,54105,*,Female,IT,10/2/2024,5
10831,38,34109,7,Male,Finance,14/5/2022,2
10832,26,48627,3,*,Finance,14/7/2024,2
10833,59,18053,74,Female,HR,9/5/2021,1
10834,21,37805,63,Female,Finance,15/8/2021,3
10835,24,36605,0,Female,Sales,1/7/2022,5
10836,29,1450,78,Male,Finance,9/10/2020,4
10837,31,29032,37,Female,Operations,15/9/2023,
10838,49,10572,69,Female,-,28/11/2024,5
10839,58,34847,74,Male,HR,19/2/2023,1
10840,51,0,11,Male,Operations,13/7/2020,1
10841,50,32870,91,Female,Sales,7/4/2021,1
10842,61,47064,67,Male,IT,30/3/2020,4
10843,32,29240,94,Male,Finance,1/5/2021,4
10844,39,41412,50,Male,HR,23/4/2020,1
10845,44,18971,84,Male,Sales,6/4/2023,3
10846,21,31335,28,Female,Finance,27/2/2021,3
10847,31,27893,0,Female, ,30/12/2023,2
10848,45,14899,19,Female,Marketing,20/2/2022,2
10849,22,30144,99,Male,NA,15/1/2021,1
10850,49,52719,91,Female,IT,9/4/2023,1
10851,34,38038,55,Female,Sales,30/3/2021,3
10852,*,37008,99,Male,Operations,31/1/2020,-
10853,46,40481,15,Female,Marketing,10/11/2020,4
10854,58,63511,86,Male,*,9/5/2020,*
10855,59,264234,11,Female, ,14/5/2023,2
10856,36,36269,-,*,Operations,26/6/2020,2
10857,19,48776, ,Female,IT,21/2/2023,2
10858, ,9290,21,Male,IT,12/11/2024,3
10859,50,0,4,Female,NA,23/10/2022,5
10860,60,20506,*,Male,Sales,29/5/2021,5
10861,24,22377,93,Female,IT,26/1/2023,3
10862,40,57354,77,Male,HR,20/9/2020,3
10863,32,*,47,Male,HR,7/6/2024,
10864,NA, ,98,Female,Marketing,3/4/2022,5
10865,47,25044,49,Female, ,10/11/2023,3
10866,NA,45941,78,Female,Marketing,9/12/2021,2
10867,40,32260,13,Female,HR,12/7/2022,4
10868,18,64367,33,Male,Operations,30/10/2022,NA
10869,24,-,68,*,HR,19/5/2021,3
10870,49,43284,,Male,NA,22/8/2022,3
10871,28,37495,80,Male,Operations,15/5/2023,5
10872,40,48260,31,Male,Finance,5/3/2022,4
10873,35,35913, ,Male,HR,10/6/2022,-
10874,-,27928,18,Female,-,24/4/2024,3
10875,27,16920,0,Female,Finance,13/2/2021,1
10876,NA,12925,99,Female,IT,11/4/2022,2
10877,,35729,91, ,Sales,3/9/2021,1
10878,34,20384,75,Male,IT,25/3/2024,4
10879,39,33308,*,Female,HR,3/12/2022,2
10880,42,51358,33,Male,Operations,8/1/2021,2
10881,62,30126,35,Female,Marketing,12/5/2020,5
10882,33,27161,,Female,Finance,2/5/2023,4
10883,54,28157,29,Female,Finance,27/8/2022,1
10884,50,28525,64,Female,HR,24/1/2024,4
10885,26,24319,12,Male,,18/4/2021,*
10886,-,*,30,Female,Marketing,31/1/2024,4
10887,37,42858,34,Male,Operations,25/9/2020,
10888,46,,87,Male,Sales,7/11/2021,5
10889,24,*,13,Male,Marketing,17/5/2020,-
10890,61,0,0,Male,Sales,30/8/2024,
10891,33,19517,34,Male,Sales,3/3/2021,NA
10892,53,19303,86,Female, ,9/7/2020,4
10893,31,21434,7,Female,Sales,9/2/2023,2
10894,59,37121,59,Male,Finance,22/5/2024,5
10895,42,NA,0,Female,IT,18/2/2020,1
10896,64,47411,97,Female,IT,19/11/2024,NA
10897,57,48828,71,Female,Sales,16/5/2022,3
10898,,48176, ,Male,-,25/9/2024,1
10899,38,19737,84,Female,Sales,21/7/2022,3
10900,56,44940,10,Male,HR,17/1/2020,2
10901,27,45246,19,Male,Finance,30/1/2021,2
10902,*,51462,-,Male,-,25/6/2023,5
10903,28,33277,41,Male,Marketing,28/8/2024, 
10904,61,0,42,Female,Sales,16/11/2024,*
10905,63,38951,29,Female,Sales,30/4/2024,3
10906,*,26491,52,Male,Operations,6/4/2023,2
10907,45,50375,24,*,Finance,28/5/2022,1
10908,45,36589,92, ,HR,27/10/2023,4
10909,31,49926,NA,Male,Marketing,25/5/2020,4
10910,21,47694,63,Female,Operations,9/4/2020,4
10911,48,50572,9,Female,Finance,7/5/2024,NA
10912,60,30024,28,,Finance,2/3/2022,1
10913,34,31382,5,Female,Finance,9/2/2022,2
10914,39,42646,, ,Sales,22/5/2024,4
10915,53,39475,0, ,Sales,20/5/2020,2
10916,19,45790,75,Female,Marketing,13/8/2020,2
10917,NA,25692,71,Female,Finance,29/8/2024,1
10918,48,26532,84,Male,Operations,2/1/2023,2
10919,57,40881,73,Female,Marketing,21/7/2022,4
10920,53,*,NA,Male,Finance,13/8/2023,1
10921,34,35892,52,Female,IT,14/9/2023,4
10922,35,52889,48,Female,Marketing,3/10/2022,1
10923,53,48164,0,Male,IT,12/4/2023,5
10924,44,31741,61,Female,Finance,3/6/2022,1
10925,55,27195,21,Male,Sales,27/5/2022,4
10926,58,0,36,Female,Finance,17/11/2024,5
10927,*,59005,51,Male,Operations,11/10/2023,4
10928,56,29035,28,Female,Operations,4/5/2023,4
10929,50,0,61,Male,Marketing,6/8/2022,4
10930,47,28593,79,Female,Operations,28/1/2023,3
10931,58,-,0,Male,HR,15/2/2023,4
10932,24,49224,-,Male,Finance,4/8/2021,5
10933,32,40608,62,NA,Operations,14/10/2023,5
10934,23,28343,,Female,Operations,2/12/2023, 
10935,23,27939,92,Female,Sales,20/12/2022,*
10936,46,41164,47,Male,Sales,1/1/2021,5
10937,,38836,2,Female,IT,3/4/2023,3
10938,58,41148,84,Male,Operations,14/8/2023,-
10939,35,16023,72,Female,HR,1/2/2023,4
10940,48,26069,36,,IT,24/2/2022,3
10941,37, ,65,Male,Finance,1/1/2020,2
10942,24,24143,97,Male,Marketing,26/5/2020,
10943,44,17349,92,Female,Finance,2/3/2020,4
10944,36,27011,91,Female,Finance,24/10/2024,3
10945,38,60232,94,Male,Finance,6/3/2020,2
10946,19,22962,NA,Female,Sales,16/11/2020,4
10947,18,53377,23,Male,IT,21/9/2021,5
10948,45,48947,62,Male,Sales,9/4/2020,4
10949,53,26664,43,Male,Operations,29/12/2020,3
10950,47,0,0,Male,-,19/4/2020,3
10951,24,43319,57,Male,IT,27/1/2023,2
10952,26,*,42,Female,Operations,9/2/2024,1
10953,35,26856,61,Male,Operations,7/1/2023,3
10954,60,34889,67,Female,IT,5/8/2022,2
10955,44,32117,87,*,Operations,29/10/2021,
10956,49,35639,73,Female,Finance,6/9/2020,1
10957,29,37016,48,Male,NA,29/7/2023,3
10958,58,20944,67,Female,IT,24/9/2023,4
10959,*,15047,92,Female,HR,20/2/2023,5
10960,58,35118,64,Female,Marketing,31/5/2021, 
10961,25,32817, ,Female,Operations,22/2/2020,2
10962,61,48517,96,Male,NA,10/5/2023,3
10963,46,40078,71,Female,Sales,26/3/2020,5
10964,46,,17,Female,IT,13/4/2020,4
10965,55,45085,NA,Female,HR,4/9/2024,5
10966,29,-,49,Female,HR,2/2/2021,3
10967,40,37780,89,Male,Sales,8/10/2023,4
10968,58,35291,49,Male,*,16/11/2023,3
10969,21,46360,92,Male,Sales,10/12/2020,4
10970,-,22926,3,Female,HR,25/8/2023,4
10971,61,49265,54,Male,Sales,1/2/2021,NA
10972,35,0,74,Female,IT,24/9/2022,4
10973,33,8686,13,Male,HR,22/12/2022, 
10974,26,61944,60,,IT,21/8/2024,2
10975,38,30950,-,Female,HR,29/1/2023,1
10976,38,35801,15,Male,Marketing,9/5/2023,1
10977,NA, ,29,Male,HR,5/7/2022,1
10978,60,*,97,Male,Sales,12/3/2024,2
10979,47,*,21,Male,IT,13/1/2021,2
10980,23,NA,52,Female,IT,4/9/2022,2
10981, ,28245,NA,Female,Operations,24/4/2024,3
10982,-,18500,98,,Operations,21/11/2022,2
10983,19,46657,1,Female,Finance,27/5/2021,4
10984,18,NA,63,Female,HR,25/12/2022,NA
10985,25,39335,88,Male,Finance,16/8/2021,4
10986,62,36067,42,Male,-,26/10/2023,3
10987,21,35047,77,Female,Finance,9/12/2022,5
10988,20,34290,56,Male,HR,16/1/2021,3
10989,35,15757,50,Male,Sales,11/5/2022,5
10990,*,24254,21,Male,-,14/12/2020,1
10991,22,36951,50,Male,Marketing,1/3/2021,4
10992,43,49145,*,NA,Finance,26/1/2023,5
10993,37,38970,66,Female,HR,3/9/2021,4
10994,24,35457,31,Male,Operations,14/7/2020,2
10995,61,36506,82,Male,IT,13/4/2020,2
10996,64,19720,79,Male,Sales,30/12/2022,5
10997,18,57363,27,Female,Marketing,15/6/2023,1
10998,48,21341,79,Female,Operations,10/6/2020,2
10999,41,44487,58,Male,Finance,19/5/2020,-
11000,27,31838,-,Female,Operations,12/7/2020,3
11001,42,37980,95,Female,Sales,4/6/2021,2
11002,46,10990, ,Female,Sales,27/6/2023,4
11003,45,,86,Male,IT,15/3/2024,4
11004,40,,7,Female,IT,2/2/2023,4
11005,57,16540,74,Female,Operations,3/5/2020,3
11006,52,20033,47,-,Finance,4/12/2024,1
11007,60,24842,75,Male,IT,14/8/2020,3
11008,63,25200,96,Female,HR,17/7/2020,4
11009,18,40073,83,Female,Marketing,28/7/2024,2
11010, ,41639,72,Male,Finance,7/11/2024,1
11011,,46598,87,Male,Marketing,30/12/2021,4
11012,61,39739,64,Female,IT,18/4/2024,3
11013,47, ,,Male,IT,16/10/2023,4
11014,25,24398,97,Female,Finance,17/4/2024,2
11015,56,23570,60,Male,Operations,23/10/2023,4
11016,20,25364,NA,Female,Sales,20/11/2020,5
11017,50,14583,11,Female,Operations,23/12/2023,4
11018,20,20117,96,-,Sales,28/1/2023,3
11019,36,31383,24,Male,Marketing,27/10/2021,4
11020,46,48721,79,Female,Operations,27/8/2022,1
11021,51,40829,71,Female,Finance,10/10/2022,5
11022,NA,22974,97,Female,Operations,8/6/2023,3
11023,24,27236,2,Male,IT,27/11/2021,1
11024,34,52471,43,Male,,22/8/2022,1
11025,64,21178,57,Female,IT,25/2/2023,3
11026,60,53197,74,Female,IT,15/9/2023,3
11027,21,31038,1,Female,HR,14/9/2024,4
11028,24,38111,56,Male,HR,26/9/2024,4
11029,58,40904,19,*,Operations,27/3/2024,5
11030,25,38329,41,Female,Sales,22/9/2023,1
11031,43,35719,40,Male,IT,16/1/2023,2
11032,47,44828,NA,Male,-,31/12/2022,3
11033,55,39901,40,Male,NA,11/4/2023,2
11034,60, ,9,Female,Finance,31/3/2020,1
11035,,37262,26,Female,Sales,30/3/2020,NA
11036,50,37715,50,Male,Marketing,29/11/2020,NA
11037,30,39711,76,Male,-,30/1/2020,1
11038,63,42741,82,Female,Finance,13/1/2022,3
11039,40,31759,10,Male,Sales,28/1/2023,3
11040,57,0,55,Female,Finance,19/4/2020,1
11041,37,20746,47,Male,Finance,21/7/2023,5
11042,42,35819,44,-,*,24/5/2024, 
11043,61,-,37,Male,Finance,19/7/2023,3
11044,62,30274,74,Male,Sales,8/10/2022,2
11045,24,41197,77,Male,IT,31/8/2021,3
11046,37,30903,14,Female,NA,1/11/2020,4
11047,24,35909,8,Female,Finance,4/8/2021,3
11048,55,33005,75,*,HR,8/5/2020,5
11049,25,41476,0,Male,Finance,11/5/2021,*
11050,36,25911,46,Female,IT,16/11/2024,2
11051,,31076,29,Female,Operations,26/2/2024,1
11052,*,36371,62,Male,Sales,30/3/2024,4
11053,39,34578,21,*,Sales,7/5/2023,2
11054,29,45546,100,Female,Marketing,2/6/2023,2
11055, , ,78,Female,Marketing,5/10/2023, 
11056,25,20750,74,Female,HR,1/12/2020,3
11057,61,24019,*,Female,Operations,6/7/2024,2
11058,56,15496,96,Female,HR,1/3/2022,5
11059,38,10143,39,Female,Sales,16/7/2021,1
11060,21,57372,37,Female,HR,13/5/2023,4
11061,40,50858,12,Female,Operations,22/8/2023,4
11062,25,0,92,Female,Sales,10/5/2020,1
11063,53,22145,85,NA,Sales,12/1/2021,4
11064,37,31961, ,Female,HR,23/8/2023,4
11065,62,27981,79,Male,HR,30/4/2020,1
11066,38,29729,24,Female,Sales,8/5/2022,3
11067,*,36325,89,Female,IT,4/5/2024,1
11068,49,62459,84,Female,Operations,26/5/2021,2
11069,28,30129,48,Female,Operations,18/1/2020,1
11070,37,31199,59,Male,Sales,27/9/2024,1
11071,44,43496,0,Female,Marketing,24/7/2022,1
11072,62,22989,42,Male,NA,8/8/2024,1
11073,48,42365,81,Male,Operations,18/8/2020,
11074,24,37168,21,Female,IT,22/6/2024,NA
11075,36,33428,,Male,Marketing,1/9/2021,5
11076,62,23699,57,Female,Marketing,9/12/2021,4
11077,55,0,51,-,HR,3/8/2020,4
11078,63,36561,35,Female,HR,10/10/2021,4
11079,20,39127,41,Male,Sales,15/7/2022,2
11080,38,38108,14,Male,IT,15/10/2022,
11081,50,38755,2,Female,,18/2/2023,2
11082,60,42526,47,Male,Marketing,17/10/2021,3
11083,36,31429,97,Female,HR,13/11/2024,5
11084,62,-,87,Male,Sales,5/5/2021,2
11085,51,31696,14,Male,Operations,25/7/2020,2
11086,21,17531,54,Female,HR,28/2/2023,
11087,39,8593,65,Male,Finance,31/1/2023,4
11088,57,-,100,Female,IT,17/10/2024,4
11089,61,41488,39,Female,Finance,15/7/2024,2
11090,45,30735,-,Female,HR,27/6/2024,5
11091,57,36635,50,Male,HR,4/1/2021,NA
11092,27,*,15,Female,Sales,11/1/2022, 
11093,36,34007,29,Female,IT,30/8/2021,1
11094,63,12605,0,Female,IT,11/12/2021, 
11095,24, ,65, ,Sales,20/9/2024,5
11096,20,34526, ,Male,Marketing,5/10/2024,4
11097,24,43465,11,Male,,12/9/2024,4
11098,60,15378,97,Female,IT,1/10/2021,3
11099,47,*,0,Female,Finance,27/1/2023,1
11100,64,38709,85, ,Finance,8/1/2023,5
11101,35,34339,11,Male,IT,4/5/2024,3
11102,22,40497,22,Male,IT,16/12/2020,3
11103,57,32758,0,Female,Marketing,22/2/2021,3
11104,37,49842,82,Female,Sales,10/12/2020,1
11105,62,30131,89,Female,IT,7/3/2021,1
11106,38,35047,12,Male,Sales,19/6/2024, 
11107,56,39957,94,Female,IT,20/7/2024,1
11108,20,37582,32,Male,IT,4/12/2021,5
11109,22,39434,70,Male,Operations,5/7/2022,4
11110,47,58685,86,Male,-,18/4/2022, 
11111,64,21368,13,Male,Finance,30/9/2021,1
11112,*,41609,32, ,Finance,21/7/2023,4
11113,47,42584,96,Female, ,30/3/2023,5
11114,46,24718,25,-,Finance,27/10/2022,3
11115,43,NA,NA,Female,Finance,27/3/2020,NA
11116,20,47473,57,Male,Finance,30/3/2024,5
11117,34,33433,45,Female,Operations,11/3/2020,4
11118,44,*,89,Male,Operations,8/4/2022,5
11119,33,,19,Male,Operations,13/4/2021,1
11120,39,NA,18,Female,Marketing,10/9/2020,5
11121,45,42837,18,Female,HR,17/1/2024,5
11122,36,40923,59,Female,Marketing,13/7/2023,2
11123,64,-,73,Male,Sales,24/6/2023,1
11124,59,32993,25,Female,Marketing,14/5/2023,3
11125,46,23422,38,Male,Finance,12/2/2024,1
11126,59,52176,6,Male,IT,13/8/2021,4
11127,31,36639,40,Female,HR,7/12/2022,-
11128,38,17558,20,Female,Marketing,12/12/2023,1
11129,48,30129,,Male,Sales,2/8/2024,4
11130,59,35330,13,Male,NA,22/12/2021,4
11131,44,59040,49,Female,Operations,4/3/2024,4
11132,53,40434,98,Male,IT,25/8/2023,3
11133,23, ,48,Female,Operations,7/11/2023,1
11134,56,44724,16,Female,IT,3/1/2023,2
11135,49,26244,19,Male,IT,27/3/2024,3
11136,52,18808,*,Female,Sales,10/11/2023,2
11137,46,37476,100,Male,Sales,16/7/2021,5
11138,25,45329,40,Female,Marketing,17/12/2021,2
11139,19,32376,98,Male,NA,4/10/2022,2
11140,61,18471,31,Male,*,22/3/2022,3
11141,49,46291,94,Male,Sales,1/10/2020,2
11142,32,24660,72,Male,*,26/7/2023,-
11143,56, ,83,Male,Marketing,19/9/2022,5
11144,25,58896,NA,Female,HR,7/1/2020,4
11145,62,,3,Male,Marketing,28/12/2023,3
11146,62,15074,4,Male,Operations,19/4/2021,4
11147,57,*,26,Female,HR,30/9/2021,3
11148,53,58762,82,Female,Operations,3/12/2024,3
11149,51,29304,88,Female,Finance,23/2/2024,4
11150,48,39877,80,Female,HR,3/12/2024,4
11151,64,37760,18,Female,Marketing,19/9/2023,NA
11152,29,34709,80,Male,,4/1/2022,3
11153,27,48576,81,NA,Operations,6/11/2021,5
11154,61,34470,89,*,NA,7/5/2022,1
11155,57,24412,-,Female,Operations,14/10/2023,4
11156,28,22961,74,Female,Finance,16/6/2020,
11157,50,35735,*,*,Marketing,31/12/2023,3
11158,60,,44,Male, ,4/5/2022,4
11159,52,54326,95,Male,Sales,18/5/2021,1
11160,52,28577,17, ,Sales,23/5/2023,4
11161,20, ,57,Female,Operations,5/11/2020,1
11162,54,36259,71, ,IT,16/5/2022,3
11163,40,44398,90,*,Finance,27/11/2023,2
11164,-,31567,94,Female,IT,1/5/2022,2
11165,18,42120,78,-,IT,4/1/2024,4
11166,32,,70,Female,Sales,17/8/2024,3
11167,21,36886,14,Female,,20/12/2021,1
11168,25,27172,8,Female,Operations,28/6/2024,5
11169,38,8539,66,,HR,30/8/2022,3
11170,42,43158,9,Female,Finance,13/11/2021,5
11171, ,32210,99,Female,Finance,9/11/2020,2
11172,24,20718,59,Female,Marketing,4/11/2020,5
11173,56,44685,74,Female,HR,17/7/2021,2
11174,32,26428,2,Female,IT,19/4/2021,4
11175,40,34277,16,Female,Marketing,14/12/2020,5
11176,64,14643,71,Male,Sales,9/2/2021,3
11177,*,21842,93,Male,Operations,5/6/2024,4
11178,64,19134,32,Female,*,4/9/2023,4
11179,54,48436,0,Male,Operations,17/12/2023,1
11180,45,23151,9,Male,IT,23/2/2020,5
11181,29,44516,61,*,,5/4/2021,1
11182,62,17405,92,Female,Sales,9/8/2024,3
11183,60,34215,15,NA,Finance,14/8/2020,1
11184,32,38044,13,Female,Operations,4/10/2023,5
11185,-,19377,-,Male,Finance,16/10/2020,5
11186,33,54200,57,Female,Marketing,24/4/2023,2
11187,33,56501,63,Male,Sales,17/2/2020,3
11188,41,13860,72,Female,Operations,21/8/2020,2
11189,48,,25,Female,IT,8/8/2022,-
11190,NA,24274,45,*,IT,4/9/2021,3
11191,21,41667,49,Male,IT,31/7/2021,4
11192,37,40974,74,Female,IT,30/3/2024,2
11193,59,,*,Female,Sales,10/3/2020, 
11194,34,39391,15,Male,Marketing,26/5/2022,5
11195,24,26548,49,Male,-,7/3/2021,3
11196,55,37823,81,Female, ,25/11/2022,5
11197,60,45056,21,-,HR,28/6/2022,1
11198,18,21071,15,Female,Operations,28/8/2021,2
11199,33,59717,13,Female,Operations,21/3/2021,
11200,44,30013,8,Female,Operations,1/11/2024,4
11201,60,21234,72,Male,,23/4/2020,3
11202,*,29346,39,Male,Sales,11/11/2020,5
11203,33,29220,80,Male,Sales,28/5/2024,3
11204,47,13010,1,Female,Sales,7/6/2021,4
11205,19,22669,70,Male,Marketing,6/8/2021,5
11206,37,42236,80,Female,Marketing,11/10/2022,3
11207, ,43444,1,Female,Marketing,14/9/2023,3
11208,49,48956,*,Female,Sales,20/10/2024,3
11209,33,44927,10,Female,IT,26/4/2021,5
11210,36,35477,41,Female,HR,15/6/2021,2
11211,58,*,35,Male,HR,24/8/2023,3
11212,28,37796,62,Male,Operations,23/4/2024,4
11213,51,25052,68,Female,Operations,27/5/2021,3
11214,18,41896,57,Male,IT,6/12/2022,1
11215,,42161,75,Male,Finance,17/5/2024,4
11216,28,46066,9,Male,-,19/1/2022,2
11217,44,26415,6,Male,Sales,13/12/2022,3
11218,-,41072,100,Male,Operations,19/11/2022,5
11219,35,23925,40,Male,Sales,1/12/2021,5
11220,57,17077,45,Male,Marketing,9/1/2024,5
11221,*,44949,25,Female,Operations,7/6/2022,3
11222,24,38837,39,Female,Finance,27/12/2022,1
11223,27,22329,39,Female,Marketing,27/8/2023,1
11224,57,43731,72,Male,Sales,26/5/2022,3
11225,49,57246,23,Male,Operations,16/8/2021,3
11226,27,46033,93,Male,Sales,9/1/2022,4
11227,34,27151,45,Female,HR,15/8/2021,1
11228,37,32490,56,Female,IT,18/11/2024,2
11229,29, ,0,Male,IT,8/1/2023,NA
11230,51,29074,2,Female,IT,6/9/2024,1
11231,39,46144,54,Female,Sales,9/7/2022,3
11232,41,43486,71,NA,Finance,8/2/2022,
11233,63,27495,,Male,Marketing,21/1/2021,4
11234,46,32505,*,*,Marketing,4/5/2022,-
11235,47,33598,50,Male,Sales,2/7/2020,2
11236,NA,,21,Male,Operations,24/1/2024,1
11237, ,0,0,Male,IT,1/3/2020,1
11238,31,30785,59,Female,IT,9/7/2023,4
11239,25,59169,63,,Finance,17/6/2020,3
11240,44,38136,39,Female,IT,29/9/2024,3
11241,,40402,18,Male,Marketing,6/11/2022,2
11242,46,21206,77,Female,Marketing,8/12/2021,3
11243,36,43027,30,Male,IT,17/11/2023,5
11244,21,53160,31,Female,IT,28/2/2021,4
11245,NA,59357,78,-,HR,8/7/2020,
11246,26,26558,60,Female,Marketing,18/4/2023,2
11247,54,24614,5,Female,Operations,10/10/2021,4
11248,21,48680,78,Male,Sales,9/8/2021,2
11249,45,38958,*,Female,Operations,25/10/2022,1
11250,46,46592,95,Male,Sales,23/11/2020,4
11251,25,33563,40,Female,Marketing,5/3/2024,1
11252,24,29806,95,Female,Sales,4/3/2021,4
11253,57,31661,2,Female,Marketing,15/2/2024,
11254,20,25332,7,Female,Operations,5/9/2024,2
11255,43,40656,65,Female,Marketing,25/9/2022,2
11256,38,33600,35,Female,HR,17/8/2022,2
11257,59,48327,90,Male,IT,17/7/2024,5
11258,31,50042,NA,Female,IT,1/7/2024,1
11259,54,28994,53,Female,Operations,22/10/2021,1
11260,NA,0,34,Male,Finance,12/5/2020,2
11261,61,40332,52,Male,IT,17/2/2021,5
11262,31,31424,61,Female,Marketing,4/12/2023,1
11263,36,20148,83,Male,HR,5/3/2022,4
11264,21,24045,-,Female,HR,22/9/2022,4
11265,47,52041,*,Female,HR,12/11/2020,3
11266,55,0,0,Male,Sales,20/6/2021,5
11267,59,22154,NA,Female,HR,8/5/2024,NA
11268,24,30045,80,Female,IT,8/5/2020,5
11269,57,49509,81,Female,HR,29/1/2023,5
11270,,42500,50,Female,Operations,30/3/2024,2
11271,26,0,3,Female,Operations,10/10/2020,NA
11272,*,33864, ,Female,HR,17/9/2022,3
11273,38,22089,11,Female,-,18/7/2020,3
11274,35,49275,99,Male,Marketing,21/3/2021,2
11275,27,41903,19,Female,Finance,21/12/2020,3
11276,58,48506,41,Male,Marketing,24/1/2024,4
11277,30,42881,27,Male,Operations,27/6/2023,5
11278,30,18269,27,Male,Sales,16/5/2024,5
11279,20,42485,27,Male,Finance,23/5/2024,4
11280,63, ,-,Male,Operations,21/9/2023,4
11281,44,0,NA,Male,Finance,28/1/2020,3
11282,20,58003,49,Female,Finance,22/5/2024,1
11283,31,26618,67,Male,Finance,29/7/2023,2
11284,61,24999,92,Male,Marketing,11/9/2020, 
11285,37,41000,*,Female,Sales,24/12/2021,4
11286,49,35715,67,Male,IT,12/9/2022,1
11287,30,44281, ,Female,,12/8/2021,2
11288,27,40050,67,Female,Operations,22/8/2021,5
11289,-,43926,75,Male,Finance,28/1/2023,5
11290,63,15126,17,Female,Sales,4/4/2020,3
11291,19,54923,60,Female,IT,7/2/2023,4
11292,32,40611,37,Female,Marketing,11/8/2021,
11293,26,30250,92,Male,Sales,26/2/2024,
11294,33,34003,26,Male,Operations,7/4/2024,5
11295,49,38757,25,Female,Finance,24/5/2024,5
11296,21,24402,95,Male,,12/2/2024,4
11297,25,43267,68,Male,Finance,20/9/2020,5
11298,49,50825,,,HR,26/11/2024, 
11299,31,16294,43,NA,Sales,7/8/2024,1
11300,64,41650,83,Female,Operations,16/6/2020,1
11301,24,29584,0,Male,Sales,11/7/2023,1
11302,23,0,88,Male,Operations,14/12/2021,2
11303,,22036,2,Female,HR,1/11/2020,2
11304,32,18263,25,Female,Finance,6/2/2020,2
11305,38,44520,10,Female,Operations,17/5/2021,5
11306,39,31332,84,Male,Finance,2/1/2024,5
11307,*,36625,0,Male,IT,21/11/2022,3
11308,28,14195,1,Female,HR,31/7/2022,*
11309,25,38058,*,Male,Operations,9/3/2022,5
11310,64,19304, ,Female,Sales,22/3/2022,2
11311,51,29242,39,Male,HR,5/8/2023,5
11312,58,12223,2,*,Finance,4/6/2022,NA
11313,21,0,95,Female,HR,23/10/2022,5
11314,26,,99,Female,Marketing,10/7/2024,5
11315,42,-,22,Female,Sales,28/4/2023,4
11316,19,-,48,Female,IT,8/9/2023,4
11317,26,18695,22,Female,Sales,9/5/2020,4
11318,54,54409,98, ,Operations,6/6/2020,2
11319,NA,29373,55,Male,Operations,8/7/2024,2
11320,49,47344,81,Female,IT,3/6/2022,4
11321,48,34428,5,Male,Marketing,24/6/2021,5
11322,48,*,NA,Female,Finance,24/12/2021,3
11323,53,27361,24,Female,Sales,18/10/2020,5
11324,49,26023,73,Female,Marketing,18/4/2023,NA
11325,54,38321,55,Female,Operations,8/3/2021,3
11326,26,14179,6,Male,HR,16/1/2021,1
11327,50,0,19,Female,Sales,15/10/2024,2
11328,54,NA,11,*,Finance,18/6/2023,1
11329,53,19640,78,Male,Marketing,22/2/2023,*
11330,21,16270,90,-,Sales,17/5/2024,5
11331,63,27888,40,Female,Operations,29/7/2022,3
11332,21,23453,34,Male,Marketing,23/5/2020,5
11333,31,47802,75,Female,Sales,10/9/2020,1
11334,53,41922,44,Female,HR,15/2/2022,1
11335, ,34832,52,Female,Finance,9/11/2024,3
11336,29,44102,49,Male,Sales,12/2/2020,5
11337,35,20412,36,Female,Operations,24/9/2021,5
11338,40,16997,87,Female,IT,17/3/2021,1
11339,25,176465,21,Male,Marketing,23/3/2023,3
11340,64,32122,20,Male,Finance,9/7/2022,5
11341,33,45740,88,Female,Marketing,14/5/2021,1
11342,46,55298,93,Male,Marketing,9/2/2021,3
11343,38,38898,99,Male,IT,19/8/2020,1
11344,26,32925,48,Male,Marketing,17/9/2021,5
11345,,43437,2,Male,Operations,17/9/2024,3
11346,43,45332,63,Male,HR,2/1/2022,1
11347,27,51030,72,Female,Marketing,12/6/2022,3
11348,62,17715,71,Female,Operations,10/5/2021,3
11349,NA,42222,39,Male,IT,22/5/2023,*
11350,18,24121,98,Male,Operations,21/11/2021,2
11351,34,0,16,Female,HR,24/8/2020,4
11352,36,44857,11,Male,Operations,30/7/2021,2
11353,24,15267,23,*,HR,11/5/2021,2
11354,41,-,96,*,Finance,17/5/2024,4
11355,35,32799,3,Male,Marketing,15/10/2020,3
11356,64,33130,77,NA,HR,28/10/2022,4
11357,,48293,73,Female,Marketing,26/6/2023,2
11358,25,50663,57,Male,Marketing,20/12/2020,1
11359,41,54046,38,Male,Sales,23/5/2024,1
11360,49,37890,0,Male,Operations,9/1/2021,*
11361,48,*,70,Male,Finance,12/10/2024,2
11362,37,23676,5,Female,IT,30/8/2024,1
11363,32,35142,30,,Marketing,8/11/2022,1
11364,39,34804,NA,Female,Sales,4/5/2023,4
11365,NA,30459,84,Female,Finance,21/1/2020,NA
11366,62,,92,Female,Marketing,17/9/2024,1
11367,50,16422,*,,Marketing,10/9/2020,4
11368,52,41116,31,,HR,26/12/2022,5
11369,47,44736,77,Male,Finance,30/1/2020,2
11370,38,47811,3,Male,Marketing,14/7/2023,-
11371,59,28123,37, ,Sales,4/8/2021,*
11372,34,14054,33,Male,HR,8/7/2023,3
11373,35,10788, ,Female,IT,21/10/2022,3
11374,48,0,59,Male,IT,20/2/2021,1
11375,28,40166,82,Male,Marketing,27/2/2023,5
11376,59,49501,57,Male,Finance,14/4/2023,4
11377,29, ,75,Male,HR,6/12/2023,5
11378,44,30454,14,Male,Operations,8/5/2020,4
11379,-,44419,65,Female,Sales,22/4/2023,1
11380,50,64624,90,Female,Finance,12/11/2023,
11381,54,33555,64,Female,Operations,6/9/2020,3
11382,38,20985,27,Female,Finance,4/5/2021,1
11383, ,42340,33,Female,Marketing,14/8/2020,3
11384,30,44980,37,NA,HR,2/6/2023,5
11385,46,24918,21,Female,Operations,23/10/2023,4
11386,53,51413,74,Female,Finance,12/1/2021,1
11387,43,33339,29,Female,Marketing,6/7/2020,2
11388,60,56965,41,Female,HR,8/4/2022,2
11389,57,38063,80,Male,Marketing,16/5/2021,2
11390,32,31996,3,Male,Sales,25/12/2021,1
11391,56,25998,1,, ,25/10/2022,4
11392,62,28493,51,Male,Finance,16/6/2022,4
11393,33,46650,79,Male,HR,7/7/2024,5
11394,46,27834,74,-,Operations,26/11/2022,4
11395,29,29879,NA,Female,HR,16/12/2023,4
11396,28,43974,1,Male,Finance,2/1/2021,2
11397,46,28689,37,Male,HR,22/7/2021,5
11398,32,43803,19,Female,Sales,11/5/2021,1
11399,54,38880,41,Male,IT,25/8/2021,3
11400, ,27521,20,Female,Sales,26/11/2024,3
11401,19,41403,22,Male,HR,26/1/2023,1
11402,22,54132,49,Female,HR,21/2/2021,5
11403,25,48615,19,Female,Sales,23/6/2023,4
11404,49,23291,31,Female,Sales,2/1/2021,NA
11405,NA,49584,54,Male,Sales,15/10/2023,2
11406,*,68725,25,Male,Finance,24/10/2024,4
11407,49,9810,9,Male,HR,31/3/2023,3
11408,41,36101,7,Male,Finance,30/4/2021,2
11409,33,26419,97,*,Operations,25/9/2024,5
11410,19,46612,81,Female,Marketing,22/1/2023,5
11411,18,40542,78,Male,Marketing,24/5/2024,5
11412,61,52433,31,Female,Finance,9/1/2023,3
11413,33,39391,42,Male,Operations,25/6/2024,1
11414,*,47791,62,Female,Marketing,23/1/2020,4
11415,27,14107,-,Male,Sales,12/10/2023,1
11416,43,24300,13,Female,Finance,3/2/2020,2
11417,52,NA,55,Male,Operations,15/5/2020, 
11418,59,37554,91,Female,IT,23/9/2020,2
11419,38,45593,99,Female,Marketing,21/10/2023,4
11420,22,41015,0,Male,HR,7/8/2020,4
11421,38,23603,NA,Female,HR,10/3/2024,4
11422,52,44201,,Male,HR,26/2/2024,3
11423,NA,47575,66,Male,Marketing,15/9/2020,3
11424,24,39384,36,Male,IT,31/1/2023,1
11425,22,57610,0,Female,Finance,29/3/2024,5
11426,34,30720,92,Female,Marketing,10/5/2022,1
11427,-,31852,87,Male,Operations,21/1/2020,3
11428,45,34254,85,Male,Sales,16/8/2024,5
11429,63,*,35,Female,Finance,27/1/2022,5
11430,26,11419,61,Female,HR,30/5/2022,3
11431,-,33199,5,Female,Operations,29/2/2024,2
11432,,58191,60,Male,Operations,5/5/2024,3
11433,49,14128,20,Male,Sales,23/2/2023,5
11434,42,NA,52,Female,HR,21/2/2023,5
11435,-,,84,Male,Sales,22/8/2021,4
11436,*,49562,7,Male,Marketing,10/10/2024,2
11437,50,42981,42,Male,Operations,5/6/2021,3
11438,54,26384,-,*,Sales,20/12/2021,4
11439,35,31998,76,Female,Marketing,1/5/2021,2
11440,48,18702,96,Female,Operations,1/6/2024,NA
11441,57,38095,-, ,Operations,22/10/2021,1
11442,61,40499,30,Female,Operations,26/2/2023,5
11443,36,0,70,Female,Sales,28/1/2020,2
11444,52,0,65,-,IT,8/9/2020,5
11445,31,36250,22,Male,HR,19/9/2024,3
11446,26,41532,47,Female,Marketing,2/10/2024,5
11447,37,40611,6,Male,Sales,7/6/2021,5
11448,20,39166,4,Female,Operations,5/5/2024,5
11449,27,9800,96,Female,IT,31/1/2024,
11450,24,44161,27,Male,Marketing,24/9/2023,3
11451,46,11642,12,,IT,30/9/2020,2
11452,18,42802,46,Male,Sales,22/6/2020,2
11453,31,49783,75,Female,Sales,23/5/2020,1
11454,48,53604,71,Male,Sales,29/6/2022,5
11455,47,47650,68,Male,IT,28/10/2020,3
11456,33,20862,42,Male,HR,8/5/2021,1
11457,24,40039,46,-,IT,2/5/2021,3
11458,20,53948,7,Male,HR,20/6/2022,3
11459,48,*,0,*,HR,21/4/2021,1
11460,38,10575,88,Female,Finance,24/5/2023,*
11461,24,41627,92,Male,IT,17/3/2022,2
11462,*,55396,94,Male,Sales,11/6/2024,1
11463,33,NA,74,Female,Finance,26/5/2024,5
11464,55,53820,68,Male,,10/6/2024,2
11465,45,10244,74,Male,IT,24/9/2022,1
11466,59,47591,2,Female,,26/8/2024,2
11467,19,33062,84,Female,Marketing,16/4/2022,2
11468,49,58953,48,Female,Marketing,10/5/2022,2
11469,29,33392,30,Male,Finance,22/6/2024, 
11470, ,-,30,Female,Finance,16/9/2024,3
11471,19,26518,71,Female,Marketing,28/10/2022,2
11472,36,50286,46,Female,,26/2/2021,2
11473,33,14019,74,Female,Sales,12/3/2024,3
11474,63,59617,23,Male,,7/5/2023,2
11475,32,35064,-,Female,Marketing,5/9/2022,4
11476,23,35499,38,Female,Sales,23/1/2023,2
11477,20,26518,39,Male,HR,28/6/2021, 
11478,43,*,22,Male,Finance,15/4/2020,5
11479,21,11329,4,Female,,10/2/2023,5
11480,23,52476,0,Female,Operations,8/9/2024,2
11481,27,0,6,Female,-,30/8/2020,4
11482,60,23333,34,Female,Marketing,22/7/2024,5
11483,59,36375,65,Male,Sales,14/6/2024,4
11484,NA,,97,Male,HR,25/7/2022,2
11485,40,51348,95,Male,,7/3/2021,1
11486,31,49898,79,Male,Marketing,15/9/2024,4
11487,40,31347,57,Male,Sales,13/6/2023,2
11488,19,38434,73,Female,Operations,7/10/2021,4
11489,64,43889,10,Female,Sales,6/9/2022,3
11490,31,0,64,Male,,18/10/2024,4
11491,22,49425,36,Male,Operations,4/4/2022,3
11492,24,41672,90,Male,HR,3/10/2020,1
11493,32,43092,8,Female,Marketing,7/2/2021,1
11494,35,45114,17,Female,Marketing,14/10/2022,1
11495,31,38640,47, ,Operations,2/6/2020,1
11496,42,18577,79,Female,Operations,4/4/2021, 
11497,42,45935, ,Male,HR,19/3/2023,3
11498,58,NA,67,Female,-,18/8/2021,
11499,38,46160,18,Female,Sales,3/1/2022,1
11500,24,7974,47,Female,HR,21/9/2020,1
11501,35,40308,8,Male,IT,16/1/2021,5
11502,54,22083,30,Male,Finance,24/1/2020,4
11503,45,8010,20,Male,IT,18/6/2023,3
11504,26,21815,66,-,NA,5/5/2021,2
11505,54,41076,75,Female,Sales,4/9/2020,4
11506, ,24350,80,Female,Marketing,10/3/2022,1
11507,55,60580,47,,Operations,24/8/2023,3
11508,61,0, ,,Sales,17/9/2024,1
11509,25,29552,96,Male,Finance,15/3/2021,1
11510,59,12065,12,Female,Operations,28/9/2024,2
11511,35,29541,82,Male,Finance,19/10/2024,1
11512,37,35565,52,Female,HR,8/7/2020,2
11513,27,25084,34,Male,Finance,7/12/2020,2
11514,54,34373, ,Male,Marketing,21/1/2022,5
11515,24,22268,28,Female,Marketing,12/9/2020,3
11516,30,55130,80,Female,Marketing,20/11/2021,4
11517,24,28248,34,Male,IT,1/10/2022,2
11518,44,35895,73,Male,Finance,22/7/2023,3
11519,62,38696,71,Male,IT,17/5/2023,4
11520,43,29874,35,Male,Finance,11/10/2023,4
11521,36,62951,76,Female,Marketing,18/1/2023,1
11522,37,NA,77,Male,*,9/3/2024,1
11523,50,*,*,-,Sales,2/7/2020,1
11524,60,25016,37,Male,HR,10/10/2024,
11525,,32380,61,Female,HR,13/10/2024,4
11526,54,23946,36,Female,,29/4/2020,2
11527,42,35127,35,Male,Sales,23/3/2022,2
11528,33,45415,17,Male,Operations,15/2/2024,5
11529,28,30615,94,Male,Marketing,28/5/2024,2
11530,43,41183, ,Male,Marketing,8/8/2021,1
11531,32,29734,47,Male,Marketing,15/11/2023,5
11532,54,31185,0,Female,Sales,3/5/2024,4
11533,31,31443,69,Female,Operations,23/7/2023,1
11534,39,33679,40,Male,Finance,5/4/2021, 
11535,31,37976,71,Male,Sales,11/1/2024,1
11536,18,43554,46,Male,HR,4/10/2021,5
11537,19,53693,38,Female,IT,6/3/2020,1
11538,22, ,63,Male,HR,20/7/2021,2
11539,31,32813,55,Female,IT,16/11/2024,2
11540,47,46404,0,Male,Finance,19/10/2023,1
11541,46, ,91,-,Marketing,12/12/2020,4
11542,52,49525,0,Male,HR,2/8/2024,4
11543,38,55578,24,Male,IT,3/12/2024,5
11544,58,40253,90,Female,HR,15/4/2024,3
11545,NA,33166,41,Female,HR,27/8/2022,4
11546,24,35599,80,Male,IT,7/6/2020,4
11547,46,45501,90,Male,Finance,20/10/2022,5
11548,35,30242,25,Male,Marketing,4/6/2023,3
11549,53,24526,45,Male,Finance,22/2/2021,4
11550,22,-,49,Male,NA,31/3/2022,1
11551,21,28507,27,Male,Marketing,8/7/2023,2
11552,58,21933,81,Female,,26/2/2022,1
11553,54,23639,62,NA,IT,22/1/2021,1
11554,30,25310,85,Male,Marketing,4/7/2024,3
11555,NA,29668,12,Male,Operations,2/10/2023, 
11556,34,32077,14,Female,IT,10/5/2021,2
11557,36,24998,*,Male,Finance,29/1/2021,4
11558,51,29496,55,Female,Marketing,8/8/2022,2
11559, ,NA,75,Female,Finance,7/1/2024,4
11560,56,32566,39,*,HR,13/10/2022,5
11561,63,11592,52,Male,Finance,8/12/2022,1
11562,48,15552,26,Female,IT,7/11/2023,3
11563,58,56733,32,Female,Sales,24/7/2022,2
11564,42,25626,95,Female,Marketing,13/2/2023,4
11565,,19451,88,Male,IT,29/6/2020,1
11566,25,52889,37,Female,HR,28/7/2023,5
11567,64,26135,78,Female,HR,10/7/2020,4
11568,42, ,37,Male,IT,21/2/2020,4
11569,29,27262,84,Female,Marketing,29/7/2021,4
11570,47,26051,67,Male,Marketing,22/5/2024,3
11571,60,45470,86,Male,Marketing,18/7/2023,2
11572,25,29867,42,Male,Finance,28/1/2024,4
11573,57,40910,61,Male,NA,15/5/2023,3
11574,29,17653,51,Male,Sales,10/2/2024,4
11575,28,62090,31,Female,Finance,22/5/2024, 
11576,59,46929,4,Male,Operations,28/11/2024,1
11577,63,29797,5, ,Marketing,9/6/2024,2
11578,59,42323,54,Female,Operations,12/12/2022,5
11579,59,21039,49,Male,Marketing,28/1/2021,5
11580,57, ,57,Female,Finance,17/5/2022,2
11581,38,34370,52,Male,,21/12/2023,3
11582,27,29171,51,Male,HR,6/10/2023,4
11583,30,43359,81,Female,Sales,20/1/2023,5
11584,31,41982,42,Male,HR,26/11/2023,2
11585,61,32219,35,Female,Marketing,12/2/2022,NA
11586,53,17044,75,Female,Marketing,24/7/2021,1
11587,50,46626,48,Female,NA,2/10/2020,2
11588,40,30604,33,Male,IT,19/7/2020,4
11589,27,45601,60,Female,IT,27/7/2021,3
11590,47,NA,68,-,IT,5/5/2024,5
11591,42,,65,Female,HR,7/7/2021,3
11592,59,44045,55,Male,Finance,11/2/2022,-
11593,25,53701,98,Male,Sales,6/1/2020,4
11594,58,21349,79, ,Finance,13/8/2020,2
11595,-,13812,43,Female,Sales,10/6/2024,3
11596,18,57878,68,Female,Operations,24/8/2023,3
11597,46,39313,85,Male,Finance,13/9/2022,4
11598,61,24608,73,Female,Finance,12/7/2021,2
11599,29, ,79,Male,Operations,2/8/2022,2
11600,41,44857,62,Male,IT,25/8/2023,4
11601,50,38316,NA,Female,Operations,5/4/2022,3
11602,NA,45923,NA,,Operations,15/12/2023,3
11603,18,48656,57,Female,Finance,3/8/2024,4
11604,19,15207,88,Female,HR,3/8/2020,4
11605,63,13378,NA,Male,IT,18/12/2021,1
11606,34,35815,,Female,HR,13/1/2022,5
11607,18,65356,17,Female,HR,4/4/2020,-
11608,40,31055,12,Male,Operations,16/11/2023,5
11609,61,42536,35,Male,Sales,3/12/2022,3
11610,53,*,74,Male,Marketing,10/2/2023,NA
11611,59,41475,62,Male,HR,19/2/2022,
11612,,21159,47,Female,Finance,27/2/2023,3
11613,38,39540,98,Male,Marketing,27/2/2024,3
11614,27,8268,48,Female,Sales,20/5/2022,1
11615,35,17601,5,Female,Finance,11/9/2022,2
11616,42,41073,47,Female,Operations,7/11/2020,4
11617,18,20800,54,Male,Marketing,25/10/2022,1
11618,41,30614,2,Male,Marketing,10/2/2021,4
11619,63,26276,100,Female,Sales,18/8/2020,4
11620,60,50561,22,Female,Operations,28/7/2022,4
11621,53,56598,88,,Sales,11/1/2022,5
11622,38,46631,25,Male,IT,15/9/2020,2
11623,22,36941,19,Female,Sales,23/11/2022,1
11624,34,24811,50,Female,Marketing,8/1/2023,4
11625,61,NA,51,Female,Sales,16/11/2020, 
11626,32,22657,98,Female,Operations,10/6/2021,3
11627,30,25159,-,Male,Finance,20/5/2020,3
11628,54,23662,56,Male,Finance,12/12/2023,2
11629,,17506,92,Female,Operations,29/1/2020,3
11630, ,28741,73,Male,HR,24/5/2023,
11631,,31776,69,Male,IT,9/12/2023,5
11632,46,32981,7,Male,Sales,19/11/2024,5
11633,23,41246,62,Female,Finance,31/12/2020,5
11634,51,39110,53,Female,Finance,30/11/2020,NA
11635,36,54756,81,Female,IT,17/11/2023,
11636,45,54998,68,NA,HR,28/4/2020,5
11637,23,51047,94,Female,Marketing,26/5/2022,3
11638,34,37783,91,Male,Sales,1/4/2022,1
11639,33,37496,9,Male,Sales,1/4/2024,3
11640,50,19631,78,Male,Sales,13/1/2022,2
11641,39,73229,79,Female,Sales,24/11/2023,2
11642,NA,34268,93,Female,Sales,3/12/2024,1
11643,NA,35740,62,Female,HR,4/9/2024,4
11644,30, ,47,Male,Marketing,18/1/2021,1
11645,61,42442,-,Female,HR,25/9/2021,4
11646,64,38592, ,Female,Operations,23/4/2024,4
11647,40,8807,49,Male,Sales,9/3/2020,5
11648,63,40904,3,Male,HR,1/9/2021,2
11649,46,26533,11,Male,Finance,5/5/2021,1
11650,22,16484,48,Male,Marketing,16/11/2023,2
11651,50,30396,55,Female, ,13/9/2024,3
11652,,43508,81,Male,Operations,13/10/2020,4
11653,24,20130,71,Female, ,19/5/2020,1
11654,18,*,80,Female,Marketing,21/2/2023,3
11655,28,18235,9,Female,Finance,28/9/2020,1
11656,42,23211,24,Female,IT,4/2/2023,3
11657,18,42985,-,Male,Sales,5/8/2021,1
11658,41,NA,14,Male,Operations,18/5/2023,2
11659,59,32547,11,Female,NA,14/5/2020,2
11660,57,26142,22,Female,IT,9/12/2022,5
11661,42,41240,8,Male,Sales,29/11/2024,3
11662,60,30728,3,Male,IT,6/1/2023,3
11663,59,NA,-,-,HR,4/11/2024,1
11664,59,29725,61,Female,Marketing,14/10/2020,5
11665,44,0,68,Female,IT,28/11/2024,4
11666,58,25799,16,Male,HR,24/5/2021,4
11667,37,32312,67,Male,*,31/3/2021,4
11668,63,35780,52,Male,IT,25/1/2024,5
11669,30,0,90,Male,Operations,19/3/2024,5
11670,53,17720,56,Female,IT,18/4/2023,3
11671,54,,56,Female,Marketing,23/7/2023,5
11672,33,36492,44,Male,HR,26/10/2024,5
11673,NA,27754,95,Female,Operations,15/6/2023,3
11674,61,65362,81,Female,HR,31/12/2023,5
11675,30,43428,52,NA,Operations,15/5/2021,2
11676,19,37944,97,Male,HR,1/7/2024,4
11677,20,26264,21,Male,Finance,31/1/2020,2
11678,19,34512,46,Male,Operations,29/9/2024,5
11679,33,35260,84,Female,*,18/3/2021,2
11680,25,53256,NA,Male,Marketing,12/4/2020, 
11681,NA,60350,68,Male,Operations,14/5/2021,2
11682,22,41242,21,Male,Marketing,16/8/2024,5
11683,23,29198,17,Female,Marketing,4/2/2023,4
11684, ,50061,91,Male,-,25/12/2023,4
11685,50,37062,10,Male,Operations,22/8/2022,2
11686,62,NA,91,Male,Finance,2/7/2021,3
11687,24,38905,69,Female,,17/1/2020,4
11688,58,33972,,Male,Sales,24/5/2023,4
11689,29,43163,70,Female,Marketing,29/9/2024,5
11690,19,40754,65,Female,HR,24/6/2024,3
11691,36,4266,54,Male,Finance,4/8/2024,5
11692,63,8833,38,Male,IT,9/5/2024,4
11693, ,, ,Female,Operations,30/3/2022,1
11694,56, ,81,Male,HR,12/8/2022,3
11695,64,20635,40,Male,Operations,23/2/2023,*
11696, , ,52, ,HR,23/8/2021, 
11697,55,*,34,Female,HR,2/1/2022,3
11698,57,37115,71,Male,HR,11/5/2023,5
11699,46,30783,32,Female,*,4/9/2021,
11700,23,39191,30,Female,Marketing,5/4/2023,2
11701,39,24112,77,NA,Finance,3/9/2023,5
11702,39,33655,29,Male,Operations,6/12/2023,3
11703,19,41191,43,Female,Finance,8/12/2021,2
11704,40,40914,40,Male,Marketing,3/1/2024,3
11705,23,23462,56,Female,Finance,12/5/2024,1
11706,38,0,94,Female, ,30/5/2022,3
11707,41,38314, ,Female,HR,31/5/2022,2
11708,42,42753,56,Male,NA,8/1/2023,5
11709,*,33776,13,NA,HR,16/5/2024,2
11710,30,34639,67,Female,Finance,11/4/2023,5
11711,20,-,24,Male,-,17/5/2022,-
11712,18,33122,79,*,HR,18/10/2024,5
11713,61,35971,78,Male,IT,15/2/2024,
11714,54,42460,28,Female,Operations,27/12/2022,4
11715,50,47143,83,Male,Operations,24/1/2024,2
11716,38,42530,4,Male,Sales,28/12/2023,*
11717,30,41217,*,Female,Sales,21/3/2023,5
11718,57,25509,40,Female,Sales,3/8/2024,3
11719,35,38983,60,Male,IT,8/4/2024,1
11720,57,18388,95,Female,Sales,21/2/2022, 
11721,-,46515,23,Female,Finance,18/2/2020,1
11722,59,41281,91,Male,Sales,26/11/2022, 
11723,-,38054,-,Female,Operations,29/3/2021,5
11724,49,51793,65,Female,Sales,11/12/2022,2
11725,34, ,0,Female,Sales,24/3/2021,3
11726,57,37175,2,Male,Finance,5/2/2020,1
11727,39,,19,Female,Marketing,9/10/2022,4
11728,22,53641,84,Female,-,1/5/2020,5
11729,47,36926,82,Female,Operations,15/3/2020,4
11730,23,40114,14,Male,Finance,4/2/2022,2
11731,20,29034,72,Female,IT,14/1/2022,3
11732,31,32513,,Male,HR,20/11/2023,NA
11733,45,42105,39,Male,IT,1/10/2021,2
11734,22,26721,40,Male,IT,26/9/2021,3
11735,51,31037,64,Female,HR,26/3/2022,5
11736,49,37954,56,Male,Finance,28/4/2020,2
11737,63,30309,42,Female,Finance,26/9/2023,4
11738,47,36976,44,Male,Operations,25/6/2021,5
11739,33,10941,89,Male,Sales,19/2/2021,2
11740,22,41470,85,Male,Marketing,20/7/2023,1
11741,,20949,15,Female,Sales,25/1/2020,4
11742,22,39470,51, ,Operations,25/6/2021,1
11743,46,47695,72,Female,Operations,8/10/2021,
11744,*,,38,Male,HR,13/10/2024,3
11745,18,31013,84,Female,Marketing,24/8/2021,5
11746,64,36741,49,Female,IT,17/12/2023,5
11747,24,46456,79,Female,Finance,7/3/2021,1
11748,26, ,0,Female,Sales,31/3/2020,1
11749,56,246674,66,*,HR,11/8/2020,3
11750,57,20901,10,Female,Marketing,6/2/2021,4
11751, ,21991,37,Male,HR,6/7/2022,1
11752,39,41681,90,Female,Sales,14/6/2020,1
11753,57,54093,89,Female,Finance,9/8/2022,3
11754,29,40972,18,Male,Marketing,4/9/2023,NA
11755,23,47913,39,Female,IT,6/9/2021,5
11756,51,28538,21,Male,Finance,14/7/2021,1
11757,24,31040,69,Male,Marketing,23/12/2023,2
11758, ,*,83,Male,Sales,2/1/2022,2
11759,63,37080,*,Male,HR,25/3/2021,3
11760,59,41785,0,Female,Sales,17/1/2020,1
11761,25,42414,79,Male,Finance,2/11/2024,3
11762,39,28586,97,Female,Finance,11/1/2023,4
11763,53,33878,34,Male,Sales,5/6/2020,4
11764,29,43193,47,Male,Marketing,19/4/2024,5
11765,59,39729,52,Male,Marketing,3/8/2024,5
11766,35,47059,28,Male,Finance,24/5/2021,1
11767,44,270003,9,Female,Sales,16/10/2020,3
11768,50,44650,10,Male,Operations,28/11/2020,4
11769,40,39333,28,Male,Operations,2/11/2024,3
11770,42,31147,7,,HR,11/3/2022, 
11771,47,NA,87,Female,Finance,3/5/2020,3
11772,19,33544,50,Male,Finance,19/1/2020,5
11773,NA,26435,8,Male,Sales,3/6/2022,
11774,24,25581,NA,Male,HR,3/2/2024,3
11775,37,41920,36,*,IT,7/1/2024,2
11776,52,21230,2,Female,Marketing,2/2/2022,4
11777,40,25874,0,Female,Sales,25/1/2021,4
11778,37,22208,*,Male,Operations,22/2/2020,2
11779,21,35570,83,Male,HR,27/10/2024,5
11780,43,43296,91,Female,IT,18/5/2021,5
11781,57,34147,64,Female,IT,8/1/2022,2
11782,22,,94,Male,Marketing,23/5/2024,
11783,19,20736,49,Female,Finance,22/11/2023,5
11784,32, ,72,Female,IT,6/4/2022,1
11785,36,23807,93,Female,HR,2/4/2023,3
11786,36,34789,26,Male,IT,17/8/2020,1
11787,33,37944,37,Female,-,14/3/2022,4
11788,55,32563,68,Female,HR,7/12/2022,5
11789,61,32735,63,,Operations,9/10/2021,3
11790,48,63914,46, ,IT,1/12/2024,3
11791, ,32701,93,Female,HR,21/9/2024,3
11792,62,10677,40,Female,Sales,28/1/2022,*
11793,45,226847,58,Male,IT,20/3/2020,4
11794,37,*,12,Male,IT,11/11/2024, 
11795,NA,39363,42,Male,Finance,22/10/2020,2
11796,56,37129,66,Female,IT,10/2/2021,4
11797,49,32338,98,Male,Sales,31/3/2023,5
11798,60,48198,62,Female,Finance,14/6/2023,4
11799,24,*,85,Male,Marketing,7/4/2020,5
11800,43,24103,76,Male,Marketing,30/5/2024,1
11801,53,,*,Female,Marketing,2/3/2024,1
11802,31,16209,66,Female,HR,27/5/2022,3
11803,33,35463,16,Male,IT,8/12/2021,2
11804,18,39085,17,Male,IT,1/7/2021,4
11805,44,29169,36,Female,NA,13/1/2024,3
11806,54,30903,73,Female,IT,8/8/2021,2
11807,29,29926,43,Female,HR,28/12/2020,4
11808,29,*,60,Female,Sales,14/9/2023,3
11809,53,-5760,-,Male,Sales,24/11/2021,3
11810,20,37147,-,Male,Operations,9/11/2021,4
11811,*,16454,52,Female,IT,27/6/2021,3
11812,34,32567,51,Female,Sales,8/5/2024,3
11813,26,18272,78,Male,Finance,20/10/2022,4
11814,29,25544,63,Male,Operations,20/11/2020,4
11815, ,47480,90,-,Finance,11/2/2020,4
11816,47,50006,*,Male,IT,25/6/2024,2
11817,63,37190,97,Male,IT,23/12/2023,2
11818,42,41071,20,Female,Sales,30/7/2023,2
11819,61,38079,50,Female,Marketing,15/11/2024,5
11820,42,33820,46,Female,Finance,7/3/2022,
11821, ,25261,37,Male,HR,10/3/2023,NA
11822,63,25949,26,Male,HR,2/10/2023,5
11823,23,22771,92,Female,HR,14/4/2021,1
11824,41,46738,37,NA,-,7/12/2020,1
11825,23,47298,2,Female,Sales,16/4/2023, 
11826,63,32083,2,Male,Sales,20/9/2022,2
11827,21,26202,78,Female,Marketing,13/12/2023,2
11828,30,33429,18,Male,Sales,15/1/2024,3
11829,52,49177,51,Male,Sales,12/2/2023,5
11830,60,49205,75,Male,IT,24/10/2020,5
11831,61,33539,NA,Male,Sales,12/4/2022,2
11832,47,41418,6,Female, ,24/9/2021,2
11833, ,56124,8,Male,Marketing,2/12/2020,1
11834,21,29123,14,Male,Finance,22/4/2020,4
11835,40,26528,78,Female,HR,7/7/2022,3
11836,64,42481,98, ,NA,5/5/2023,3
11837,34,45724,3,Female,IT,7/8/2020,5
11838,34,NA,18,Female,IT,24/9/2022,3
11839,32,36260,30, ,-,15/8/2024,4
11840,52,41684,6,Male,Marketing,1/11/2021,5
11841,42,39504,69,Male,Marketing,6/11/2024,1
11842,32,13981,25,Male,Marketing,3/7/2024,1
11843,44,,96,Male, ,28/11/2022,
11844,47,NA,74,Female,Finance,28/11/2020,-
11845,49,,40,Female,Operations,4/3/2020,5
11846,*,48248,38,Male,-,3/6/2020,3
11847,54,52528,16,Male,Finance,9/3/2024,4
11848,36,42995,70,Male,Marketing,16/12/2020,4
11849,19,*,59,Female,Finance,24/1/2020,5
11850,19,46082,50,Female,Finance,17/6/2024,2
11851,55,NA,63,Female,Sales,7/4/2020,-
11852,42,44598, ,Male,IT,21/1/2021,1
11853,,-,75,Female,IT,23/11/2022,2
11854,46,30580,22,Female,HR,11/11/2022,5
11855, ,44919,88,Female,Marketing,20/3/2024,3
11856,30,31564,70,Female,IT,28/8/2023,4
11857,44, ,3,Male,HR,22/10/2022,1
11858,-,31648,72,Female,Marketing,23/11/2023,*
11859,24,29767,,Female,Sales,19/2/2024,5
11860,36,41533,27,Male,Finance,25/7/2022,2
11861,NA,45444,30,Female,Sales,13/3/2022,3
11862,36,32462,51,Female,Sales,14/4/2023,1
11863,27,-,48,Female,Sales,8/7/2022,4
11864,57,32533,71,Female, ,25/10/2023,2
11865,64,46540,16,Female,HR,7/1/2023,1
11866,33,38584,5,Male,*,21/7/2020,4
11867,18,63257,8,Male,HR,10/7/2024,2
11868,48,27247,35,Male,IT,16/7/2021,2
11869,35,18796,32,Female,Operations,29/9/2021,3
11870,38,20605,49,Female,Operations,24/2/2024,3
11871,44,0,59,-,IT,3/2/2022,3
11872,33,34622,,Male,Operations,22/7/2022,2
11873,35,14516,53,Male,,18/3/2021,1
11874,55,43243,47,Female,Finance,5/10/2024,2
11875,64,31794,25, ,IT,5/11/2022,2
11876,60,, ,Male,Marketing,28/11/2023,4
11877,*,42578,20,-,Marketing,2/4/2023,4
11878,56,19994,68,Male,HR,15/9/2020,5
11879,53,35779,NA,Male,HR,17/5/2024,5
11880,47,29445,85,Female,Operations,30/5/2021,3
11881,56,27058,37, ,Finance,9/7/2022,3
11882,40,40533,27,Male,IT,18/2/2022,5
11883,45,41203,87,Male, ,20/5/2023,5
11884,57,49647,20,Female,Finance,31/7/2023,3
11885,31,27131,43,Male,Sales,22/9/2023,5
11886,60,44419,40,Female,Marketing,26/8/2020,2
11887,NA,31923,-,Female,HR,27/9/2020,4
11888,31,46505,62,Female,IT,19/12/2023,3
11889,59,20666,5,Female,,13/5/2024,5
11890,37,-,70,Male,HR,12/7/2022,-
11891,49,40633,52,*,Sales,8/11/2024,5
11892,60,39284,66,Male,Finance,1/3/2022,4
11893,-,46505,51,Female,Operations,4/6/2023,4
11894,35,,72,Female,*,27/8/2021,2
11895,34,45419,55,Male,Operations,18/11/2021,1
11896,32,41856,54,Female,HR,4/9/2022,5
11897,32, ,59,Female,Operations,20/12/2023,3
11898,51,44254,76,NA,Sales,3/3/2020,3
11899,34,47238, ,Male,Operations,2/1/2023,5
11900,40,29449,39,*,Sales,16/9/2020,1
11901,58,54429,11,Male,Finance,5/5/2021,1
11902,61,24417,50,Male,IT,3/2/2023,-
11903, ,32469,53,Female,,26/3/2023,3
11904,38,37466,29,Female,Marketing,19/9/2020,2
11905,37,48478,45,Male,Marketing,30/12/2021,3
11906,48,46641,12,Female,HR,12/2/2021,4
11907,23,41463,0,Female,HR,23/11/2022,2
11908,36,NA,73,Male,Finance,8/8/2023,1
11909,36, ,91,Male,HR,5/2/2022,3
11910,26,47509,45,Male,Sales,7/10/2024,2
11911,44,41227,7,Male,IT,15/7/2022,5
11912,-,44333,21,Female,Marketing,24/6/2023,5
11913,29,33110,8,Female,Sales,3/7/2024,1
11914,27,18333,97,Male,Finance,20/1/2020,3
11915,52,59966,98,Female,Operations,29/5/2024,5
11916,36,43194,1,Female,IT,8/7/2023,1
11917,38,35884,,Female,IT,17/3/2023,1
11918,49,37445,20,Male,HR,14/11/2023,1
11919,30,32013,90,Female,Sales,25/10/2022,1
11920,31,32117,88,Female,Sales,23/1/2020,3
11921,35,34206,59,Female,Sales,11/6/2023,1
11922,63,53273,88,Female,Operations,12/11/2020,3
11923,57,50056,-,Male,IT,14/10/2020,4
11924,23,40328,56,Male,HR,24/2/2024,2
11925,26,37694,79,Female,HR,4/4/2020,5
11926,35, ,42,Male,Marketing,3/1/2024,2
11927,25,26896,51,Female,Marketing,16/5/2020,4
11928,*,44538,1,Female,Sales,1/2/2020,3
11929,27,49220,74,Male,*,31/7/2024,5
11930,,31663,0,Female,Sales,11/4/2023,2
11931,21,23211,0,Male,Operations,18/4/2021,1
11932,51,42562,26,Male,Operations,28/1/2021,5
11933,-,18531,56,Female,Finance,18/11/2023,2
11934,59,*,,-,Sales,28/9/2021,2
11935,56,48694,100,Male,IT,10/10/2020,5
11936,42,37322,87,Male,Operations,2/8/2020,1
11937,31,,4,*,IT,18/11/2022,1
11938,56, ,59,Male,IT,10/3/2022,3
11939,37,35940,82,Male,Marketing,8/7/2023,4
11940,NA,22082,90,Male,IT,23/4/2020,4
11941,20,55216,77,*,IT,21/11/2021,5
11942,43,27224,53,Female,HR,2/8/2024,5
11943,29,14360,71,Male,Finance,21/5/2021,-
11944, ,21644,80,Male,HR,1/7/2024,3
11945,56,26534,52,Female,Sales,17/3/2024,
11946,61,55932,48,Female,Operations,7/11/2024,3
11947,23,41595,87,Female,HR,14/10/2022,*
11948,52,19964,14, ,IT,26/1/2022,1
11949,33,45619,31,Male,Operations,11/1/2020,4
11950,52,39861,77,Male,HR,6/6/2023, 
11951,,41875,94,Male,Operations,16/1/2021,1
11952,20,33589,86,*,Finance,20/11/2021,1
11953,56,23308,12,Female,Marketing,4/12/2021,4
11954,32,*,75,Male,Finance,14/8/2024,4
11955,48,41398,49,Male,HR,27/5/2023,2
11956,30,45552,84,*,NA,31/1/2020,3
11957,57,49571,91,Female,Operations,21/7/2024,4
11958,58,27685,19,Male,Sales,5/4/2021,4
11959,33,20388,12,-,HR,11/4/2021,5
11960,35,37811,23,Female,IT,5/10/2021,5
11961,,215994,-,Female,Marketing,8/4/2022,4
11962,53,38525,11,Male,Marketing,13/8/2020,5
11963,43,8349, ,Female,Marketing,30/1/2022,NA
11964,31,42380,NA,Male,Marketing,28/7/2021,4
11965,31,35768,76,Male,Finance,5/8/2021,2
11966,39,27715,87,Male,Operations,30/9/2022,4
11967,60,39875,99,Male,HR,8/10/2021,4
11968,49,NA,26,Female,Operations,27/4/2021,4
11969,31,28005,81,Male,Finance,24/10/2022,4
11970,44,28089,44,Female,IT,2/7/2020,3
11971,,56785,61,Male,Sales,10/7/2021,4
11972,34,22023,*,-,IT,30/3/2020,3
11973,18,40009,11,Female,Marketing,16/9/2023,3
11974,33,41002,43,-,Finance,6/2/2020,3
11975,56,41319,70,Male,HR,22/12/2020,3
11976,63,*,26,Female,IT,22/3/2023,1
11977,-,29443, ,NA,HR,7/11/2022,3
11978,21,28974,88,Male,HR,10/8/2024,4
11979,43,34019,-,*,IT,11/1/2021,2
11980,33,29298,*,Female,Finance,31/7/2023,5
11981,52,44210,76,Male,Sales,20/11/2020,2
11982,60,26573,0,Male,HR,19/6/2024,2
11983,22,14252,13,Female,Operations,7/3/2023,4
11984,40,38949,90,Male,Finance,16/4/2022,2
11985,55,40360,29,Female,Operations,20/10/2022,4
11986,41,23746,34,Male,Operations,23/10/2020,1
11987,40,19785,0,Female,IT,28/5/2022,4
11988,*,-,41,Male,IT,15/7/2024, 
11989,61,48110,92,Male,Operations,30/8/2021,5
11990,53,NA,34,Male,Marketing,5/3/2023,4
11991,25,17111,4,-,Operations,8/8/2024,5
11992,-,21704,94,Male,Finance,13/10/2024,2
11993,37,,2,Male,Operations,19/12/2022,4
11994,55,37958,16,Male,Marketing,18/7/2022,5
11995,27,,76,Male,Marketing,24/5/2021,5
11996,36,27505,61,Female,HR,18/10/2024,1
11997,24,57213,49,Female,*,29/3/2024,2
11998,32,55194,46,Female,Operations,2/12/2020,2
11999,44,20886,,Female,Marketing,23/5/2024,1
12000,43,3105,91,Female,Sales,8/5/2021,5
12001,23,49062,0,Male,Sales,13/11/2021,3
12002,41,25658,50,Female, ,19/10/2020,5
12003,*,46647,82,Female,,6/7/2020, 
12004,38,28241,82,Male,Operations,1/3/2023,4
12005,34,40368,17,Male,Operations,22/2/2024,2
12006, ,47147,33,Male,Sales,5/8/2022, 
12007,22,19384,45,Male,IT,21/2/2023,5
12008,18,13826,75,Male,Finance,23/10/2022,3
12009,29,40429,-,Male,Sales,3/7/2023,2
12010,64,17178,97,Female,Marketing,26/11/2020,-
12011,41,15534,9,Male,Finance,3/4/2021,5
12012, ,37894,63,Female,Sales,9/6/2023,1
12013,34,30334,8,Female,Sales,27/12/2021,1
12014,35,39287,24,Female,Marketing,14/11/2020,3
12015,50,40931,0,Male,Sales,13/10/2021,1
12016,-,0,100,Male,IT,18/9/2024,2
12017,19,40585,8,Male,Finance,18/11/2024,3
12018,20,33303,54,Female,IT,9/1/2024,1
12019,-,44076,,Male,IT,21/9/2020,1
12020,57,31688,16,,IT,9/1/2023,2
12021,*,43045,67,Male,IT,26/3/2021,2
12022,43,33636,23,Male,Operations,12/3/2022,3
12023,52,,6,Female,HR,24/10/2023,1
12024,20,30448,9,Male,Operations,7/3/2023,3
12025,29,36196,100,Female,Finance,29/3/2020,1
12026,42,53640,54,Female,Marketing,16/10/2022,5
12027,23,34803,66,*,IT,21/6/2021,5
12028,21,22620,87,Female, ,22/8/2024,NA
12029,18,30522,86,Female,HR,29/10/2023,4
12030,41,28627,49,Male,Marketing,28/1/2023,5
12031,60,20959,,Female,Marketing,14/12/2023,4
12032,41,42488,94,Female,Sales,10/12/2021,1
12033,38, ,,Female,Operations,27/4/2022,2
12034,20,55662, ,Male,Marketing,27/11/2023,4
12035,46,13142, ,Male,Operations,13/5/2020,2
12036,,39818,74,Male,Marketing,7/3/2020,-
12037,63,14769,36,Male,Operations,21/9/2024,1
12038,30,44275,96,Female,Finance,8/6/2024,5
12039,30,36118,72,Female,Finance,23/10/2023,4
12040,18,44500,NA,Female,HR,22/7/2020,1
12041,45,36226,66,Male,Finance,8/3/2021,4
12042,42,24313,59,Male,IT,29/10/2020,4
12043,18,55533,29,Female,IT,16/4/2020,5
12044,54,41305,89,Male,Finance,11/2/2023,2
12045,21,34908, ,*,IT,4/1/2024,2
12046,30,23785,56,Female,,30/9/2020,2
12047,-,30218,97,Female,Finance,16/12/2020,2
12048,47,33991,72,Female,Marketing,8/3/2023,2
12049,53,30258,3,Male,Marketing,1/7/2020,4
12050,46,23153,83,Male,Finance,16/1/2023,3
12051,34,0,-,Female,IT,22/2/2020,2
12052,64,NA,9,Female,Operations,7/2/2021,2
12053,40,44549,98,Female,IT,4/9/2022,4
12054,36,40546,14,Female,Finance,11/7/2020,5
12055,47,33276,68,Male,Sales,12/4/2023,2
12056,47,51716,23,*,Sales,24/4/2024,5
12057,29,30791,NA,Male,Sales,15/10/2024,2
12058,62,17943,11,Female,Marketing,14/7/2024,1
12059,58,,12,Female,Operations,26/10/2023,4
12060,38,23436,10,Female,IT,27/10/2021,3
12061,-,22687,45,Female,Marketing,23/5/2023,3
12062,42,37822,25,Female,Marketing,18/4/2022,1
12063,55,47630,8,Female,Marketing,4/4/2021,3
12064,36,NA,23,Female,Sales,7/9/2024,4
12065,48,34209,44,Female,Finance,2/10/2023,3
12066,18,7230,99,Male,Operations,12/5/2024,1
12067,64,46677,36,Male,Marketing,8/12/2020,2
12068,64,30804,*,Female,Sales,26/5/2020,3
12069,39,63998,-,Male,HR,8/8/2022,4
12070,57,40428,59,Male,Finance,10/9/2020,4
12071,63,20050,64,Male,Finance,23/11/2020, 
12072,29,47096,50,,Finance,14/6/2022,4
12073,40,33925,39,Female,HR,9/12/2020,2
12074,57,34001,0,Male,-,11/6/2022,1
12075,32,40802,27,Male,Marketing,6/11/2022,1
12076,55,29215,29,Female,Operations,21/9/2023,1
12077,46,55139,74,Female,Finance,18/10/2020,1
12078,64,,14,Female,Sales,29/9/2021,*
12079,27,33788,93,Female,Finance,13/4/2023,4
12080,56,43022,39,Female,HR,2/7/2023,3
12081,34,36791,63,Female,HR,16/3/2024,1
12082,38,,49,Male,Finance,17/3/2020,2
12083,24,40050,49,Female,HR,11/6/2022,-
12084,31,47250,3,NA,Finance,24/6/2020,5
12085,54,*,94,Male,Finance,2/11/2022,1
12086,25,25712,41,Female,Finance,11/10/2023,4
12087,34,31449,84,Female,Operations,13/9/2023,5
12088,47,42401,62,Male,IT,14/6/2024,2
12089,50,46025,21, ,Marketing,23/3/2022,5
12090,39,33483,39,Male,,5/11/2020,1
12091,31,40510,9,*,*,19/5/2021,4
12092,41,,40,Male,Sales,23/4/2024,4
12093,62,38955,16,Female,Operations,17/12/2021,4
12094,58,53320,17,-,Operations,12/9/2021,2
12095,19,39536,80,Male,IT,29/1/2024,2
12096,37,35730,8,-,Marketing,29/8/2023,2
12097,38,17649,93,Male,Marketing,14/8/2021,1
12098,63,32859,25,Female,Finance,11/4/2021,5
12099,54,29408,69,Male,*,14/2/2023,4
12100,53,48617,88,Female,IT,17/5/2021,2
12101,51,50491,36,Male,HR,1/4/2023,5
12102,18,26411,6,Female,Marketing,13/12/2022,3
12103,52,20377,44,Male,Finance,21/8/2020,5
12104,63,22279,93,Female,Finance,12/8/2022,*
12105,35,20004,42,Female,HR,22/2/2020,5
12106,34,41482,4,Female,Operations,19/1/2022,5
12107,24,21755,11,Female,Sales,30/10/2021,5
12108,,57146,53,Female,Marketing,11/12/2020,3
12109,38,37248,27,Male,IT,11/2/2020,5
12110,42,24758,-,Female,Sales,10/8/2024,5
12111,62,30696,NA, , ,23/6/2020,1
12112,62,47138,54,Female,IT,5/3/2024,3
12113,20,37815,27,Female,Finance,30/4/2022,4
12114,31,21419,48,Male,IT,8/9/2020,5
12115,-,41527,36,Female,Marketing,19/10/2023,4
12116,43,22842,21,Male,IT,15/4/2023,3
12117,39,47957,66,Female,HR,15/10/2024,4
12118,52,-,69,Female,Finance,12/2/2020,4
12119,*,13990,62,Female,Finance,12/5/2022,1
12120,54,42752,13,Male,HR,26/11/2020,5
12121,*,27227,77,Male,Marketing,11/5/2022,5
12122,18,17611,31,Female,Operations,2/12/2020,3
12123,52,30570,52,Female,Finance,27/4/2023,3
12124,32,26285,83,Male,HR,19/5/2021,4
12125,45,31414,53, ,*,26/8/2024,2
12126,57,14571, ,Male,IT,9/5/2023,2
12127,NA,35229,97,Male,Sales,16/4/2020,3
12128,18,NA,6,Female,Finance,11/12/2021,4
12129,40,40778,69,-,HR,14/5/2022,5
12130,47,NA,2,Male,Marketing,16/10/2023,4
12131,54,19639,9,Female,IT,30/4/2024,2
12132,19,27500,4,Female,Finance,21/12/2022,2
12133,36,-,0,Male,Marketing,29/5/2021,1
12134,61,44559, ,Male,Marketing,8/1/2024,2
12135,33,42259,5,Male,Marketing,17/6/2022,5
12136,-,32893,94,Male,Marketing,12/9/2024,5
12137,48, ,94,Female,HR,12/1/2022,NA
12138,29,31392,10,Male,Operations,7/11/2022,3
12139,63,15655,,Male,Sales,12/5/2021,4
12140,22,31626,31,Male,Finance,29/10/2020,2
12141,31,30275,6,Female,IT,3/7/2024,5
12142,35, ,47,Female,Finance,31/7/2024,4
12143,60,27340,34, ,Marketing,31/12/2023,4
12144,50,54721,57,Male,Marketing,21/1/2023,5
12145,37,32870,47,Female,IT,9/12/2023,2
12146,35,35613,98,Female, ,30/7/2022,NA
12147,39,30688,94,Female,HR,16/3/2024,1
12148,,236514,31,Female,IT,28/8/2022,4
12149,24,24110,14,Male,HR,24/3/2024,4
12150,58,31950,56, ,Operations,13/9/2021,5
12151,29,23055,84,Male,Finance,3/4/2021,4
12152,58,26039,54,Male,NA,4/12/2020,2
12153,24,38808,7,Male,Finance,8/10/2020,1
12154,51,-5052,0,Female,Sales,13/1/2020,NA
12155,51,39089,99,Male,Operations,24/7/2021,1
12156,53,15208,-,Male,Operations,24/1/2024,-
12157,25,23286,99,Male,Sales,28/2/2023,1
12158,34,32970,87,Female,Finance,9/10/2023,3
12159,*,18533,44,Female,Finance,31/8/2021,2
12160,58,22235,7,Female,Finance,16/8/2024,3
12161,51,28234,49,Female,Marketing,2/1/2022,1
12162,46,39129,61, ,Finance,7/12/2022,2
12163,34,14758,6,Male,Sales,18/6/2023,1
12164,45,21227,62,Male,IT,31/3/2021,1
12165,50,29181,85,Female,Sales,7/9/2024,*
12166,28,47217,92,Male,Sales,3/1/2023,4
12167,31,28301,23,Female,IT,23/10/2024,2
12168,18,28419,82,Male,HR,17/6/2024,4
12169,42,NA,15,Female,IT,22/2/2021,4
12170,56,18709,28,Male,HR,13/7/2022,2
12171,29,5468,47,Male,Sales,29/5/2024,4
12172,59,31241,62,Male,Operations,2/6/2024,1
12173,37,,36,Male,Sales,19/8/2023,3
12174,38,44451,60,Male,Sales,7/12/2020,3
12175,45,,97,Female,Finance,2/4/2024,5
12176,19,42847,39,Female,Finance,8/1/2022,1
12177,46,40964,64,Female,HR,6/2/2021,*
12178,52,42686,20,Female,Operations,2/10/2022,2
12179,42,48456,98,Male,Marketing,24/2/2020,2
12180,35,66145,64,Male,HR,19/10/2021,2
12181,35,44954,92,Female,HR,9/7/2023,NA
12182,52,27519,16,Male,Finance,20/7/2024,2
12183,20,23985,65,Female, ,29/1/2023,1
12184,51,31962,2,Female,IT,22/2/2023,5
12185,56,,37,Female,,3/8/2021,2
12186,53, ,68,Female,IT,24/9/2024,3
12187,60,48069,94,Male,Sales,3/1/2021,4
12188, ,45816,27,Male,IT,29/1/2024,1
12189,40,36324,69,Female,Marketing,4/7/2023,1
12190,38,19958,100,Female,Sales,26/5/2023,4
12191,40,35814,87,-,Marketing,10/8/2023,2
12192,35,46952,51,Male,Marketing,20/4/2023,3
12193,60,33508,25,*,HR,24/7/2020,4
12194,33,41627,41,Female,Marketing,29/4/2020,5
12195,40,-71,58,Female,Marketing,14/9/2024,5
12196,26,16046,42,Male,HR,3/9/2021,5
12197,45, ,0,Female,HR,10/8/2020,2
12198,60,8150,64,Female,HR,30/6/2024,1
12199, ,26585,54,Male,IT,30/9/2024,3
12200,22,37446,81,Male,IT,21/10/2020, 
12201,32,22467,3,Male,Operations,8/7/2022,1
12202,59,15672,16,Male,Marketing,6/8/2020,5
12203,29,41900,0,Male, ,22/4/2022,3
12204,49,41106,25,Male,Finance,27/10/2020,4
12205,46,58177,12,Male,Finance,18/8/2023,*
12206,53,35972,55,Male, ,30/7/2023,4
12207,63,14364,75,Male,Sales,4/2/2021,2
12208,64,27960,0,Male,Marketing,20/4/2021,2
12209,56,51549,99,Male,Marketing,10/4/2020,5
12210,32,51107,27,Female,-,29/11/2024,2
12211,49,22941, ,Female,Sales,16/9/2022,2
12212,59,46885,34, ,Operations,20/3/2020,1
12213,55,40466,46,Female,,26/8/2022,3
12214,18,21815,37,Female,Finance,27/11/2023,5
12215,32,33041,0,Male,IT,28/7/2024,4
12216,62,37813,NA,Female,Operations,11/4/2020,4
12217,,23167,98,Male,Marketing,15/2/2024,*
12218,55,38721,62,Male,Marketing,8/3/2022,1
12219,34,41633,29,Male,,26/7/2020,
12220,62,54019,80,Male,Sales,17/2/2021,4
12221,53,47670,25,Male,Marketing,9/3/2021,2
12222,30,,*,Female,Operations,16/10/2021,3
12223,60,13778,37,*,Marketing,8/9/2022,2
12224,,56822,*,Female,Marketing,16/6/2021,3
12225,43,15172,70,Female,Operations,13/3/2023,3
12226,44,25611,76,Female,Marketing,24/5/2021,1
12227,51,48551,89,Male,Marketing,10/1/2022,3
12228,64,26783,13,Female,Marketing,27/11/2023,1
12229,46,24512,0,Male,Operations,14/11/2021,1
12230,26,37327,0,Male,HR,13/1/2024,4
12231,33,29780,16,*,HR,9/7/2021,2
12232,45,31983,63,Female,Finance,28/6/2021,2
12233,55,62153,-,Female,Sales,20/6/2024,5
12234,34,28748,89,Male,Operations,9/11/2020,2
12235,49,34247,37, ,Operations,10/11/2020,3
12236,43,32350,26,Female,Finance,14/2/2023,3
12237,64,42318,16,Male,Operations,19/10/2020,NA
12238,50,40051,12,Female,-,15/5/2020,1
12239,47,36390,86,Female,HR,16/1/2020,5
12240,41,44060,62,,Sales,11/7/2022,2
12241,43,32288,15,Female,Sales,16/9/2020,2
12242,21,44502,32,Male,Sales,9/7/2023,4
12243,35,47816,42,Male,Marketing,31/8/2020,1
12244,60,49027,98,-,Marketing,8/9/2024,1
12245,23,18228,20,Male,IT,5/5/2024,2
12246,59,32763,50,Male,Finance,20/9/2024,5
12247,63,48381,51,Male,IT,21/4/2023,3
12248,61,27052,74,Female,Operations,4/6/2023,4
12249,57,33716,-,Male,Finance,30/7/2020,NA
12250,58,57748,40,Female,Marketing,16/5/2020,3
12251,28,28461,47,Female,*,24/11/2020,5
12252,63,32322,72,Female,HR,17/2/2022,1
12253,23,55090,79,Female,Operations,5/7/2022,2
12254,62,27551,29,Male,IT,1/12/2021,1
12255,25,32714,87,Male,,5/11/2024,4
12256,55,52864,0,Female,Sales,16/9/2020,4
12257,*,26305,85,-,HR,28/11/2020,3
12258,20,*,,,HR,24/2/2022,2
12259,21,11028,88,Female,Marketing,17/5/2023,2
12260,30, ,43,Female,Operations,2/2/2024,4
12261,43,28287,33,Female,Operations,27/9/2022,2
12262,57,29880,77,Female,Operations,28/10/2024,2
12263,21, ,53,Male,Operations,23/10/2021,*
12264,23,0,69,Female,*,25/10/2023,NA
12265,38,15185,85,Male,Operations,12/8/2020,2
12266,62,41550,83,Female,IT,9/10/2023,3
12267,53,38871,80,Female,Sales,2/3/2023,4
12268,52,13778,NA,Male,Sales,4/1/2020,3
12269,35,27760,18,Female,Finance,1/7/2022,5
12270,18,54233,*,Female,IT,9/3/2024,1
12271,51,41736,55,Male,Sales,29/4/2023,3
12272,64,42297,58,Female,IT,7/4/2021,3
12273,33,16669,86,Male,Sales,9/12/2023,2
12274,51,43906,41,Male,Operations,6/11/2020,3
12275,23,26829,90,Female,Marketing,6/10/2023,2
12276,57,26607,47,Male,Marketing,18/12/2023,2
12277,36,19283,0,Male,Operations,17/8/2021,4
12278,54,44554,31,Female,Marketing,8/2/2021,1
12279,49,0,4,Male,Marketing,17/5/2023,4
12280,*,44979,8,Male,HR,13/2/2021,2
12281,34,33830,93,NA,HR,1/8/2021,2
12282,39,25864,55,Female,Finance,15/12/2021,1
12283,24,38159,33,Male,Operations,16/2/2023,
12284,35,42618, ,Female,Marketing,29/8/2024,5
12285,19,56028,81,Female,Marketing,19/3/2023,1
12286,56,54721,81,Male,Operations,13/1/2023,2
12287,21,38346,35,Male,Finance,28/7/2023,5
12288,45,32088,36,Male,Sales,19/4/2020,2
12289,56,27808,84,Female,*,3/1/2023,5
12290,52,36554,99,Male,IT,16/1/2022,4
12291,58,17867,10,Male,Operations,22/11/2024,3
12292,39,24694,2,Female,Marketing,29/12/2023,1
12293,44,36204,28,Male,,6/10/2020,-
12294,37,36622,81,Male,HR,9/3/2020,
12295,27,27093,78,Female,Operations,29/11/2024,2
12296,23,47700,23,Male,Operations,14/10/2022,3
12297,54,21076,21,Male,Marketing,30/3/2022,1
12298,29,13492,56,Male,Sales,13/11/2021,4
12299,58,48402,62,Male,Sales,22/7/2021,3
12300,28,39662,93,Male,HR,7/7/2024,2
12301,47,61384,60,Female,Marketing,20/10/2022,5
12302,,32407,79,Female,Marketing,21/9/2023,-
12303,25,36881,90,Male,HR,1/4/2023, 
12304,49,NA,47,Male,,19/2/2020,NA
12305,46,30229,56,Female, ,11/8/2020,1
12306,57,41480,59,-,Marketing,8/4/2021,5
12307, ,38082,36,Male,NA,1/12/2022,4
12308,30,16302,99,Male,Finance,17/9/2023,1
12309,-,39031,51,Female,Finance,26/2/2024,4
12310,19,38185,18,Male,Marketing,13/4/2024,4
12311,39,12498,68,Male,Operations,23/2/2020,2
12312,29,45662,74,Male,HR,18/1/2021,5
12313,45,,0,Female,Operations,1/3/2021,5
12314,37,9921,60,Female,Finance,1/8/2024,5
12315, ,39820,42,Male,Operations,26/3/2024,1
12316, ,37820,50,Female,Operations,16/6/2023,2
12317,19,37689,14,Male,Sales,11/9/2020,2
12318,21,40212,0,NA,Sales,17/10/2023,1
12319,49,33652,-,Male,Marketing,23/12/2021,5
12320,*,24799,66,Male,Operations,8/10/2022,2
12321,26,34243,79,*,Sales,23/6/2024,3
12322,57,51075,78,Male,-,16/10/2022,5
12323,44,0,1,Female,HR,20/9/2022,2
12324,37,40536,84,Male,NA,14/12/2022,5
12325,24,26560, ,Female,Marketing,1/8/2021,4
12326,47, ,35,Male,HR,18/6/2023,2
12327,21,43805,49,Female,Sales,12/4/2022,5
12328,62,39163,48,Female,Sales,9/8/2024,4
12329,29,11210,68,NA,Sales,13/10/2024,
12330,60,27261,56,Female,IT,13/12/2020,3
12331,20,46906,59,Male,Sales,1/3/2020,5
12332,18,17446,59,Male,*,15/10/2022,3
12333,18,0,55,Male,IT,7/4/2023,4
12334,64,19279,14,Male,Marketing,10/1/2021,2
12335,39,27440,6,Female,HR,20/4/2021,-
12336,NA,208361,41,Male,*,4/6/2020,1
12337,20,23402,7,Male,Finance,16/9/2022,
12338,60,36272,18,Female,IT,10/2/2022,3
12339,26,NA,50,*,IT,24/9/2020,NA
12340,40,47891,1,Female,IT,1/9/2022,3
12341,38, ,10,Male,Finance,10/7/2022,2
12342,31,NA,10,Male,Marketing,10/4/2023,-
12343,55,36056,73,Female,Operations,3/6/2023,1
12344,18,44458,37,Female,*,14/8/2022,2
12345,28,37456,45,Female,Sales,12/8/2024,1
12346,21,60699,36,Male,HR,29/5/2022,4
12347,46,31477,59,-,IT,28/11/2022,1
12348,48,58778,81,Male,HR,18/9/2020,4
12349,28,42764,23,Female,Marketing,2/3/2023,2
12350,38,34215,35,Female,Marketing,31/5/2023,4
12351,50,27984,27,,Sales,3/2/2022,1
12352,53,33965,26,Female,Finance,24/4/2021,2
12353,58,19525,50,Male,Operations,10/10/2021,3
12354,22,30997,8,-,Finance,19/2/2021,-
12355,34,37865,23,NA,IT,27/5/2021,2
12356,29,40891,0,Male,Operations,12/2/2022,2
12357,21,24370,61,Female,Marketing,2/3/2021,1
12358,18,49982,1,Female,Finance,2/12/2023,2
12359,NA,19990,92,Female,Finance,22/6/2024,5
12360,32,38405,93,Female,HR,18/2/2023,2
12361,21, ,50,Female,Finance,7/4/2020,3
12362,19,29771,36,Male,,8/4/2024,4
12363,33,39436,0,Male,Finance,17/3/2020,4
12364, ,24533,55,Male,IT,21/9/2024,3
12365,30,43035,64,Male,Operations,16/11/2024,4
12366,38,26184,78,Male,Marketing,5/9/2020,1
12367,NA,-,61,Female,Sales,22/3/2023,4
12368,38,54730,80,Female,IT,17/6/2020,1
12369,52,39075,65,NA,IT,25/9/2021,3
12370,52,0,0,Female,Operations,18/1/2023,4
12371,33,22646,78,Female,Finance,8/3/2020,5
12372,48,0,97,Female,Sales,18/8/2021,3
12373,51,14073,30,Female,Sales,21/2/2022,3
12374,53,42222,95,Male, ,29/11/2024,1
12375,56,NA,52,Male,HR,14/3/2020,1
12376,45,51249,48,Female,Marketing,1/9/2020,5
12377,50,40870,59,Female, ,26/2/2020,3
12378,60,26969,100,NA,Finance,13/2/2022,1
12379,30,30058,77,Male,Finance,15/7/2024,3
12380,33,47039,54, ,Finance,5/8/2023, 
12381,37,37293,45,Male,Finance,27/2/2022,3
12382,53,,92,Male,HR,6/8/2021,5
12383,26,51873,82,Male,Marketing,24/2/2023,2
12384,52,41614,54,Male,Finance,25/7/2021,1
12385,53,28710,80,Female,Marketing,26/9/2022,5
12386,39,28981,34,NA,IT,29/12/2020,3
12387,43,36883,93,Male,HR,17/4/2023,*
12388,33,40916,16,Female,Operations,7/4/2023,2
12389,31,NA,100,Male,Finance,27/1/2022,
12390,56,22466,82,Female,Finance,26/5/2020,5
12391,18,46301,74,Female,Sales,19/4/2022,2
12392,24,11774,58,Female,-,16/4/2023,1
12393,52,32913,37,Male,HR,24/10/2021,2
12394,59,39849,0,Female,HR,13/3/2023,4
12395,54,53648,0,Female,Operations,6/7/2022,3
12396,43,32377,68,Female, ,19/6/2024,4
12397,28,30848,7,*,Operations,4/2/2024,4
12398,48,23483,75,Female,Finance,8/12/2021,1
12399,46,34121,27,Male,IT,9/10/2021,4
12400,60,20383,8,-,Marketing,29/3/2021,4
12401,-,24530,18,Female,HR,13/7/2021,3
12402,62,42915,0,Male,Marketing,14/4/2023,4
12403,53,41781,60,Male,Finance,15/5/2021,3
12404,54,31659,77,Female,IT,4/5/2024,2
12405,58,26103,67,Female, ,17/4/2022,4
12406,56,21018,59,Male,IT,20/5/2022,3
12407,63,20910,-,Female,NA,26/6/2024,-
12408,29,48230,43,Male,Operations,11/6/2023,*
12409,55,27333,95,Male,Sales,5/6/2023,
12410,59,48956,92,NA,Sales,22/2/2022,5
12411,50,32995,70,Female,Sales,25/4/2021,3
12412,29,33756, ,Female,Finance,7/9/2022,5
12413,54,47456,76,Female,HR,10/6/2022,4
12414,*,32642,2,-,IT,10/5/2020,4
12415,32,-,82,Female,Finance,3/12/2021,3
12416,55,52724,89,Male,Sales,18/6/2021,
12417,42,35874,,Male,Marketing,7/7/2022,4
12418,46,45277,36,Male,Marketing,12/12/2022,2
12419,50,25565,16,Male,Finance,23/9/2023,5
12420,59,36089,58,Female,Marketing,29/2/2020,4
12421,47,51038,67,Male,IT,25/8/2024,*
12422,47,10728,27,Male,Operations,8/7/2023,3
12423,*,40107,80,Male,HR,15/3/2020,1
12424,22,48626,29,Male,Marketing,26/4/2021,1
12425,20,19014,80,Female,Operations,4/4/2023,2
12426,20,,8,Male,,17/1/2020,2
12427,38,31252,18,Female,Operations,16/5/2020,1
12428,25,36780,19,Male,Sales,20/4/2021,3
12429,60,35038,77,Male,Sales,25/4/2021,4
12430,33,39086,*,Female,HR,2/2/2021,
12431,56,46806,37,Male,HR,5/3/2021, 
12432,NA,20094,9,Male,Finance,23/5/2022,NA
12433,53,46522,51,Male,IT,29/1/2024,4
12434,47,25603,30,Female,Operations,26/3/2024,1
12435,40,44452,25,Male,IT,19/11/2023,2
12436,41,-,63,Male,,16/11/2022,4
12437,20,31083,62,Female,Operations,14/3/2023,2
12438,37,37350,89,Female,Finance,11/4/2023, 
12439,40,38910,53,Female,HR,25/3/2024,4
12440,23,46215,35,Male,Marketing,15/5/2021,1
12441,23,42911,72,Female,Finance,10/4/2023,4
12442,30,36311,78,Female,Operations,17/6/2021,4
12443,22,16902,68,Female,Marketing,20/1/2023,2
12444,41,NA,47,Female,Operations,10/5/2021,5
12445,NA,53687,,-,Marketing,20/1/2020,4
12446,29,37714,-,Male,HR,29/9/2022,4
12447,56,48006,63,Male,Operations,28/11/2022,3
12448,57,44744,62,Male,Finance,13/11/2024,5
12449,18,37360,68,Male,Finance,27/8/2022,3
12450,49,NA,80,Male,Marketing,24/2/2024,1
12451,39,-,-,Male,IT,1/11/2022,3
12452,25,25708,86,Female,Marketing,28/8/2023,5
12453,*,,21,Male,Marketing,2/5/2024,3
12454,62,48069,99,Male,Marketing,6/7/2021,1
12455,23,29130,54,Male,-,21/1/2024,1
12456,49,29214,NA,Male,Operations,18/7/2023,3
12457,51,40754,4,Female,IT,14/2/2021,4
12458,55,36804,55,-,Marketing,30/7/2022,1
12459,24,24842,12,,HR,13/6/2022,4
12460,54,38655,2,Female,HR,27/6/2024,2
12461,59,42147,60,Male,Operations,23/8/2020,3
12462,19,38831,92,Male,IT,5/4/2024,4
12463,21,19613,13,Female,IT,30/8/2021,3
12464,56,0,6,Male,Marketing,22/5/2021,1
12465,54,30404,3,Male,IT,2/12/2021,4
12466,35,57215,18,Male,Finance,11/11/2020,5
12467,NA,58425,12,Male,Sales,13/11/2023,3
12468,-,57255,15,Male,Sales,10/2/2023,5
12469,30,10151,82,Female,Operations,10/1/2021,5
12470,32,19750,42,,IT,28/11/2023,4
12471,46,39300,76,-,Operations,25/11/2020,2
12472,28,45530,91,Female,Sales,22/10/2022,2
12473,22,37658,40,Male,Sales,22/8/2024,2
12474,22,34519,20,Female,HR,25/11/2022,4
12475,52,36024,84,Male,Finance,11/9/2023,4
12476,50,30209,25,Female,*,7/7/2022,2
12477,38,19199,97,Male,IT,12/8/2020,1
12478,20,34997,83,Male,IT,23/5/2024,1
12479,55,42260,,Male,Operations,9/4/2022,4
12480,64,32384,98,Male,Finance,18/4/2024,1
12481,22,36179,41,Male,IT,12/11/2020,4
12482,46,39260,-,Male,Sales,4/10/2020,2
12483,24,47875,33,Female,Marketing,20/12/2022,3
12484,28,37873,63,Male,Sales,12/11/2023,1
12485,19,38008,99,Male,Operations,23/12/2021,4
12486,25,38945,88,Male,HR,9/7/2024, 
12487,NA,31998,0,Female,IT,5/9/2024,1
12488,29,,100,Male,HR,16/4/2023,5
12489,*,43879,24,Male,Marketing,23/2/2020,
12490,63,27717,62,Female,Operations,17/4/2024,2
12491,38,*,-,Female,Finance,11/6/2022,2
12492,23,22209,71,Female,Marketing,26/9/2020,5
12493,-,35549,43,Male,Finance,24/1/2021,1
12494,42,33460,34,Male,Operations,1/12/2024,5
12495,57,33785,74,Female,Marketing,29/5/2023,1
12496,28,37297,86,Male,Operations,5/4/2024,1
12497,58,59628,57,Female,Operations,14/1/2021,2
12498,57,23845,85,,HR,16/10/2024,1
12499,25,31524,97,Female,HR,21/1/2020,4
12500,43,39901,54,Male,Finance,25/8/2022,4
12501,60,35751,26,,IT,14/9/2024,4
12502,*,24459,11,Female,Operations,3/10/2023,*
12503,33,60677,83,Male,Sales,10/1/2020,2
12504,20,42150,37,Male,Sales,1/3/2024,5
12505,59, , ,Female,Sales,1/6/2022,2
12506,64,22878, , ,,1/1/2023,NA
12507,27,36567,17,Female,NA,2/7/2024,2
12508,64,40912,21,Male,Marketing,8/3/2021,NA
12509,59,36181,97,Male,Finance,26/9/2021,2
12510,62,41459,55,Female,Marketing,19/12/2020,1
12511,23,46434,62,Female,Sales,29/6/2023,5
12512,58,237949, ,Male,Sales,4/10/2024,-
12513,34,40459,52,Female,Marketing,7/11/2021,3
12514,*,30995,69,Male,IT,3/12/2023,4
12515,53,40949,66,Female,IT,3/2/2022,1
12516,26,39814,84,Female,Operations,29/5/2020,2
12517,63,59331,65,Female,Operations,20/8/2022,4
12518,42,62231,40,Male,HR,6/10/2022,4
12519,*,48670,11, ,IT,20/6/2021,1
12520,,15369,88,Male,IT,14/2/2020,1
12521,19,20357,68,-,*,3/3/2024,1
12522,20,20683,11,Female,Operations,6/6/2024,2
12523,31,21537,29,Female,IT,26/9/2023,5
12524,45,40009,66,Female,Sales,8/10/2023,5
12525,24,42121,27, ,Finance,31/5/2024,2
12526,37,*,22,Female,Marketing,20/6/2020,-
12527,50,28992,22,Male,HR,25/1/2024,2
12528,64,16046,96,Female,Sales,4/6/2024,3
12529,20,50036,59,Female,Operations,13/8/2022,5
12530,37,14584,17,Male,-,22/4/2020,2
12531,59,26334,55,Female,HR,21/2/2024,3
12532,46,35426,64,Female,Finance,25/8/2024,4
12533,59,19749,49,Female,IT,20/2/2021,3
12534,52,26815,42,Male, ,5/2/2024,2
12535,23,25205,87,Male,Operations,20/2/2021,4
12536,48,36417,81,NA,HR,17/8/2024,2
12537,26,32551,26,Female,Sales,5/5/2020,3
12538,33,41985,94,Female,Sales,10/2/2021,1
12539,42,27488,46,Female,Finance,7/9/2023,4
12540,28,54369,82,Female,Marketing,30/11/2024,3
12541,62,36326,94,Male,Marketing,10/8/2024,4
12542,43,24741,100,Female,IT,8/2/2020,1
12543,20,39527,NA,*,IT,22/3/2023,4
12544,49,0,28,Female,Finance,24/1/2023,2
12545,33,34421,0,Male,IT,12/3/2023,5
12546,18,51046,*,Female,IT,25/6/2020, 
12547,30,NA,67,Female,Sales,2/1/2020,5
12548,30,54189,5,Male,NA,19/4/2021,4
12549,43,43569,37,Male,Sales,31/3/2023, 
12550,27,28472,79,*,Marketing,1/5/2022,1
12551,20,51537,84,Male,IT,9/4/2024,4
12552,-,23190,62,Male,HR,27/11/2023,2
12553,23,26108,52,Female,Marketing,23/1/2020,1
12554,52,29627,66,Female,HR,8/12/2020,2
12555,64,21392,12,*,,29/11/2020,4
12556,43,30770,68,Male,IT,2/6/2020,1
12557,39,22559, ,Female,Finance,1/7/2020,3
12558,NA,22106,2,Male,HR,7/7/2022,2
12559,30,0,3,Male,HR,7/7/2023,1
12560,18,0,31,Female,IT,23/3/2020,2
12561,30,32169,63,,Sales,12/12/2023,2
12562,20,38803,23,Male,Operations,12/3/2022,1
12563,34,31616,17,Male,HR,14/3/2021,2
12564,18,28425,56,Male,Operations,26/11/2022,4
12565,35,16022,96,Female,HR,15/4/2023,2
12566,41,29360,28,NA,Operations,29/2/2024,4
12567,59,34351,-,Male,Finance,23/10/2024,*
12568,32,39713,8,Male,,4/8/2020,5
12569,58,34222,43,Male,HR,5/4/2024,3
12570,37, ,79,Male,,9/12/2022,3
12571,59,38809, ,Female,HR,25/10/2022,
12572,21,8925,60,Male,HR,22/6/2024,
12573,34,25370,31,Female, ,12/12/2021,-
12574,20,40434,37,Female,Operations,23/2/2021,5
12575,25,37862,20,Male,Marketing,28/3/2020,1
12576,55,42599,25,Female,Operations,1/10/2023,3
12577,62,8779,3,Male,HR,16/7/2021,4
12578,34,22152,18,Female,Operations,24/2/2021,4
12579,58,57324,18,Female,IT,19/5/2020,4
12580,20,43811,17,Female,Marketing,8/5/2024,1
12581,33,28649,67,Female,Operations,29/9/2024,*
12582,63,57284,70,Male,IT,16/8/2024,2
12583,32,23507,24,Male,Finance,23/2/2024,1
12584,50,42890,49,Male,Marketing,19/3/2020,2
12585,36,13771,53,Female,Finance,19/5/2022,5
12586,32,54330,3,Female,Marketing,26/2/2023,3
12587,61,-,98,-,IT,28/6/2021,1
12588,46,0,77,Female,Sales,18/2/2024,5
12589,62,23260,32,Female,Marketing,8/6/2023,1
12590,49,36287,0,Male,IT,6/9/2021,2
12591,59,38897,41,Male,Marketing,29/7/2020,4
12592,58,,24,Female,HR,25/1/2020,4
12593,45,37063,-,NA,Marketing,1/3/2022,4
12594,48,41834,59,Female,IT,23/11/2024,3
12595,31,35151,24,Female,Marketing,8/10/2022,1
12596,,23037,25,-,Marketing,8/6/2023,3
12597,44,34811,31,Male,IT,20/4/2021,5
12598,27,-,-,Male,HR,20/9/2020,3
12599,*,46230,21,Female,Finance,12/9/2020,2
12600,32,,27,Female,Finance,21/9/2022,
12601,-,37744,79,Female,IT,8/11/2020, 
12602, ,53183,9,NA,Operations,2/12/2024,5
12603,64,58850,18,Female,Operations,27/7/2021,2
12604,35,35360,61,Female,Marketing,27/11/2020,5
12605,31,32284,15,Female,HR,7/12/2021,2
12606,29,39757,84,Female,Sales,12/8/2023,3
12607,29,29230,49,Male,Sales,28/3/2022,5
12608,38,29249,30,,IT,17/3/2023,3
12609,40,37660,56,*,-,8/8/2021,1
12610,42,45361, ,NA,Finance,4/9/2023,4
12611,57,-,14,Male,Operations,23/4/2021,4
12612,53,,67,Male,Marketing,29/1/2023,4
12613, ,32812,19,Male,Finance,29/5/2020,-
12614,40,32014,32,Female,IT,15/5/2023,2
12615,35,34031,-,Male,Finance,8/3/2021,2
12616,34,34420,3,Male,HR,20/2/2023,2
12617,31,52139,-,Female,IT,16/3/2021,5
12618,46,18677,31,Male,HR,22/11/2024,4
12619,NA,-,47,Female,IT,5/11/2022,5
12620,43,NA,49,Female,Finance,23/1/2023,4
12621,46,27736,69,Male,IT,7/2/2023,3
12622,58,NA,8,Female,Finance,9/11/2024, 
12623,25,,NA,*,Sales,18/2/2023,5
12624,NA,57407,82,Male,HR,25/11/2024,4
12625,18,20842,100,Female,Marketing,28/10/2022,1
12626,32,32755,77,-,IT,3/1/2023,4
12627,63,36873,9,Male,Sales,15/8/2023,1
12628,57,35686,47,Male,Marketing,9/3/2022,5
12629,43,31535,85,*,Operations,19/6/2024,5
12630,64,NA,-,Male,HR,13/11/2023,1
12631,51,52556,94,Male,Finance,3/5/2021,3
12632,44,30330,60,Male,Operations,5/6/2023,3
12633,22,29481,37,Female,Finance,18/7/2021,5
12634,20,0,95,Male,IT,25/9/2022,2
12635,63,42584,92,Male,Finance,29/10/2023,4
12636,32,21532,16,Male,Sales,1/2/2021,3
12637,24,17674,38,Male,NA,7/1/2022,5
12638,42, ,8,Male,Finance,21/5/2020,4
12639,58,,60,Female,IT,6/9/2020,3
12640,57,37840,36,Male,*,22/3/2024, 
12641,33,20542,54,Male,IT,27/11/2023,2
12642,31,48600,93,Female,Sales,4/6/2024,2
12643,52,34424,NA,Female,Operations,4/11/2021,1
12644,55,NA,5,Female,Operations,18/4/2022,
12645,52,40190,15,Female,IT,12/6/2021,1
12646,22,21067,-,*, ,21/12/2023,3
12647,29,29823,93,Female,Finance,7/6/2022,5
12648,45,10971,65,Male,HR,20/4/2023,2
12649,46,52909,31,Male,IT,24/12/2022,5
12650,37,44867,61,Male,,4/12/2021,3
12651,41,37744,12,Female,Operations,21/6/2020,4
12652,62,50196,-,-,Marketing,25/11/2022,1
12653,33,42039,89,Female,HR,14/6/2024,4
12654,52,0,80,Female,IT,1/12/2023,4
12655,19,20712,56,Male,HR,27/4/2024,1
12656,41,NA,99,Female,Finance,7/2/2024,1
12657,37,14793,-,Male,-,15/3/2024,-
12658,22, ,93,Male,HR,16/1/2022,2
12659,20,39943,NA,Male,Sales,8/8/2023,4
12660,51,30598,5,Male,Sales,26/5/2022,3
12661,44,21073,98,Male,HR,7/1/2024,2
12662,50,-,25,Male,Sales,20/7/2023,4
12663,54,31877,17,Female,Marketing,24/11/2023,1
12664,19,22191,*,Male,IT,25/5/2021,5
12665,25,27400,41,Female,Finance,2/12/2024,4
12666,57,28157,*,Male,Operations,27/8/2023,2
12667,*,30088,42,Female,Finance,25/4/2022,-
12668,33,25396,*,Male,Sales,30/3/2023,*
12669,41,25220,32,Female,IT,8/5/2024,3
12670,58,40377,93,Male,,12/6/2020,3
12671,40,25175,29,Male,Sales,23/6/2020,1
12672,19,24515,72,Female,Finance,19/10/2023,4
12673,44,18184,94,Female,HR,22/4/2023,5
12674,62,49058,6,Female,,25/3/2020,5
12675,54,22805,77,Male,HR,7/10/2023,2
12676,57,67664,74,Male,Finance,29/7/2023,1
12677,26,38651,97,Female,Sales,14/6/2020,3
12678,19,23730,,Male,IT,13/4/2024,5
12679,38,33047,98,*,Marketing,5/3/2020,4
12680,60,23926, ,Male,*,16/1/2024,3
12681,19,46601,19,Female,Operations,28/5/2022,1
12682,62,38100,0,Male,*,11/3/2020, 
12683,48,31969,91,Male,Sales,20/7/2024,3
12684,27,47040,30,Male,Operations,27/10/2021,2
12685,40,29865,14,Male,Finance,15/7/2024,5
12686,62,41686,33,Female,IT,1/9/2024,4
12687,49,50452,9,Male,HR,2/1/2021,5
12688,-,51017,72,Male,Finance,23/2/2021,1
12689,NA,46972,65,Female,Finance,4/8/2023,1
12690,*,0,32,Male,Marketing,4/9/2021,2
12691,62,45571,68,Male,Finance,30/9/2024,5
12692,56,34424,3,Female,HR,3/12/2023,1
12693,54,48888,19,Male,Marketing,10/11/2020,5
12694,49,29511,93,Male,Finance,13/3/2023,1
12695,60,44143,38,Female,Marketing,1/8/2023,5
12696,44,-,69,Female,Marketing,3/9/2021,NA
12697,,21663,26,Male,Finance,28/12/2023,2
12698,55,28234,62,Male,HR,11/5/2020,3
12699,37,28159,1,Male,Marketing,17/1/2020,2
12700,41,41307,28,Female,NA,21/9/2021,3
12701,-,0,4,Male,Finance,18/5/2021,2
12702,52,23638,-,Female,-,5/2/2021,-
12703,37,40098,61,Male,IT,4/11/2024,4
12704,30,*,8,Male,Sales,7/9/2022,1
12705,20,45590,49,Male,IT,16/7/2022,1
12706,38,28879,37,Male, ,25/1/2024,3
12707,*,-,25,Male,Marketing,3/4/2022,4
12708,18,,81,Male,Operations,24/11/2022,2
12709,29,38390,98,Female,Operations,13/4/2022,2
12710,48,19224,32,Female,IT,12/8/2021,-
12711,48,23011,84,Male,Sales,7/2/2022,4
12712,49,,65,-,HR,5/4/2021,4
12713,20,36581,19,Female,HR,19/2/2023,3
12714,21,24820,NA,Male,Finance,17/7/2022,1
12715,39,40468,93,Male,Operations,20/7/2023,5
12716,54,32671,77,Male,Marketing,1/5/2021,1
12717,21,23035,54,Male,Finance,4/8/2024,3
12718,41,0,66,Male,Finance,14/4/2020, 
12719,21,21344,-,Male,Marketing,3/5/2024,2
12720,36,31400,68,Female,IT,31/12/2021, 
12721,21,17858,40,Female,HR,17/5/2021,1
12722,41,16212,93,Male,Finance,1/1/2020,4
12723,48,17721,36,Male,Operations,3/11/2020,1
12724,31,47119,15,Female,IT,28/7/2024,5
12725,,17718,92,Female,Finance,1/7/2023,5
12726,52,32665,0,Male,Sales,2/7/2022,1
12727,33,50034,83,,Operations,11/8/2022,2
12728,35, ,39,Female,IT,3/1/2023,5
12729,56,55175,67,,Marketing,10/8/2022,1
12730,53,42290,,Male,Operations,2/9/2024,NA
12731,18,48664,61,Female,Marketing,2/7/2024,2
12732,53,0,91,Female,Operations,16/10/2020,4
12733,20,30187,0,Female,Finance,5/4/2022,2
12734,29,43464,8,Male,IT,27/9/2024,1
12735,30,0,,Male,IT,21/3/2022,2
12736,33,27085,57, ,Sales,15/4/2022,5
12737,30,20743,7,Male,IT,25/8/2022,4
12738,57,55339,7,Female,Finance,2/12/2023,5
12739,26,17493,71,Female,Finance,22/9/2020,4
12740,56,27750,95,Female,HR,28/8/2022,5
12741,32,33918,28,Female,IT,22/8/2024,1
12742,34,37703, ,Male,Finance,9/10/2021,5
12743,33,31110,93, ,Finance,24/9/2024,5
12744,25,22449,14,Female,IT,13/10/2020,-
12745,-,46018,83,Male,Sales,15/8/2024,3
12746,57,26180,20,Female,Operations,9/12/2020, 
12747,64,47407,44,Male,HR,15/2/2021,3
12748,49,44066,99,Male,HR,25/5/2022,4
12749,40,32250,46,Female,Sales,21/3/2024,3
12750,60,,46,,Sales,5/8/2023,5
12751,22,21923,25,Male,IT,25/4/2022,3
12752,64,54334,57,Female,Sales,4/6/2022,5
12753,39,44085,20,Female,Marketing,7/3/2020,3
12754,51,28798,83,Male,HR,20/8/2021,2
12755,34,31378,17,Female,Finance,15/7/2021,3
12756,28,NA,46,Female,Operations,6/6/2021,5
12757,27,16489,*,Male,IT,4/7/2022,5
12758,55,35088,10,Male,IT,14/3/2022,NA
12759,45,48478,0,Male,Finance,22/6/2024,4
12760,23,38209,96,Male,Sales,16/9/2020,2
12761, ,12412,4,NA,Operations,19/2/2024,3
12762,51,42748,79,Male,IT,22/11/2020,2
12763,44,45980,37,Female,Operations,14/8/2021,3
12764,NA,53085,69,Male,,28/3/2022,1
12765,19,37804,66,Female,Marketing,2/8/2021, 
12766,47,23726,93,Female,Marketing,4/5/2020,2
12767,38,42324,60,Male,Operations,26/3/2024,3
12768,57,16444,91,Female,Sales,6/12/2021,1
12769,50,42284,92,Male,Operations,19/12/2023,2
12770,29,37751,56,Female,Operations,1/6/2022,5
12771,57,28087,*,-,HR,23/9/2024,5
12772,20,42665,71,Female,NA,19/3/2021,4
12773,49,26907,53,Female,Operations,15/6/2022,2
12774,36,24901,54,Male,-,9/8/2022,5
12775,42,16943,1,Female,Sales,10/2/2021,5
12776,42,21848,28,Male,Finance,19/5/2024,2
12777,35,11725,22,Female,HR,30/1/2021,1
12778,29,48030,48,Female,HR,2/9/2020,2
12779,61,49523, ,Female,Operations,7/2/2022,1
12780,56,21538,64,Male,IT,24/2/2024,5
12781,61,29078,43, ,Operations,11/3/2024,4
12782,49,25814,32,Male,Operations,20/4/2023,4
12783,22,44417,7,Female,HR,17/4/2020,2
12784,25,41932,64,Male,Finance,1/11/2022,1
12785,49,32528,85,Female,Marketing,2/5/2021,5
12786,49,33345,69,Female,Sales,21/9/2021,*
12787,52,43949,28,Male,Marketing,19/5/2020,5
12788,29,0,64,Male,Operations,7/1/2024,1
12789,*,23346,30,Male,IT,14/1/2020,5
12790,61,21685,97,Female,Marketing,31/3/2022,4
12791,34,44210,55,Male,HR,26/2/2023,1
12792,52,15172,39,Male,Marketing,14/8/2024,3
12793,32, ,28,Male,IT,20/12/2021,2
12794,48,30153,71,Male,Marketing,26/6/2023,3
12795,27,41884,76,Female,Finance,2/6/2022,3
12796,34,41180,64,Male,Finance,26/10/2021,3
12797,38,19958,54,Female,Sales,28/6/2024,1
12798,51,36998,39,Female,IT,6/8/2024,
12799,54,17674,45,Female,Finance,31/3/2024,-
12800,51,37409,-,Female,HR,25/1/2021,5
12801,19,47532,12,Male,NA,1/2/2024,4
12802,49,34283,10,Female,Operations,20/5/2023,2
12803,58,29384,11,Female,Operations,11/9/2021,3
12804,34,31003,64,Male,Sales,13/3/2022,4
12805,59,32999,0,Female,Marketing,27/3/2023,4
12806,25,26006,10,Male,Finance,15/3/2020,4
12807,24,38116,34,Male,Marketing,2/8/2023,2
12808,38,0,-,Female,Marketing,11/3/2023,-
12809,31,48467,73,Female,Sales,10/7/2023,4
12810,21,38936,57,Male,Sales,19/1/2020,1
12811,30,,13,Male,Marketing,23/11/2020,2
12812,22,29581,86,Female,IT,30/9/2023,5
12813,40,30058,0,,Sales,1/11/2021,3
12814,64,37425,100,Male,Sales,23/9/2024,5
12815,*,47390,66,Male,Operations,24/4/2022,-
12816,31,49052,59,Female,HR,29/2/2020,2
12817, ,24600,77,Male,IT,12/7/2022,3
12818,24,34345,78,Male,Operations,8/4/2020,-
12819,49,17572,55,Male,Finance,3/1/2023,2
12820,60,12005,36,Male,Operations,14/2/2024,2
12821,63,0, ,Female,-,6/3/2024,3
12822,40,32553,53,Female,Sales,20/7/2020, 
12823,43,18715,14,Female,Operations,1/8/2024,2
12824,28,0,63,Male,HR,14/12/2020,4
12825,38,20486,55,Male,Sales,23/3/2021,1
12826,33,*,65,Male,Sales,21/11/2022,2
12827,29,34320,90,Male,Marketing,31/7/2023,NA
12828, ,31583,69,Female,HR,26/1/2024,NA
12829,19,28823,17,Female,Finance,8/1/2021,3
12830,35,27688,41,Male,HR,19/8/2022,2
12831,61,46464,53,NA,HR,2/8/2023,4
12832,44,40627,38,Male,IT,5/9/2022,3
12833,64,54581,3,Male,Marketing,9/11/2023,4
12834,33,17335,98,Female,HR,13/10/2023,1
12835,31, ,2,Male,HR,9/11/2020,1
12836,58,21133,NA,Female,HR,22/7/2022,3
12837,50,48282,17,Male,,12/8/2022,4
12838,,40406,61,Male,-,21/2/2021,2
12839,63,44664,52,Male,HR,7/3/2022,3
12840,22,33232,14,Female,Sales,10/2/2020,2
12841,38,41733,73,Male,Sales,22/11/2021,2
12842,50,58631,61,Male,,26/1/2024,2
12843,32,36527,95,Female,IT,7/12/2020,5
12844,62,31840,19,Female,IT,14/7/2024,5
12845,28,37332,-,Female,Sales,2/6/2021,2
12846,20,35241,93,Male,Marketing,28/6/2020,2
12847,57,31993,21,*,Finance,10/5/2021,4
12848,19,49908,21,Female,IT,7/2/2021,4
12849,24,45250,6,Male,IT,2/8/2023,2
12850,39,47098,11,Male,Sales,29/9/2021,4
12851,*,24446,18,Female,Marketing,30/9/2022,4
12852,21,48202,64,Female,IT,15/12/2022,4
12853,21,51693,37,Male,-,11/9/2021,1
12854,48,53769,27,Male,Marketing,21/1/2024,1
12855,23,40049,83,Male,IT,26/12/2020,2
12856,46,31250,20, ,Sales,26/8/2022,1
12857,53,43334,38,Male,Finance,25/8/2020,3
12858,23,62123,24,Female,,6/1/2022,5
12859,27,19964,5,Male,Operations,7/11/2020,4
12860,51,53661,36,Male,Sales,8/7/2021,3
12861,27,31559,34,Female,IT,28/8/2024,2
12862,48,13245,6,Female,IT,27/8/2024,3
12863,29,,39,Male,Finance,10/1/2024,4
12864,52,25850,40,Female,HR,23/2/2022,1
12865,61,42538,13,-,Sales,12/1/2024,*
12866,44,*,28,,Operations,1/12/2023,3
12867,53,33002,14,Female,Operations,5/9/2020,2
12868,35,39493,31,Male,HR,13/6/2024,1
12869,35,43675,53,Male,Operations,14/8/2024,1
12870,30,NA,-,NA,Finance,2/10/2021,4
12871,48,40675,*,Female,HR,28/10/2022,4
12872,-,NA,69,Male,IT,23/9/2024,2
12873,64,25135,1,Female,Finance,21/6/2021,*
12874, ,0,94,Male,Sales,18/1/2023, 
12875,54,24983,9,Female,Marketing,17/4/2023,4
12876,*,29125,90,Male,Finance,10/8/2022,3
12877,34,41146,48,Female,Operations,3/6/2024,1
12878,49,41660,10,Male, ,25/1/2022,1
12879,40,16526,56,Female,IT,6/11/2020,5
12880,23,13949,48,Female,Marketing,31/7/2022,3
12881,38,38967,48,Male,IT,8/6/2022,4
12882,30,42575,100,Female,Sales,11/3/2020,3
12883,28,23787,0,Female,Operations,12/11/2021,3
12884,30,42252,51,Female,IT,2/2/2023,2
12885,34,17907,67,Female,Finance,13/3/2024,1
12886,56,34638,83,Male,-,17/10/2020,1
12887,24,34328,*,Female,Finance,14/11/2023,5
12888,25,49505,62,Male,Finance,13/3/2022,5
12889,42,47270,83,Male,Marketing,21/9/2023,3
12890,47,33220,29,Male,Marketing,30/11/2022,-
12891,46,38141,63,Male,HR,9/3/2023,NA
12892,56,32288,8,Male,HR,30/8/2021,*
12893,64,42775,7,Male,Sales,20/2/2024,5
12894,25,22947,6,Female,Marketing,13/9/2022,4
12895,55,29412,67,Male,HR,7/2/2020,2
12896,33,29725,77,Male, ,30/5/2023,3
12897,25,46359,30,Female,Marketing,7/3/2021,4
12898,53,40223,100,Female,IT,17/1/2022,1
12899,30,35653,77,Male,Operations,20/9/2024,3
12900,48,18947,0,Female,HR,3/10/2022,3
12901,63,17980,53,Female,Finance,12/5/2024,3
12902,38,24009,29,Male,IT,13/3/2022,4
12903,52,-,27,Male,Sales,7/2/2020,3
12904,49,41896,57,Male,IT,2/11/2020,5
12905,49,-,70,Female,Sales,12/4/2021,2
12906,NA,42833,83,Male,IT,28/7/2023,3
12907,18,53500, ,Female,Operations,4/10/2024,3
12908,44,11740,32,-,Operations,23/2/2021,1
12909,24,35805,78,Male,Finance,10/4/2020,3
12910,37,43320,0,Female,NA,3/5/2024,5
12911, ,28474, ,Female,Operations,12/6/2021,1
12912,30,51233,72,Female,HR,26/5/2022,3
12913,25,15629, ,Female,Sales,9/10/2024,
12914,52,64473,16,Male,HR,27/1/2023,5
12915,54,47188,63,Female,Finance,1/11/2020,1
12916,NA,20885, ,Female,*,4/1/2022,3
12917, ,0,41,Female,Finance,19/6/2023,2
12918,60,54366,NA,*,Finance,20/12/2023,2
12919,28,32881,72,Male,HR,6/2/2020,4
12920,45,13843,42,Male,IT,9/7/2021,2
12921,*,39829,36,Female,IT,21/1/2024,4
12922,49,31398,98, ,Marketing,29/1/2021,1
12923,25,46703,5,Male,HR,8/8/2023,5
12924,60,35289,23,Female,IT,7/8/2022,3
12925,32,-913,48,Male,Finance,11/9/2022,1
12926,58,24854,86,Male,Marketing,28/5/2022,4
12927,60,20710,98,Male,Sales,4/1/2024,5
12928,33,*,94,Male,Marketing,2/7/2022,2
12929,35,47913,74,Female,Marketing,5/12/2021,1
12930,31,NA,3,Male,Marketing,21/11/2023,2
12931,51,16815,100,Female,Marketing,8/4/2022,1
12932,58,31323,22,Female,HR,5/10/2020,5
12933,47,31840,15,Female,Sales,1/9/2021,2
12934,33,32981,0,,Operations,8/4/2021,5
12935,38,52996,*,Male,Marketing,22/11/2023,2
12936,60,0,89,Male,HR,10/3/2023,3
12937,39,NA,32,Female,Finance,8/1/2020,5
12938,32,53163,27,Female,Marketing,29/7/2021,2
12939,18,18038,38,*,Sales,8/5/2022,1
12940,31,47065,26,Male,Sales,14/6/2024,4
12941,30,59277,2,Female,,24/11/2023,2
12942,37,49478,7,Male,Finance,27/5/2024,4
12943,18,*,73,Male,Sales,14/8/2021,3
12944,32,27279,26,Male,Marketing,12/4/2021,5
12945,41,35072,47,Male,-,28/6/2022,
12946,43,44149,74,Male,Marketing,25/8/2023,1
12947,36,33278,65,Male,Sales,10/3/2024,4
12948,36,38952,93,Female,Finance,7/9/2024,5
12949,58,25426,41,Male,NA,16/10/2022,5
12950,61,44962,35,Female,Operations,26/1/2022,*
12951,59,32071,91,Female,Marketing,4/1/2022,1
12952,27,51306,41,Male,HR,14/3/2024,3
12953,18,26804,98,Male,Finance,30/4/2022,4
12954,44,37020,62,Female,HR,20/8/2021,3
12955,39,38935,8,Male,Operations,12/8/2021,3
12956,48,10466,20,Male,Finance,12/3/2022,1
12957,41,32632,10,Male,-,6/9/2024,2
12958,41,25894,60,Female,IT,29/7/2024,-
12959,37,37627,46,Male,Finance,3/3/2020,3
12960,21,46640,67,Female,,28/12/2022,4
12961,20,35584,27,Male,Sales,22/7/2020,NA
12962,51,23586,0,Male,IT,6/11/2021,4
12963,18,46287, ,Male,Sales,22/6/2022,2
12964,64, ,90,Female,Marketing,12/4/2021,*
12965,NA,33693,59,Female,Marketing,25/7/2021,3
12966,37,37073,4,Female,IT,16/1/2020,3
12967,21,42072,64,Female,Marketing,25/5/2024, 
12968,52,19120,100,Male,Finance,28/6/2020,3
12969,-,41659,*,Female,Operations,12/9/2023,5
12970,-,40376,91,Female,HR,16/8/2020,2
12971,25,18541,36,Female,Sales,22/5/2023,3
12972,,36714,70,Male,Marketing,1/7/2022,1
12973,32,NA, ,Female,HR,9/4/2023,3
12974,64,44465,-,Male,Marketing,8/10/2021,1
12975,58,35605,66,Male,HR,22/2/2023,3
12976,34,37498,NA,-,HR,9/8/2022,5
12977,57,33548,20,Male,IT,18/9/2021,5
12978,57,NA,3,Female,Sales,16/10/2022,4
12979,29,48333,19,Female,Sales,29/5/2024,2
12980,18,22702,33,Male,Operations,16/4/2022,3
12981,32,36693,87,Male,Finance,24/12/2021,NA
12982,36,44408,44,Female, ,4/9/2020,3
12983,41,26154,98,Female,Operations,22/9/2021,4
12984,26,32548,17,Female,Sales,11/5/2020,4
12985,32,26360,46,Female,Marketing,12/11/2024,4
12986,34,,26,Female,*,27/3/2024,2
12987,43,41729,61,Male,Operations,4/10/2022,5
12988,45,27895,NA,Female,Operations,28/12/2021,4
12989,53,32555,79,Female,Operations,6/4/2021,5
12990,23,28620,87,Female,Finance,30/3/2020,5
12991,NA,40701,64,Female,IT,24/5/2021,2
12992,,*,90,Female,Sales,12/2/2022,4
12993,19,33761,77,Male,Sales,28/5/2022,2
12994,30,21987,14,Female,Operations,15/8/2022,5
12995,29,34452, ,Female,Operations,22/8/2022,4
12996,NA,31867,*,,HR,28/9/2020,3
12997,64,22792,NA,Female,Finance,16/8/2023,3
12998,42,63419,65,Male,NA,12/8/2024,1
12999,64,13587,73,Male,IT,13/7/2024,NA
13000,22,17063,79,Male,Finance,17/5/2024,NA
13001,59,-4415,21,Female,HR,2/12/2021,3
13002,26,52258,NA,Male,Finance,2/10/2024,*
13003,30,33412,58,*,Marketing,5/12/2022,2
13004,32,NA,84, ,Marketing,29/1/2023,4
13005,64,30501,52,Male,Marketing,15/12/2023,4
13006,59,37440,49,Female,Marketing,12/11/2023,-
13007,34,38656,81,Male,HR,24/2/2022,2
13008,59,30717,96,Female,Operations,14/10/2023,3
13009,18,29757,27,Male,Marketing,29/4/2021,1
13010,61,6324,23,Male,Finance,14/2/2020,3
13011,53, ,60,Female,Marketing,16/8/2020,3
13012,49,13551,59,Female,IT,2/11/2024,2
13013,50, ,95,Male,*,23/11/2020,1
13014,20,34386,49,Female,Marketing,26/3/2023,5
13015,46,39577,18, ,Marketing,29/7/2024,1
13016,40,43430,,Female,Operations,11/11/2021,4
13017,59,24921,67,Male,HR,24/2/2020,3
13018,50,34435,86,Male,HR,7/9/2024,2
13019,29,37478,NA,Male,Operations,24/6/2020,4
13020,52,39291,-,Female,Marketing,24/4/2022,3
13021,48,44741,0,Female,Sales,1/3/2020,5
13022,28,44844,66,Male,Operations,17/7/2024,5
13023,45,NA,47,Male,Marketing,28/5/2022,NA
13024,26,*,97,Female,*,9/6/2023,3
13025,61,16352,89,Female,Marketing,19/2/2023,4
13026,22,35391,25,Male,Operations,15/11/2021,3
13027,61,29090,,Female,Sales,17/7/2024,5
13028,50,38954,84,Male,HR,16/8/2022, 
13029,62,16197,97,Male,IT,25/4/2024,3
13030,52,32712,0,Female,Operations,24/7/2023,1
13031,57,53948,22,Female,IT,31/7/2024,2
13032,38,-,79,Male,Operations,23/4/2024,2
13033,28,-2631,*,Male,Sales,1/1/2022,4
13034,61,32090,9,Female,Sales,17/11/2022,3
13035,32,33195,71,Female,*,29/6/2022,2
13036,30,37959,73,Male,Operations,1/5/2021,3
13037,42,42085,83,Male,IT,21/8/2023,5
13038,57,19717,56,Female,IT,28/8/2024,2
13039,,41722,48,Male,IT,20/10/2023,5
13040,33,33679,NA,Female,Finance,8/8/2020,4
13041,42,,61,Male,Operations,6/10/2020,2
13042,,44475,76,Female,IT,30/12/2021,5
13043,27,NA,14,Male,Marketing,30/3/2021,4
13044,48,31804,31,Female,Marketing,19/11/2024,3
13045,56,39418,18,Male,Sales,7/8/2022,5
13046,43,25628,53,Male,Operations,15/10/2020,3
13047,55,24657,88,Male,HR,8/5/2020,2
13048,19,NA,87,Female,-,10/6/2022,5
13049,37,53373,12,Male,Marketing,25/12/2023,2
13050,58,47752,75,Male,Marketing,31/5/2020,4
13051,,56156,19,Male,IT,22/5/2023,4
13052, ,50886,94,Male,IT,21/10/2024,1
13053,52,38909,0,Male,Marketing,6/11/2020,3
13054,28,0,*,Female,Finance,21/2/2023,2
13055,NA,48271,NA,Male,HR,27/7/2020,5
13056,,15617,31,Female,*,1/11/2020,2
13057,63,51036,88,Female,Operations,20/8/2024,2
13058,34,29482,75,Female,IT,15/9/2023,4
13059,37, ,17,Female,Sales,17/8/2023,-
13060,24,27533,48,Male,Finance,13/10/2023,3
13061,24,24032,25,Male,Sales,29/7/2024,5
13062, ,42321,36,Male,HR,19/1/2021,*
13063,26,29621,97,Female,Operations,5/4/2023,2
13064,46,23669,,Male,IT,13/6/2021,3
13065,*,48928,83,Female,Operations,8/3/2023,2
13066,43,51650,8,Male,HR,27/2/2021,2
13067,25,40130,58,Female,IT,15/9/2024,4
13068,22,0,81,Female,HR,22/1/2021,3
13069,43,32388,59,Female,Operations,28/7/2021,1
13070,25,36872,24,Female,Finance,24/9/2022,5
13071,48,0,1,Male,,14/5/2024,1
13072,64,33962,6,,NA,12/12/2021,4
13073,54,33476,79,Male,IT,17/11/2023,2
13074,23,34184,58,Male,Operations,22/11/2020,3
13075,43,31842,15,Male,,11/7/2021,5
13076,45,39974,20,NA,Finance,14/12/2023,4
13077,27,0,72,Female,IT,19/11/2020,1
13078,,50534,16, ,IT,18/4/2021,1
13079,60,,48,Male,HR,29/6/2020,1
13080,59,33478,32,Male,NA,25/10/2023,1
13081,27,31807,97,Male,Finance,11/6/2023,5
13082,30,18567,34,Male,-,11/12/2021,4
13083,41,24183,81,Male,HR,19/11/2020,5
13084,64,39923,37,Male,Finance,7/2/2024,1
13085,*,39256,14,Male,Sales,18/2/2024,2
13086,30,45562,38,Male,Finance,31/5/2024,4
13087,27,16579,44,Male,IT,20/9/2024,2
13088,51,29871,16,Male,HR,3/5/2021,5
13089, ,18516,78,Male,HR,16/12/2023,4
13090,38,28402,5,Female,HR,7/1/2021,5
13091,38,17588,91,Male,IT,1/3/2024,1
13092,28,20959,46,Male,Sales,17/11/2021,3
13093,31,29995,99,Male,Finance,25/9/2020,3
13094,50,54681,8,Female,Sales,9/3/2020,4
13095,56,56197,77,Female,IT,27/11/2020,2
13096,-,41189,0,Female,Operations,3/4/2024,3
13097,61,3938,24,Female,Finance,17/9/2024,2
13098,26,36339,67,Female,Operations,25/8/2022,3
13099,26,-,38,Female,,8/3/2021,3
13100, ,35789,51,Female,Finance,23/11/2024,4
13101,63,28579,13,Male,Sales,22/12/2021,3
13102, ,20570,46,Male,Operations,14/7/2020,1
13103,40,0,63,Male,Operations,22/9/2021,NA
13104,44,NA,94,Male, ,15/4/2022,1
13105,NA,51632,21,Male,Marketing,12/3/2022,4
13106,22,41804,66,Male,Finance,9/2/2021,3
13107,31,61205,59,Male,IT,5/10/2021,4
13108,59,*,71,Female,HR,5/10/2021,3
13109,38,35430,87,Male,HR,31/5/2020,3
13110,60,0,-,Female,HR,4/5/2022,3
13111,63,26606,88,Male,Sales,12/10/2021,3
13112,54,30993,21,NA,Operations,24/6/2024,1
13113,27,36523,52,Male,*,22/8/2024,2
13114,23,10965,69,Female,Sales,7/7/2022,*
13115,64,42856,82,Male,Finance,2/4/2020,2
13116,,*,39,Female,Operations,29/7/2020,1
13117,-,39450,70, ,Operations,9/8/2021, 
13118,49,43964,87,Female, ,18/6/2020,3
13119,*,27639,71,Male,HR,8/1/2021,3
13120,53,24856,18,Female,Sales,29/3/2021,4
13121,49,35741,65,-,IT,1/9/2023,3
13122,53,42907,NA,Male,Finance,23/7/2021,2
13123,50,0,NA,Male,Operations,29/10/2022,3
13124,57,41348,16,Male,IT,6/12/2021,4
13125,63,45301,98,Male,*,19/3/2021,4
13126,*, ,,Female,Finance,29/6/2023,
13127,34, ,41,Female,IT,27/12/2021,NA
13128,19,29685,4,NA,HR,18/7/2021,3
13129,43,17373,14,Female,Sales,20/3/2022,1
13130,37,34020,90,Male,Operations,20/4/2022,3
13131,24,8165,86,*,Operations,28/6/2020,1
13132,61,27335,52,,NA,26/2/2023,4
13133,18,33854,NA,Female,Finance,18/2/2024,2
13134,-,43049,88,Female,IT,19/9/2020,2
13135,33,40285,96,Male,IT,10/7/2024,5
13136,35,14110,27,Male,,6/12/2021,4
13137,55,2411, ,Female,IT,28/12/2020,2
13138,38,38064,91,Male,Finance,19/4/2021,5
13139,57,33327,94,,IT,21/12/2022,3
13140,35,24031,NA,Male,-,16/12/2021,1
13141,23,47557,35,*,Marketing,22/9/2021,1
13142, ,30837,86,Male,Finance,5/4/2022,5
13143,39,41043,86,,IT,24/3/2024,2
13144,32,49876,85,Female,IT,14/11/2024,-
13145,37,43085,55,-,HR,10/10/2023,4
13146,63,-,70,Female,IT,21/7/2024,3
13147,48,52935,40,Female,IT,21/2/2022,-
13148,63,22044,76,Male,IT,23/9/2021,*
13149,59,52411,45,Female,Marketing,30/3/2021,3
13150,52,0,4,Male,Operations,4/6/2022,3
13151,24,63757,33,Female,Operations,16/4/2021,4
13152,27,20771,32,,Sales,8/10/2021,3
13153,46,53004,35,Female, ,17/10/2021,1
13154,51,36265,12,Female,Sales,26/11/2024,2
13155,32, ,*,Male,HR,29/3/2022,1
13156,48,49471,33,Female,HR,20/8/2021,2
13157,32,28379,3,Male,Operations,18/7/2024,4
13158,36,23523,91,Male,Finance,8/2/2021, 
13159,19,22990,79,Male,Finance,30/9/2020,2
13160,30,32625,90,Male,HR,9/8/2021, 
13161,41,47499,38,Male, ,7/3/2021,1
13162,30,36953,20,Female,HR,6/1/2023,1
13163,41,50296,98,Female,HR,1/9/2024, 
13164,62,69470,4,Male,Finance,12/2/2024,2
13165,25,18533,62,Female, ,29/10/2023,1
13166,55,20637,92,Male,Finance,6/3/2024,2
13167,25,37171,52,Female,Operations,6/6/2024,4
13168,24,42403,25,Female,Finance,24/11/2021,
13169,56,56840,94,Female,Sales,22/3/2020,2
13170,38,18845,24,Male,Marketing,24/3/2023,5
13171,46,29753,56,Female,Marketing,1/12/2023,5
13172,-,40914,75,Female,Operations,6/1/2023,5
13173,39,30679,NA,Female,Sales,24/7/2020,1
13174,24,27210,90,Male,Operations,20/2/2024,2
13175,30,32402,16,Male,Sales,1/12/2020,5
13176,34,34811,18,Female,Operations,24/7/2021,4
13177,24,38760,93,Female,Sales,12/1/2023,3
13178,58,17432,82,Female,Marketing,15/7/2022,3
13179,60,32638,81,*,HR,10/10/2023,1
13180,58,-3159,22,Female,HR,20/3/2024,3
13181,41,39679,87,Male,Finance,28/5/2023,2
13182,*,31360,96,Male,,2/12/2024,3
13183,21,19693,8,Female,HR,7/4/2023,3
13184,50,-,98,Female, ,11/9/2021,4
13185,63,24520,1,*,IT,25/8/2021,3
13186,29,36460,75,Male,Finance,18/3/2024,*
13187,33,39883,32,Male,Marketing,4/5/2024,4
13188,36,49517,96,Male,IT,5/8/2024,5
13189,48,38898,44,Male,Marketing,4/8/2023,2
13190,43, ,12,Male,HR,27/12/2021,4
13191,NA,0,4,Female,Finance,16/3/2023,3
13192,49,44434,91,NA,IT,18/4/2021,5
13193,37,33073,66,Male,Operations,10/12/2021,2
13194,43,30616,62,Female,Operations,20/10/2021,2
13195,31,-,65,Female,HR,2/2/2024,5
13196,,38171,7,Male,Finance,31/7/2023,4
13197,23,42288,62,Male,Marketing,9/5/2024,5
13198,28,39169,21,Female,NA,2/12/2024,4
13199,29,16040,72,Male,IT,14/10/2022,3
13200,44,35194,0,Female,IT,24/8/2021,2
13201,57,,29,Female,Finance,19/1/2020,3
13202,38,14809,3,Female,Sales,4/3/2022,3
13203,60,39823,72,Male,IT,6/6/2022,1
13204,21,26194,30,Female,HR,1/6/2023,4
13205,24,42863,26,Male,,27/6/2023,4
13206,27,37983,64,Male,Sales,7/10/2020,3
13207,28,30703,97,Female,Finance,2/10/2024,2
13208,23, ,52,Female,Sales,30/3/2022,3
13209,31,26569,32,Female,HR,26/4/2021, 
13210,50,44614,*,Male,HR,12/10/2020,3
13211,50,24369,0,Female,Sales,27/7/2021,NA
13212,54,18338,70,Male,HR,29/9/2024,3
13213,39,54874,77,Male,Sales,6/9/2024,
13214,32,51185,0,Male,Marketing,18/2/2020,5
13215,47,24310,67,-,IT,29/3/2023,4
13216,57,25276,24,Male,*,1/2/2023,1
13217,36,29436,28,,Operations,14/7/2022,2
13218,*,,59,Male,IT,30/8/2020,2
13219,25,45234,26,Female,IT,4/11/2020,3
13220,36,51087,41,Female,Finance,30/1/2020,*
13221,60,*,33,Female,Sales,13/7/2024,5
13222,54,31527, ,Male,,7/10/2024,2
13223,22,37665,27,Male,IT,17/4/2024,4
13224,48,26134,26,Female,IT,4/8/2023,3
13225,58,NA,90,Male,Operations,17/6/2023,1
13226,22,18755,81,Male,Finance,15/3/2021,2
13227,28,16992,61,Female,-,22/7/2023,-
13228,37,47572, ,Female,Sales,22/5/2024,2
13229,35,40313,,Male,Operations,25/10/2024,1
13230,46,39962,58,Male,Operations,26/5/2023,3
13231,46, ,58,Female,Finance,21/9/2020,2
13232,20,32821,41,Female,Sales,15/6/2020,4
13233,49,0,5,Female,Operations,26/10/2021,5
13234,53,40126,39,Female,IT,7/6/2022,5
13235,24,39283,1,Male,*,24/4/2024,5
13236,61,59938,21,Male,Marketing,10/3/2022,3
13237,52,36888,19,Female,Sales,22/2/2021,5
13238,42,18115,0,Male,Sales,6/1/2020,3
13239,44,49015,12,Male,Marketing,19/2/2020,5
13240,30,41786,13,Male,Sales,16/10/2020,3
13241,60,0,*,Male,HR,27/4/2023,*
13242,24,32260,92,Female,,1/9/2020,4
13243,NA,47085,NA,Female,*,30/7/2024,4
13244,52,24031,0,Female,Finance,3/11/2020, 
13245,20,51854,72,Female,HR,7/5/2021,3
13246,28,25179,45,Female,Operations,2/2/2020,3
13247,18,32443,25,Female,Finance,6/6/2023,NA
13248,62,39443,84,Female,Sales,2/12/2021,5
13249,46,38179,78,,HR,13/10/2024,4
13250,45,65603,49,Male,HR,11/11/2022,4
13251,26,0,21,Female,Marketing,31/12/2023,5
13252,57,30750,68,Male,IT,11/3/2022,5
13253,29,48376,24,Female,Sales,16/9/2024,2
13254,37,49464,82,Female,IT,3/10/2023,1
13255,18,0,87,Female,HR,8/2/2024,1
13256,21,43162,0,Male,Sales,18/7/2022,3
13257,43,-,9,Male,Finance,28/9/2023,1
13258,-,16533,62,Male,Marketing,21/6/2020,1
13259,38,23296,12,Male,Operations,27/7/2023,5
13260,23,54165,38,Female,NA,10/1/2024,2
13261,57,37606,46,Male,Operations,22/7/2024,1
13262, ,NA,81,Female,-,13/9/2022,3
13263,45,37237,99, ,Operations,6/11/2023,4
13264,24,32013,81,Female,Finance,19/2/2021,2
13265,25,34938,46,Female,Sales,18/6/2021,2
13266,63,20462,22,Female,HR,2/12/2023, 
13267,23,25515,39,Female,Sales,29/7/2022,3
13268,54,25222,28,Female,Finance,28/5/2024,1
13269,26,35085,46,Female,Sales,9/9/2022,3
13270,19,40840,8,Male,IT,21/10/2020,4
13271,33,0,28,Female,HR,23/12/2022,5
13272,46,*,84, ,Operations,4/6/2021,1
13273,23,44387,50,Male,Finance,16/5/2024,3
13274,26,28614,6,Male,Finance,22/9/2024,1
13275,62,41970,31,Male,IT,24/10/2021,2
13276,62,34575,85,Female,Finance,1/7/2022,1
13277,57,44466,39,Female,IT,4/11/2024,NA
13278,31,40068,72,Female,,23/8/2020,4
13279,53,21361,13,NA,Marketing,12/11/2024,3
13280,35,26937,0,Female,IT,25/9/2024,4
13281,53,*,80,Male,IT,31/1/2022,3
13282,56, ,87,Male,HR,29/8/2024,3
13283,58,32026,98,Male,HR,15/2/2020,5
13284,47,16680,33,Female,IT,5/4/2022,4
13285,54,30300,9,Male,Sales,5/12/2021,3
13286,36,23514,,-,IT,8/9/2022,5
13287,52,NA,88,Male,Marketing,6/8/2024,3
13288,26,49811,NA,*,Sales,1/2/2024,4
13289,24,39707,44,Female,IT,1/12/2024,5
13290,28,36234,-,Male,Sales,8/8/2024, 
13291,40,-,6,Male,HR,16/5/2021,2
13292,59,38300, ,Male,HR,18/4/2020,4
13293,56,0,52,NA,HR,15/5/2023,2
13294,64,20835,9,Female,HR,23/5/2024,2
13295,56,35396,NA, ,IT,2/1/2023,5
13296,43,11959,-,,HR,17/2/2022,
13297,18,31187,4,Female,,22/12/2020,2
13298,NA,45906,90,Male,Operations,30/8/2023,4
13299,57,25563,24,Male, ,20/10/2022,2
13300,32,32418,20,Male,IT,3/7/2024,1
13301,31,42103,,Male,Marketing,6/1/2021, 
13302,46,49137,0,Male,Finance,19/5/2021,1
13303,38,31440,66,Female,Marketing,1/12/2020,4
13304,52,49077,13,Female,HR,16/4/2021,1
13305,38,53990,81,Male,Operations,2/2/2020,4
13306,32,26539,75, ,IT,5/10/2024,1
13307,38, ,97,Male,Finance,7/9/2023,1
13308,20,35201,11,Male,Marketing,10/9/2020,2
13309,36,47562,81,Male,Sales,15/11/2022,3
13310,-,48233,74,Female,Finance,10/7/2023,2
13311,31,43075,9,Male,Marketing,11/6/2023,2
13312,51,41869,72,Female,HR,1/9/2022,4
13313,21,41737,NA,Female,Marketing,23/11/2024,4
13314,34,47582,3,Male,HR,19/11/2022,3
13315,59,40433,0,Female,Marketing,23/6/2023,1
13316, ,41782,6,Female,Operations,13/12/2023,1
13317,28,0,0,NA,Operations,11/3/2020,3
13318, ,27206,80,Male,HR,20/3/2023,
13319,-,35719,19,Male,Operations,5/4/2024,2
13320,32,30588,96,Female,Operations,15/10/2023,3
13321,18,38742,19,Female,Finance,18/11/2021,5
13322,48,45892,89,Male,,23/2/2024,1
13323,45,26008,35,Male, ,14/7/2024,2
13324,22,40381,20,Male,Sales,30/9/2020,2
13325,57,35926,20,Male,HR,7/1/2024,3
13326,-,32224,98,Female,Sales,17/5/2023,
13327,47,0,46,Male,Operations,8/4/2021,4
13328,47,46730,96,Female,Sales,1/2/2024,1
13329,39,29298,NA,Female,IT,13/2/2020,5
13330,50,54256,7,Female,Operations,11/10/2022,5
13331,21,33057,99,Female,Finance,3/6/2021,2
13332,37,38254,16,Male,IT,6/12/2022,4
13333,29,44723,31,*,Operations,8/5/2020,5
13334,50,*,95,Male,Marketing,13/9/2023,2
13335,26,NA,-,Male,HR,23/5/2021,4
13336,23,50668,33,Male,Operations,27/11/2024,4
13337,19,38337,13,Female,Sales,23/7/2021,4
13338,51,-,54,Female,Sales,9/10/2023,1
13339,64,20857,64,Male,IT,19/3/2021,5
13340,35,53402,90,Male,Marketing,3/4/2022,4
13341,30,0,100,Female,Marketing,10/1/2022,1
13342,54,23635,19,Female,HR,4/6/2021,2
13343,25,43841,3,Female,Sales,30/3/2023,2
13344,*,47325,94,Male,Operations,27/9/2022,-
13345,31,67831,1,Male,Operations,21/2/2021,3
13346,,233059,34,Female,Sales,30/9/2024,1
13347,31,-,NA,Female,Sales,26/7/2023,1
13348,25,0,49,Male,Marketing,21/3/2024,3
13349,50,32771,85,Male,Finance,6/6/2021,2
13350,-,42568,11,Female,IT,28/2/2021,3
13351,29,29021,68,Female,Finance,22/8/2023,4
13352,27,45915,88,Male,IT,2/6/2024,4
13353,25,26724,54,Male,IT,29/10/2021, 
13354,*,19483,42,Female,Finance,7/8/2021,3
13355,37,36506,19,Male,HR,27/11/2023,NA
13356,28,43722,40,-,Operations,21/4/2024,1
13357,33,39461,30,Female,IT,16/5/2023,2
13358,49,41193,93,Male,NA,2/6/2024,4
13359,57,62324,21,Male,Marketing,17/11/2021,4
13360,20,40468,87,Female,Finance,8/8/2023,2
13361,*,21072,46,Male,IT,27/6/2021,*
13362,30,40536,21,Female,Operations,8/7/2024,5
13363,,165112,10,Male,Sales,7/1/2021,1
13364,23,31464,60,Male,Marketing,23/10/2024,NA
13365,28,58197,96,Male,HR,12/11/2023, 
13366,60,40154,57,Female,Marketing,27/11/2022,4
13367,*,34304,86,Male,Marketing,18/9/2023,5
13368,63,25794,83,Female,Finance,6/2/2024,2
13369,48,36331,14,Male, ,12/5/2022,5
13370,46,30066,60,*,IT,5/10/2020,5
13371,57,67508,90,Male,Finance,9/6/2023,4
13372,46,42300,55,Female,Sales,23/7/2021,
13373,64,42712,37,Female,HR,13/8/2021,4
13374,61,6594,6,Female,Sales,18/7/2023,1
13375,51,44727,36,Male,Marketing,19/6/2022,4
13376,27,15749, ,Female,Marketing,3/10/2024,3
13377,59,41710,27,Female,Finance,14/2/2020,5
13378,59,*,87,Female,HR,1/1/2020,5
13379,45,41048,55,Male,Operations,20/5/2020,2
13380,24,17308,*,Male,Operations,6/4/2024,5
13381,52,46212,22,Female,Operations,12/2/2021,3
13382,20,-,12,Female,Operations,17/5/2023,4
13383,36,39859,12,Female,IT,28/3/2021,1
13384,21,22597,36,Male,IT,8/11/2022,
13385,37,0,74,Female,HR,5/10/2021,1
13386,34,35573,23,Female,Finance,11/4/2021,3
13387,30,*,0,Female,Operations,18/8/2023,3
13388,63,55645,37,Male,Sales,1/12/2023,3
13389,24,13106,,Male,IT,18/10/2021,3
13390,29,24237,98,NA,Operations,6/12/2023,4
13391,36,53240,61,Female,Sales,12/7/2020,NA
13392,23,15031, ,Male,Operations,4/4/2021, 
13393,25,23970,75,Female,-,27/1/2020,2
13394,38,22784, ,Female,HR,20/11/2021,
13395,29,43665,75,Female,IT,25/10/2020,5
13396,47,34675,42,Female,HR,11/6/2022,2
13397,18,*,8,Male,HR,17/6/2020,2
13398,37,58949,80,Male,Operations,11/9/2021,4
13399,23,18439,*,Male,,1/8/2020,1
13400,41,23011,70,Male,Marketing,12/7/2021,5
13401,22,30832,20,Male,Marketing,12/2/2020,NA
13402,49, ,3,Male,Sales,4/12/2021,1
13403,59,46649,9,Male,HR,13/10/2021,3
13404,-,20876,9,Female,Finance,5/4/2023,4
13405,29,29148,43,Male,IT,9/9/2022,
13406,24,34356,90,Female,Sales,19/8/2024,4
13407,25,4941, ,Male,Marketing,23/1/2021,4
13408,31,25992,14,*,Sales,8/9/2023,2
13409,NA,28137,82,Male,IT,20/7/2021,2
13410,34,NA,15,Male,HR,21/4/2023,2
13411,44,56723,-,Female,IT,12/3/2021,3
13412,43,NA,20,NA,HR,11/8/2021,4
13413,46,42008,1,Female,HR,17/7/2024,3
13414,32,22314,19,Male,Sales,9/12/2022,2
13415,43,30150,19,Male,Sales,13/6/2023, 
13416,50,38996,0, ,Marketing,25/9/2022,4
13417,46,36680,4,Female,Operations,11/9/2021,5
13418,39,32646,77,Female,HR,26/1/2023,3
13419,64,46488,35,Male,Sales,15/4/2024, 
13420,28,45916,71,Female,Finance,31/7/2024,2
13421,24,31656,,Male,Operations,20/2/2022,2
13422,20,17507,56,Female,Operations,9/9/2023,1
13423,53,30693,57,Male,Finance,21/7/2022,2
13424,39,19131,34,Male,,15/5/2021, 
13425,34,39268,76,Male,Marketing,11/12/2020,4
13426,33,38607,13,Female,Operations,10/4/2023,3
13427,36,36699,100,Female,IT,31/5/2021,3
13428,37,41504,62,-,HR,8/6/2021,5
13429,23,51885,20,Female,Sales,24/3/2024,5
13430,23,47605,96,Female,IT,14/8/2022,-
13431,40,29303,40,Male,IT,24/10/2023,2
13432,22,0,27,Female,IT,20/1/2020, 
13433,-,29824,38,Female,Marketing,9/6/2020,4
13434,22,32470,46,Female,IT,19/9/2024,1
13435,36,40184,41,Male,IT,19/10/2020,5
13436,*,-,29,Female,Finance,16/5/2020,1
13437,49,9831,*,*,Marketing,7/12/2022,1
13438,22,24235,30,Female,HR,21/3/2021,1
13439,56,30314,79,Male,IT,13/2/2023,5
13440,28,NA,2,Male,Operations,3/1/2021,3
13441,55,17064,-,Male,Operations,25/6/2021,4
13442,47,0, ,NA,Finance,23/7/2023,4
13443,34,33283,49,Male,Sales,4/10/2023,2
13444,52,35738,23,,HR,4/6/2020,3
13445,*,40366,74,Female,Finance,8/12/2022,1
13446,24,61947,64,Male,Marketing,21/7/2021,1
13447,32,20550,0,Female,*,14/2/2022,1
13448,29,46422,34,Male,IT,22/1/2021,4
13449,52,22551,67,Female, ,22/3/2021,3
13450,44,0,3,*,IT,31/7/2020,1
13451,33,20180,59,Male,HR,31/1/2021,5
13452,57,46255,73,Male,Finance,7/1/2021,4
13453,26,41443,34,Male,Operations,17/1/2021,1
13454,24,32012,*,Female,Finance,4/8/2023,4
13455,55,42989,33,Female,Sales,3/2/2020,2
13456,59,46741,28,Female,Marketing,25/6/2023,-
13457,62,22878,83,Female,Marketing,21/2/2023,
13458,59,23220,43,Female,Sales,20/6/2024,1
13459,40,47001,*,Male,Marketing,3/10/2023,-
13460,22,25807,82,Female,Finance,3/9/2022,5
13461,51,42210,60,Female,IT,9/2/2023,1
13462,55,15262,4,Female,Sales,22/1/2020,4
13463,22,42934,23,Male,Operations,1/1/2021,2
13464,52,55988,82,Male,Operations,30/4/2021,4
13465,44,32719,64,Male,Operations,4/12/2021,3
13466,28,53248,0,Female,Finance,12/8/2022,1
13467,20,45808,76,Male,Operations,23/2/2020,4
13468,19,21721,41,Male,IT,15/8/2020,1
13469,NA,24976,61,Male,HR,18/5/2024,5
13470,60,37809,67,Male,Operations,9/8/2021,2
13471,52,21675,93,Female,,8/4/2022,NA
13472,59,16654,0,Male,Sales,24/3/2023,3
13473,40,47200,57,Male,Finance,20/7/2020,2
13474,57,38924,87,Male,Sales,7/8/2022,5
13475,39,40292,30,Female,Marketing,27/4/2022,3
13476,40,30253,72,Male,Marketing,12/3/2023,1
13477,48,44958,45,Female,Operations,15/6/2022,3
13478,57,30402,81,Female,Sales,9/7/2023,4
13479,63,33589,71,Male,Operations,10/4/2023,1
13480,-,26882,97,Female,IT,28/5/2023,5
13481,19,61353,43,Female,Finance,16/8/2021,1
13482,NA,35231,NA,Female,Marketing,6/10/2020,1
13483,-,30884,59,Female,IT,4/11/2020,5
13484,49,0,23,,Finance,27/11/2021,4
13485,30,0,63,Female,Sales,9/1/2021,2
13486,22,20016,80,Female, ,7/5/2024,1
13487,54,42265,24,Male, ,7/3/2023,
13488,55,29130,42,Female,Finance,5/9/2023,2
13489,54,25809,43,Female,IT,1/11/2024,2
13490,54,29807,66,Male,HR,14/7/2023,1
13491,27,47201,18,Male,Finance,3/3/2020,3
13492,49,52011,*,Male,HR,25/4/2023,3
13493,47,38827,88,Female,,30/10/2021,3
13494,37,20923,3,*,HR,6/4/2021,4
13495,-,32089,9,,Operations,19/3/2023,1
13496,NA,45391,80,Female,HR,18/5/2021,2
13497,51,59749,NA,NA,Operations,16/11/2021,2
13498,37, ,78,Female,IT,20/4/2024,1
13499,56,35408,44,-,IT,2/4/2024,2
13500,30,6603,32,Male,-,11/7/2024,4
13501,44,50248,40,Female,Marketing,29/6/2020,3
13502,-,46768,53,Male,HR,29/6/2020,2
13503,31,34003,43,Female,HR,11/5/2021,-
13504,,,87,Female,Sales,17/3/2023,2
13505,-,72220,0,Female,HR,11/7/2021,5
13506,36,9291,57,Male,Sales,4/6/2023,5
13507,44,10259,49,Female,Operations,14/10/2020,2
13508,27,32905,10, ,Sales,22/12/2022,2
13509,,49458,76,Male,HR,18/9/2022,4
13510,41,52082,95,Male,IT,28/7/2023,1
13511,53,0,4,Male,IT,1/11/2022,3
13512,36,38896,14,Male,IT,22/4/2024,3
13513,27,32286,-,Female,HR,13/5/2021,4
13514,51,41684,45,Male,Operations,19/7/2024,3
13515,41,23919,37,Male,Operations,23/10/2022,5
13516,58,50500,83,Male,IT,28/5/2022,4
13517,59,46651,94,Female,Sales,21/4/2023,-
13518,,24727,15,Female,HR,14/7/2023,4
13519,58,27451,,Female,HR,28/1/2024,5
13520,48,24857,9,Female,Sales,23/11/2022,*
13521,39,38597,18,NA,HR,6/10/2020,4
13522,45,40067,93,Female,Marketing,28/7/2024,1
13523, ,38883,23,Male,Operations,18/7/2023,2
13524,50,23952,22,Male,HR,29/1/2023,5
13525,42,42135,84,Female,Operations,31/1/2021,3
13526,22,17859,85,Male, ,10/8/2024,4
13527,24,22330,-,*,Operations,18/8/2020,3
13528,29,48895,25,*,Marketing,5/7/2023,2
13529,59,39475,53,Female,HR,3/3/2020,2
13530,39,49538,80,Male,Sales,3/9/2023,1
13531,39,47821,99,Male,IT,31/8/2022,5
13532,61,50931,48,Female,Sales,7/8/2024,2
13533,24,0,69,Male,Operations,15/12/2020,
13534,29,14088,14,Female,HR,13/4/2022,5
13535,58,28216,12,Male,Finance,24/8/2020,4
13536,58,,84,Male,*,2/3/2022,5
13537,40,0,1,Male,-,9/3/2023,4
13538,27,44264,50,Female,HR,19/2/2020,5
13539,44,44007,46,*,,21/3/2020,3
13540,47,35419,1,Female,IT,24/5/2020,4
13541,35,38145,71,Female,IT,31/5/2020,2
13542,25,33341,63,Male,Sales,11/2/2024,1
13543,53,31497,91,,HR,30/11/2020,1
13544,-,24144,-,Female,Finance,3/9/2021,1
13545,63,32855,17,Female,Finance,23/5/2024,5
13546,25,42306,41,Female,Marketing,7/12/2020,2
13547,54,39332,44,*,Sales,27/11/2021,
13548,29,24425,43,Male,Marketing,12/5/2020,1
13549,23,35336,69,Female,IT,10/12/2023,5
13550,-,50968,97,Male,-,27/8/2021,
13551,48,37724,91,Male,Marketing,14/5/2022,1
13552,42,61984,96,NA,Finance,30/4/2021,1
13553,40,49640,99,Female,Sales,31/12/2023,1
13554,62,58235,65,Female,Operations,25/7/2020,1
13555,18,29472,38,Male,IT,29/4/2024,1
13556,40,41767,60,Male,Sales,5/4/2020,3
13557,31,42763,81,Male,Marketing,1/11/2021,2
13558,51,33931,0,Female,Sales,22/12/2022,2
13559,44,18545,84,Male,Sales,14/11/2023, 
13560,57,46834,3,Male,Operations,30/4/2020,5
13561,61,25058, ,Male,HR,9/12/2023,2
13562,47,42250,33,*,*,30/6/2024,4
13563,38,34478,12,Female,Finance,15/4/2021,2
13564,39, ,0,Female,Marketing,5/10/2021,*
13565,49,31327,53,*,HR,8/4/2020,5
13566,61,37984,98,Male,HR,31/5/2023,2
13567,61,23856,36,Female,Marketing,7/7/2024,3
13568,-,16809,94,Female,Marketing,10/2/2020,2
13569,62,42648,64,*,Finance,17/3/2022,3
13570,30,55403,41,-,IT,24/6/2022,4
13571,21,25313,76,Male,Marketing,12/11/2023,3
13572,42, ,21,Male,IT,7/7/2021,5
13573,21,37992,59,Female,Sales,22/3/2024,4
13574,18,43990,73,Female,Sales,1/8/2022,3
13575,20,19697,1,Male,*,2/7/2020,2
13576,50,46230,3,Female,Operations,6/3/2023,3
13577,42,33317,35,Female,Marketing,9/1/2022,5
13578,38,32239,22,Male,Marketing,12/4/2024,NA
13579,26,30671,47,Female,HR,27/8/2023,1
13580,53,30607,95,Male,HR,7/11/2020,2
13581,50,57910,64,Female,Operations,8/1/2022,4
13582,48,28126,50,Male,Marketing,16/6/2024,1
13583,31,34347,32,Male,Marketing,25/12/2023, 
13584,39,35861,45,Female,Sales,5/6/2020,3
13585,19,56838,5,Female,Finance,29/5/2021,2
13586,25,16621,39,Female,Sales,27/7/2024,3
13587,39,35768,83,Female,NA,3/4/2020,5
13588,37,0,71,Male,Operations,16/6/2022,5
13589,31,36630,0,Male,Marketing,5/6/2020,4
13590,64,37751,58,Male,Operations,6/12/2021, 
13591,41,29222,96,Female,Sales,8/6/2020,5
13592,39,42464,87,Male,HR,19/6/2024,2
13593,47,26999,33,Female,Marketing,8/12/2020,2
13594,63,7521,46,Male,Sales,29/8/2020,2
13595,23,18514,96,Female,Finance,12/5/2020,1
13596,30,40220,46,Female,IT,27/12/2022,5
13597,42,32058,-,Female,IT,3/12/2020,2
13598,23,23517,53,Female,IT,26/5/2024,3
13599,18,,47,Female,Finance,18/11/2020,4
13600,34,20315,91,Female,IT,21/4/2023, 
13601,27,22947,0,Male,NA,21/4/2023,2
13602,57,47424,25,Male,Sales,22/7/2021,2
13603,44,45631,14,Male,Sales,6/9/2023,1
13604,64,44470,0,Male,HR,12/9/2023,2
13605,36,29763,19,Male,,23/9/2022,4
13606,33,42102,69,Male,Marketing,29/2/2020,3
13607,28,42822,12,Male,Finance,20/7/2023,5
13608,26,,30,Male,HR,5/1/2022,4
13609,47,27891,50,Female,HR,2/12/2020,4
13610,30,32058,88,Male,Sales,10/10/2024,1
13611,40,33111,86,Male,HR,8/1/2020,1
13612,20,28152,65,Male,Marketing,25/6/2020,4
13613,56,33357,55,Male,HR,21/6/2023,2
13614,60,18117,50,Male,IT,27/5/2023,4
13615,22, ,91,Male,Finance,2/12/2023,5
13616,31,34893,NA,Male,IT,18/1/2023,5
13617,25,42994,39,Male,Marketing,19/3/2024,-
13618,50,44021,4,Female,Sales,2/9/2022,3
13619,50,36615,69,Male,IT,27/12/2023,5
13620,49,51109,14,Female,Operations,22/12/2022,4
13621,53,40752,30,Male,Operations,12/3/2024,3
13622,*,40795,17,Male,NA,10/1/2024,1
13623,57,24238,61,Male,Marketing,11/5/2020,3
13624,28,47558,0,Male,Operations,27/9/2020,1
13625,59,43608,0,Female,Marketing,10/11/2020,4
13626,41,37106,92,Female,HR,20/5/2022,5
13627,49,45985,99,Female,Marketing,31/10/2024,
13628,48,44349,65,Female,Finance,25/10/2024,4
13629,23,32054,87,Male,HR,15/11/2020,5
13630,43,28336,44,Male,Sales,18/12/2023,5
13631,47,37660,15,Male,Sales,26/1/2021,1
13632,,30217,54,Male,NA,17/2/2020,1
13633,60,18837,-,Male,Finance,25/2/2020,1
13634,25,-,55,Male,Marketing,30/9/2022,2
13635,57,49780,35,Female,Finance,8/12/2020,2
13636, ,36398,17,Male,Operations,12/7/2021,5
13637,63,26402,83,Female, ,31/8/2023,3
13638,38,46296,58,Female,HR,2/8/2021,1
13639,*,36710,96,Male,Operations,15/7/2023,1
13640,23,51496,1,Female,HR,6/6/2021,5
13641,59,31839,79,Male,Marketing,16/2/2020,1
13642,60,42642,64,Female,Marketing,15/12/2022,1
13643,54,32153,46,Female,HR,19/7/2024,2
13644,51,15616,93,Male,HR,25/6/2020,1
13645,24,33176,45,Male, ,14/1/2024,NA
13646,,53145,73,Male,Operations,30/9/2021,2
13647,23,31064,36,Female,Operations,17/7/2022,3
13648,57,33264,82,Female,Finance,27/4/2023,5
13649,23,63938,25,Female, ,26/7/2024,-
13650,58,35001,12,Male,Finance,12/2/2022,1
13651,39,44426,38,Female,HR,28/11/2022,3
13652,55, ,88,Male,Marketing,30/10/2024,-
13653,24,25827,71,Male,Operations,23/4/2020,2
13654,44,26351, ,Male,HR,31/5/2024,2
13655,44,30884,26,Female,Operations,30/7/2021,1
13656,43,59392,100,Female,HR,14/2/2023,5
13657,23,32969,0,Female,HR,7/2/2023,4
13658,49,49701,30,Female,HR,8/2/2023,3
13659,23,28084,34,Female,-,18/4/2024,1
13660,NA,26366,86,Female,Marketing,28/7/2021,*
13661,20,33814,39,Female,Operations,27/4/2021,3
13662,42,44135,79,Male,-,21/4/2024,4
13663,62,10395,83,Female,Finance,20/7/2020,2
13664,52,25017,76,Male,NA,25/4/2023,1
13665,59,43885,13,Female,Sales,21/8/2020,3
13666,33,35081,6,Male,Marketing,17/9/2024,1
13667,49,19508,4,Male,IT,8/12/2022,4
13668,49,-,90,Male,Sales,28/5/2023,4
13669,64,26114,86,Female,Marketing,7/2/2021,4
13670,32,33313,31,Female,Sales,3/10/2020,3
13671,44,23265,73,Female,HR,1/6/2021,4
13672,45,43580,37,Male,Operations,10/6/2020,5
13673,60,23119,32,Female,,29/5/2020,1
13674,49,34818,66,Female,Finance,12/5/2021,1
13675,34,55296,26,Female,Finance,21/11/2020,1
13676,56,*,26,Male,HR,2/12/2021,3
13677,64,21715,43,*,Operations,4/10/2022,4
13678,62,34492,65,Male,HR,18/3/2021,1
13679,43,16053,92,Female,-,1/7/2022,2
13680,44,40205,83,Male,IT,2/4/2022,3
13681,22,52941,-,Female,IT,2/11/2020,5
13682,46,42275,4,Female,IT,18/7/2024,4
13683,27,NA,69,Female,Finance,30/8/2024,3
13684,38,NA,57,Female,Finance,13/3/2021,5
13685,56,30694,69,Female,Sales,11/9/2022,3
13686,45,26581,12,Female,Operations,28/7/2021,3
13687,55,11764,47,Female,Sales,18/9/2023,5
13688,*,26074,4,Female,IT,20/7/2020,5
13689,37,*,14,Female,Sales,26/7/2020,5
13690,20,58105,45,Female,Finance,23/4/2021,1
13691,35,36636,*,Female,Operations,24/8/2024,1
13692,42,32786,13,Male,Operations,4/12/2022,4
13693,NA,0,27,Male,IT,3/1/2023,5
13694,NA,42885,49,Male,Finance,9/10/2023,1
13695,43,,7,Female,Sales,28/7/2020,5
13696,33,36138,66,Male,Operations,11/6/2020,4
13697,21,19554,98,Male,HR,29/5/2023,3
13698,31,-,31,Female,HR,1/9/2020,4
13699,25,20760,58,Male,HR,29/5/2023,2
13700,50,29462,68,Female,Marketing,25/1/2023,-
13701, ,44992,53,Male,,13/10/2020,4
13702,34,41928,89,*,Operations,4/10/2020,5
13703,30,45943,30,Male,Sales,17/10/2024,1
13704, ,34155,42,Female,,25/5/2020,5
13705,18,47759,56,Male,HR,24/10/2023,3
13706,45,18033,80,Female,Marketing,1/10/2020,3
13707,46,34727,0,NA,HR,24/4/2024,
13708,40,,0,Female,Operations,20/7/2021,2
13709,-,30984,80,Male, ,27/12/2023,4
13710,26,30089,0,Male,IT,5/3/2023,2
13711,-,41645,84,Male,Operations,10/7/2024,1
13712,41,51962,3, ,*,13/4/2020,2
13713,35,36143,6,Female,Finance,1/3/2024,1
13714,45,47543,66,Female,IT,29/8/2021,5
13715,45,37182,4,Male,Marketing,13/7/2021,1
13716,44,47731,20,Female,IT,29/3/2020,2
13717,NA,35105,NA,-,Finance,26/10/2020,3
13718,47,NA,7,Male,IT,21/8/2020,2
13719,40,292906,40,Male,Sales,11/3/2023,1
13720,62,35189,79,Male,Finance,1/12/2020,3
13721,*,44963,61,Male,*,10/11/2022,1
13722,53,31264,64,Male,HR,3/3/2020,4
13723,64,30167,95,Male,,7/11/2024,4
13724,NA,29977,82,Male,IT,21/11/2022,5
13725,21,0,4,Female,*,27/1/2021,4
13726,47,40443,44,Female,Operations,11/9/2022,1
13727,28,39907,21,Male,-,19/12/2020,2
13728,54,45024,82,Female,IT,5/4/2023,1
13729,51,23207,21,Male,Sales,13/7/2020,1
13730,43,*,4,Female,Finance,22/5/2020,3
13731,18,0,63,Female,*,22/5/2021,1
13732,47, ,0,Female, ,22/5/2021,4
13733,31,45357,68,Female,Marketing,19/9/2024,2
13734,60,27982,17,,Finance,26/5/2020,4
13735,63,37177,77,Male,Operations,6/9/2022,3
13736,25,37911,,Female,Marketing,16/5/2023,3
13737,33,21601,80,Female, ,14/10/2021,2
13738,27,42833,97,Female,IT,6/1/2022,4
13739,44,28345, ,Female,Marketing,24/10/2022,-
13740,56,35332,54,*,Sales,19/9/2020,4
13741,50,27948,76,Male,Sales,9/12/2020,5
13742,53,21427,99,Male,Sales,22/8/2022,4
13743,45,32593,0, ,Finance,27/7/2021,2
13744,57,29128,41,Female,Sales,19/7/2021,1
13745,43,26641,55,Female,Marketing,7/10/2021,4
13746,44,45444,53,Female,HR,22/3/2024,4
13747,33,20325,41,Female,IT,6/7/2021,-
13748,18,18604,0,Female,*,22/1/2023,4
13749,34,40341,6,Female,Sales,27/6/2021,4
13750,64,17244,38,Male,IT,11/8/2021,2
13751,19,35238,43,Female,Operations,26/1/2023,NA
13752,45,11482,61,Male,Marketing,7/1/2023,5
13753,28,0,100,Male,Operations,31/1/2022,2
13754,45,34557,81,Female,Operations,28/6/2022,5
13755,33,17379,76,Female,HR,1/1/2020,2
13756,32,13665,5,*,Finance,12/2/2023,4
13757,*,52667,44,Male,Marketing,3/4/2022,-
13758,63,16450,79,Female,Sales,17/9/2023,4
13759,NA,36216,35,Female, ,15/4/2021,1
13760,52,25681,77,Female,Marketing,28/6/2022,1
13761,32,36732,0,Female, ,27/7/2020,5
13762,64,47619,40,Male,HR,27/2/2023,2
13763,63,28035,32,Male,Marketing,14/8/2020,5
13764,NA,40474,75,Female,Sales,30/8/2024,2
13765, ,61226,64,Male,NA,13/12/2021,5
13766,32,35762,,Female,Operations,1/6/2024,3
13767,32,0,80,,IT,14/7/2024,1
13768,-,31019,9,Female,IT,23/10/2020,1
13769,63,56561,51,Female,Operations,19/3/2020,5
13770,NA,0,0,Female,Marketing,30/8/2022,5
13771,39,26480,99,Female,IT,14/1/2023,1
13772,,47296,65,Female,HR,7/12/2023,2
13773,33,34918,17,Male, ,2/9/2024,4
13774,-,19211,38,Male,Finance,13/1/2022,3
13775,24,24756,1,Male,IT,13/7/2024,5
13776,42,39443,4,Female,Operations,13/1/2022,1
13777,40,42689,83,Female,-,2/6/2022,4
13778,44,24005,0,Male,HR,29/4/2021,5
13779,48,29869,64,Male,*,17/3/2024,3
13780,60,59227,64,-,Finance,7/11/2022,2
13781,38,0,6,Female,Finance,26/3/2020,4
13782, ,46735,*,Male,IT,29/5/2021,4
13783,24,31646,24,Male,IT,23/1/2024,4
13784, ,24899,87,Female,Finance,13/5/2023, 
13785,34,25503,NA,Male,Operations,30/1/2020,4
13786,61,43895,95,Male,Marketing,30/11/2020,1
13787,18,27762,25,*,HR,18/11/2022,5
13788,57,37675,1,Female,HR,1/10/2022,4
13789,31,44912,86,Male,Sales,11/10/2023,2
13790,63,30618,12,Female,Marketing,16/6/2022,1
13791,59,23844,74,Male,Finance,29/5/2022,1
13792,43,29881,83,Male,Sales,8/2/2022,3
13793,47,50674,0,Male,HR,17/5/2024,1
13794,46,35447,99,Female,Marketing,4/11/2020, 
13795,43,26153,73, ,HR,27/12/2020,2
13796,55,40254,0,Female,IT,15/8/2021,3
13797,62,40443,65,Female,HR,21/6/2022,4
13798,64,43229,76,NA,Operations,28/4/2023,1
13799,32,42274,6,Male,NA,27/8/2022,1
13800,44,37671,23,Male,HR,1/10/2020,3
13801,-,51373,28,Female,Sales,21/9/2020,3
13802,45,29712,48,Male,Sales,19/6/2022,1
13803,58,25625,,Male,Operations,13/2/2024,5
13804,-,NA,15,Female,Operations,24/9/2024, 
13805,21,19738,93,Female,Finance,26/5/2024,2
13806,31,37396,42,NA,Finance,25/6/2024,5
13807,63,25702,41,Female,IT,11/12/2023,1
13808,31,24693,63,Female,HR,13/9/2022,3
13809,23,23984,86,Female,*,19/4/2024,3
13810,43,21620,43,Male,HR,12/4/2024,4
13811,34,30135,83,Male,Marketing,18/3/2023,5
13812,20,NA,56,Male,Operations,25/10/2022,1
13813,31,8093,40,Male,Finance,14/1/2022,*
13814,28,28490,97,Male,Marketing,31/12/2022,4
13815,28,51313,17,Male,Sales,16/9/2024,3
13816,55,-,0,Female,Marketing,12/8/2022,4
13817,50,28161,4,Male,Operations,23/9/2023,3
13818,44,38868,57,Male,Sales,14/9/2023,5
13819,33,17787,62,Male,HR,30/1/2024,3
13820,25,29978,5,Male,Marketing,17/9/2024,3
13821,32,,81,Male,Marketing,8/2/2024,4
13822,41,0,64,Female,Marketing,27/9/2024,4
13823,61,46537,38,Male, ,26/2/2020,2
13824,52,16096,68,Female,HR,1/7/2020,5
13825,19,*,97,Male,Sales,23/5/2024,1
13826,30,48364,70,NA,Operations,29/5/2020,1
13827,41,14822,9,-,Marketing,25/4/2023, 
13828,38,27638,43,Female,Marketing,26/9/2020,3
13829,26,72389,39,Female,Finance,13/11/2023,1
13830,55,33167,20,Male,Operations,10/9/2020,5
13831,28,31795,22,Male,NA,24/2/2022,2
13832,31,39591,94,Female,Marketing,13/2/2024,4
13833,34,45956,75,Female,Marketing,5/8/2024,5
13834,50,35824,58,Female, ,14/10/2021,1
13835,43,54902,30,Male,IT,8/11/2023,1
13836,23,42420,18,Female,Operations,25/7/2021,3
13837,42,38199,NA,Female,Sales,4/1/2020,*
13838,50,31062,79,Female,Marketing,12/6/2020,2
13839,47,41137,100,Male,HR,17/3/2023,*
13840,54,39391,89,Female,Operations,20/6/2023,4
13841,54,21108,80,Female,NA,14/12/2022,2
13842,64,22857,38,Female,Operations,26/12/2023,3
13843,49,44036,17,Female,Finance,26/3/2023, 
13844,61,32290,35,Male,HR,20/1/2021,2
13845,45,45064,84,Female,Sales,4/3/2024,2
13846,58,39467,43,Male,Sales,20/7/2020,4
13847,26,45635,26,Male,Finance,19/2/2023,NA
13848,45,25479,8,Female,IT,21/9/2023,-
13849,20,34496,50,Female,Operations,28/7/2020,1
13850,29,26290,64,Female,Sales,16/11/2023,5
13851,NA,39371,81,Female,HR,14/5/2024,5
13852,19,26118,49,Female,Finance,15/4/2024,1
13853,,45604,NA,Male,Sales,31/8/2020,1
13854,59,47084,86,Female,Marketing,4/3/2021,1
13855,57,-,*,Female,IT,23/8/2022,4
13856,34,,32,Female,HR,31/7/2024,2
13857,62,36704,1,Female,HR,7/12/2020,4
13858,21,35860,37,Female,IT,4/5/2023,5
13859,28,36342,32, ,IT,22/8/2020,1
13860,42,28016,50,Male,Finance,8/5/2020,1
13861,,29889,71,Male,HR,21/11/2021,2
13862,64,45452,82,Female,Sales,21/8/2024,4
13863,20,46522,44,,Finance,24/10/2022,4
13864,55,43112,90,Male,Operations,13/4/2021,4
13865,39,39805,,Female,Marketing,27/10/2021,3
13866,NA,21377,54,Male,Operations,25/11/2021,4
13867,60,48248,0,Male, ,8/5/2024,1
13868,37,18838,30,Female,IT,26/11/2024,5
13869,64,42165,47,Male,HR,10/10/2024,5
13870,61,32928,74,,IT,10/10/2020,1
13871,42,28798,57,Male,Sales,3/9/2022,5
13872,36,40079,18,Female,IT,22/1/2021,5
13873,47,49748,0,Male,Sales,25/7/2020,4
13874,*,19574,50,Female,Operations,12/10/2022,*
13875,28,16601,1,Male,-,30/7/2023,4
13876,62,25738,,Male,Sales,12/6/2024,3
13877,56,*,20,Male,Sales,29/5/2020,4
13878,22,32535,48,Male,Operations,7/5/2021,2
13879,48,22098, ,Male,IT,3/9/2021,5
13880,NA,58741,89,Male,IT,9/2/2023,4
13881,26,17788,64,-,IT,1/1/2022,3
13882,,41715,0,Female,Operations,18/10/2023,4
13883,29,7967,0,Male,HR,11/9/2020,3
13884,51,46402,14,Male,IT,19/1/2023,2
13885,64,38360,100,Male,Finance,11/12/2020,2
13886,44,15961,29,*,Marketing,9/6/2022,-
13887,63,23668,0,-,Marketing,9/3/2022,1
13888,-,35007,33,Male,Finance,17/10/2023,3
13889,32,20779,63,Female,Marketing,30/1/2020,3
13890,56,31997,62,Male,Operations,7/4/2021,4
13891,35,14699,*,Male,Operations,13/7/2020,5
13892,59,12033,5,Female,Finance,14/11/2022,4
13893,*,52908, ,Female,HR,10/11/2022,1
13894,43,17515,NA,Male,Sales,25/5/2021,2
13895,-,34009,50,Female, ,23/1/2024,NA
13896,29,25921,30,Female,Operations,10/2/2023,5
13897,18,8293,54,Male,-,11/3/2020,5
13898,29,29525,85,Female,IT,19/12/2021,1
13899,21,22319,6,Female,IT,11/6/2024,5
13900,36,NA,92,Male,*,27/9/2023,1
13901,52,0,6,Female,IT,23/6/2021,2
13902,*,45913,23,Female,Marketing,6/4/2024,4
13903,54,32090,10,Male,Sales,29/3/2024,5
13904,29,39876,97,Male,Marketing,15/7/2022, 
13905,18,26308,34,Female, ,5/8/2022,4
13906,32,39743,60,Female,Sales,1/9/2022,5
13907,34,39362,-,Male,Marketing,14/6/2020,5
13908,42,33030,*,Male,HR,21/10/2024,3
13909,-,44022,98,Female, ,5/4/2020,5
13910,57,46375,40,Female,,18/4/2020,4
13911,61,20407,68,Female,-,11/11/2023,2
13912,52,24323,58,-,Finance,26/7/2021,3
13913,33,52632,,Male,IT,27/9/2020,1
13914,64,22279,0,Female,Operations,30/10/2022,1
13915,30,32139,83,Female,HR,21/10/2020,3
13916,34,17827,94,Male,Sales,21/3/2024,5
13917,-,33206,64,Female,HR,25/4/2024,1
13918,47,25091,93,Male,Finance,13/11/2023,2
13919,33,39362,72,,IT,14/4/2020,2
13920,46,35388,91,Male,IT,13/3/2024,4
13921,42,19378,24,Female,Operations,17/2/2021,*
13922,19,10819,88,Male,Finance,20/8/2024,3
13923,24,*,48,Female,Sales,21/6/2021,3
13924,36,23721,23,Female,NA,5/7/2023,2
13925,33,30696,21,Male, ,20/5/2022,5
13926,54,47556,98,Female,IT,8/8/2020,3
13927,38,27698,69,Male,Sales,29/2/2024,5
13928,46,28889,89,Female,Operations,16/2/2020,
13929,61,24905,93,Female,IT,1/6/2023,2
13930,25,39529,68,Male,HR,3/10/2021,2
13931,49,40358,20,Female,Sales,20/12/2020,3
13932,49,31526,9,Female,HR,28/8/2022,2
13933,54,32204,96,Female,Operations,11/9/2023,3
13934,29,0, ,Female,Marketing,9/2/2020,1
13935,50,26373,,Female,Sales,22/6/2024,4
13936,46,,76,Male,Sales,19/10/2020,2
13937,33,20325,99,,Marketing,1/11/2020,2
13938,33,33207,0,Female,Operations,19/5/2020,4
13939,33,37927,26,Female,Operations,20/1/2022,3
13940,37,43644,46,Female,Marketing,17/2/2022,2
13941,18,30380,91,Female,Finance,6/7/2022,NA
13942,19,40958,59,Male,HR,16/8/2023,5
13943,38,20827,59,Male,Operations,7/8/2024,1
13944,48,36010,61,Male,IT,9/6/2020,3
13945,41,28671,91,Male,HR,11/4/2023,2
13946,32,31855,-,Female,HR,27/11/2023,5
13947,32,34933,4,Female,Operations,28/4/2021,2
13948,33,47939, ,Male,IT,10/11/2024,4
13949,54,30995,64,*,HR,19/7/2020,*
13950,,NA,87,Male, ,19/2/2022,5
13951,24,46890,0,Male,Operations,27/3/2024,2
13952,45,18664,40,Female,Sales,9/4/2024,3
13953,61,35767,45,Male,IT,13/6/2024,1
13954,24,50094,60,-,Operations,8/7/2022,3
13955,54,52499,21,Male,IT,9/7/2024,1
13956,49,46481,46,Female,Finance,29/4/2022,NA
13957,50,43134,0,Male,Sales,23/7/2024,3
13958,52, ,93,Female,IT,27/12/2021,3
13959,30,21117,77,Female,Marketing,21/7/2022,1
13960,56,20500,25,Female,IT,3/8/2022,4
13961,54,56238,11,Female,Sales,28/8/2022,2
13962,41,0,43,Female,HR,23/8/2022,4
13963,44,34039,82,-,Finance,22/5/2024,1
13964,36,27358,21,Female, ,17/5/2024,1
13965,38,-,37,Female,Finance,23/2/2022,1
13966,28,59553,56,Male,IT,24/8/2021,2
13967,64,36536,33,Male,-,30/10/2022,2
13968,43,42786,9,Male,Finance,12/7/2020,2
13969,57,*,20,*,IT,11/8/2023,NA
13970,53,25977,87,NA,HR,31/12/2023,4
13971,26,37008,62,Male,IT,16/4/2023,3
13972,26,243764,,Male,Finance,30/1/2020,4
13973,48,42481,28,Male,Marketing,10/12/2021,3
13974,,41783,42, ,Sales,24/12/2021,5
13975,20,-,59,Male,HR,8/3/2022,1
13976,25,NA,43,Male,Operations,12/9/2021,5
13977,39,11217,66,Female,Operations,16/2/2024,2
13978,28,49601,80,Female,Finance,17/8/2023,2
13979,21,45636,50,Male,Sales,3/9/2022,1
13980,24,,53,Female,Sales,30/4/2022,*
13981,34,47541,0,Male,-,4/9/2024,5
13982,54,44496,76,Female,IT,22/6/2021,3
13983,54,16120,97,Female,Marketing,21/3/2022,2
13984,32,51491,19,Male,NA,26/7/2021,5
13985,40,31509,99,Male,HR,3/9/2021,5
13986,35,20796,97,Female,Operations,16/8/2021,2
13987,46,31938,15,Female,NA,2/1/2021,1
13988,41,32576,46,Male,-,14/4/2022,2
13989,28, ,86,Male,Marketing,6/3/2020,2
13990,44,42903,82,Male,HR,15/11/2023,1
13991,55,19825,98,Female,HR,14/4/2022,5
13992,37,30633,10,Male,Sales,31/7/2024,3
13993,34,*,6,Male,Finance,24/8/2020,2
13994,34,-,54, ,,13/1/2023,4
13995,27,47370,53,Male,HR,5/5/2021,4
13996,56,35607,95,Female,Finance,28/10/2021,4
13997,64,28040,56,Female,Finance,21/12/2022,2
13998,38,47571,20,Male,Sales,12/7/2020,1
13999,,27258,98,Female,IT,8/3/2020,4
14000,45,40159,60,Female,,10/10/2022,3
14001,33,17397,85,Female,Finance,13/9/2024,1
14002,30,44494,21,Male,Sales,5/3/2024,4
14003,-,33981,2,Male,Finance,2/8/2021,1
14004,22,38414,43,Male,Marketing,28/11/2023,5
14005,55,38251,6,Female,IT,31/3/2024,2
14006,22, ,72,Male,Sales,28/1/2021,1
14007,40,32800,37,Male,Marketing,3/11/2024,4
14008,61,21976,95,Male,HR,3/12/2020,4
14009,54,-,45,Female,IT,16/1/2021,5
14010,46,7920,79,Male,Sales,3/8/2020,2
14011,35,,,Male,Marketing,10/9/2023,*
14012,20,41424,70,Male,IT,10/10/2020, 
14013,54,36992,26,Female,HR,14/7/2021,1
14014,30,43205,14,NA,Marketing,17/1/2020,3
14015,36,39996,51,-,Sales,3/9/2024,2
14016,34,30180,76,Male,IT,29/1/2021,4
14017,47,39429,74,Male,HR,6/10/2022,4
14018,39,38239,4,Female,Finance,25/2/2020,2
14019,29,NA,58,Male,Finance,19/10/2020,4
14020,27,35028,0,Male,Finance,6/3/2020,2
14021,58,35559,58,Male,Finance,9/10/2020,2
14022,21,39327,2,Male,Sales,1/8/2023,2
14023,45,53114,29,Male,HR,19/8/2020,5
14024,47,32018,28,Male,Sales,24/7/2021,2
14025,51,36532,82,Female,*,26/4/2022,*
14026,22,32222,95,Female,Sales,24/5/2022,5
14027,24,23525,0,Male,Sales,4/2/2022,
14028,19,*,69,Female,Finance,30/5/2020,1
14029,39,29732,74,Male,Sales,18/10/2021,1
14030,53,58766,25,Male,Marketing,13/10/2022,4
14031,41,*,50,Male,HR,22/12/2023,3
14032,51,62652,52,Male,Finance,19/1/2024,2
14033,61,49094,77,Female,HR,31/7/2022,3
14034,34,63777,85,Male,IT,21/7/2022,2
14035,43,27526,1,Male,Finance,2/12/2024,5
14036,37,40718,13,Female,IT,28/7/2021,2
14037,24,31593,42,Female,HR,2/2/2020,1
14038,58,30979,66,Female,,3/10/2022,3
14039,23,42606,93,Male,Marketing,1/3/2023,2
14040,19,35281,48,Female,Finance,21/10/2023,1
14041,*,46952,68,Male,HR,25/5/2023,-
14042,*,23945,36,NA,IT,26/5/2024,1
14043,32,11245,81,Male,Sales,11/9/2021,1
14044,19,36490,32,Male,Finance,19/4/2020,4
14045,56,31679,,NA, ,19/5/2024,4
14046,52,63162,40,Female,HR,7/5/2024,2
14047,28,,81,Female,Finance,6/10/2021,1
14048,45,13491,20,Male,IT,20/4/2022,2
14049,54,NA,5,Male,Operations,10/2/2020,5
14050,26,5541,64,Male,HR,13/12/2022,3
14051,20,32540,88,Female,Marketing,10/11/2021,1
14052, ,35797,NA,Female, ,11/11/2020,5
14053,56, ,63,Male,-,28/5/2022,3
14054,39,24152,46,Male,Operations,14/11/2020,3
14055,55,19719,86,Female,Finance,29/8/2020,3
14056,19,44821,11,Male,Operations,15/5/2024,3
14057,62,23253,39,Male,Finance,6/3/2022,1
14058,26,45241,14,Male,HR,23/7/2022,5
14059,48,36009,49,Male,Operations,8/5/2020,1
14060,55,30266,87,Male,Marketing,18/6/2020,1
14061,20,62874,0,Male,Operations,28/12/2021,4
14062,61,36537,26,Female,Sales,27/12/2023,2
14063,40, ,39,Female,Operations,13/9/2024,5
14064,54,0,74,Male,Finance,28/2/2024,2
14065,49,33167, ,Male,Finance,3/12/2021,4
14066,19,52637,,Female,Finance,15/7/2023,2
14067,27,-,75,Male,NA,26/7/2021,1
14068,39,19592,80,Female,*,14/6/2024,5
14069,32,,-,Female,HR,6/3/2023,1
14070,31,41279,79,Male,*,4/2/2021,3
14071,,34715,13,Male,Operations,1/4/2023,2
14072,25, ,60,Female,Marketing,6/5/2024,1
14073,48,*,*,Male,Marketing,5/11/2024,3
14074,53,20069,,Female,HR,27/3/2022,3
14075,40,41722,94,Female,NA,7/1/2023,2
14076,42,39144,25,Female,Operations,20/8/2023,3
14077,23,24720,43,Male,*,25/12/2023,5
14078,49,17118,2,Male,HR,15/9/2024,5
14079,55,41408,NA,Female,Finance,29/6/2024,2
14080,-,35734,7,,HR,14/8/2022,3
14081,44,25457,7,Female,Operations,18/6/2021,2
14082,31,54109,77,Male,Marketing,16/8/2024,5
14083,51,0,38,Female,HR,31/1/2021,5
14084, ,-,51,NA,IT,30/6/2021,5
14085,37,45627,52,Female,Finance,1/5/2021,2
14086,54,44290,47,Male,Finance,8/8/2022,1
14087,40,34352,35,Female,HR,22/7/2023,5
14088,43,25418,35,Male,Operations,4/2/2024,1
14089,19,29371,33,-,Operations,24/11/2020,3
14090,22,49388,0,Female,Finance,11/6/2020,1
14091,38,31050,69,Female,Operations,21/7/2021,1
14092,61,0,NA,Male,Sales,12/4/2022,3
14093,22,24491,91,Male,Sales,8/2/2020,1
14094,24,40959,61,Male,Sales,5/12/2021,1
14095,61,41085,NA,Male,IT,13/7/2022,1
14096,54,38193,87,Female,Finance,30/1/2021,3
14097,24,39803,12,Male,Sales,1/10/2020,2
14098,48,36990,68,Male,HR,29/11/2020,4
14099,31,39229,-,Female, ,23/6/2021,
14100,43,23802,80,Male,Finance,17/5/2021,5
14101,54,31049,48,,Marketing,18/10/2022,5
14102,33,45163,-,Female,Marketing,16/11/2024,3
14103,54,0,71,Female,NA,18/3/2022,4
14104,39,38366,10,Male,IT,18/10/2022,5
14105, ,37643,43,Male,Sales,15/8/2022,1
14106,52,18173,0,Male,IT,6/4/2024,4
14107,63,35322,29,Male,Finance,15/2/2021,1
14108,57,29525,60,Male,Sales,20/3/2021,2
14109,30,42800,78,Female,HR,21/1/2020,5
14110,51,,49,,Marketing,28/7/2024,5
14111,28,50207,6,Female,Sales,14/9/2023,5
14112,25,34678,3,Female,NA,1/11/2022,5
14113,18,39600,74,Male,Marketing,12/10/2023,
14114,51,42574,29,,Finance,29/12/2021,4
14115,NA,44653,35,Male,Marketing,19/1/2023,4
14116,63,57614,28,,HR,26/2/2022,
14117,NA,0,27,Male,HR,21/12/2022,2
14118,37,18502,17,Male,Sales,14/7/2021,1
14119, ,59227,12,Female,IT,24/11/2021,2
14120,33,24402,16,Female,HR,25/5/2023,5
14121,41,32103,11,,Finance,17/9/2021,1
14122,44,29726,68,Female,Finance,10/10/2020,2
14123,42,59476,25,Female,-,24/6/2022,2
14124,39,48359,43,Male,Operations,29/9/2024,4
14125,46,46583,66,,Sales,12/7/2020,*
14126,43,36684,69,Female,Operations,19/1/2020,5
14127,26,37588,13,Female,Operations,13/7/2021,2
14128,22,27049,44,Female,HR,22/8/2020,3
14129,55,49153,82,Male,Marketing,21/7/2020,2
14130,22,14636,93,Male,Operations,15/5/2023,4
14131,49,4282,0,Female,HR,31/1/2024,4
14132,43,23378,51,Male,IT,15/8/2023,1
14133,NA,43377,89,Male,Operations,27/11/2023,5
14134,50,20918,74,Male,Operations,6/4/2024,4
14135,33,27064,49,Female,Marketing,10/8/2022,3
14136,56,41579,4,Male,NA,27/2/2024, 
14137,46,21541,38,Male,Operations,23/5/2023,3
14138,40,52116,88,Female,Marketing,25/5/2023,1
14139,*,43795,6,Male,IT,10/2/2023,5
14140,NA,22742, ,Male,IT,7/4/2020,1
14141,27, ,82,Female,Marketing,11/5/2022,3
14142,49,42175,76,Male,Sales,21/5/2022,3
14143,63,36627,99,Female,HR,11/1/2021,2
14144, ,34637,40,NA,Marketing,26/4/2022,5
14145,38,18931,90,Male,Finance,20/7/2020,4
14146,54,18287,76,Male,HR,31/7/2020,4
14147,54,25894,50,Female,Operations,14/9/2020,*
14148,NA,50155,45,Female, ,17/9/2020,5
14149,54,-,47,Male, ,27/12/2022,1
14150,20,25282,10,Male,Operations,19/12/2021,1
14151,23,55902,97,Male,Marketing,4/5/2022,3
14152,39, ,*,Female,Sales,6/11/2020,1
14153,62,45205,58,Male,HR,9/4/2021,1
14154,52,25167,83,Female,Operations,8/3/2022,
14155,52,39299,49,Male,Finance,19/11/2020,2
14156,59,29088,7,Female,IT,6/2/2020,-
14157,61,41877,98,,Sales,30/3/2023,3
14158, ,28787,41,*,IT,21/7/2021,4
14159,46,63741,47,Male,Finance,19/5/2024,3
14160,28,54472,*,Female,Finance,17/11/2020,*
14161,,25713,93,Male,IT,26/10/2023,5
14162,45,49380,36,Female,Marketing,20/4/2020,1
14163,46,50889,27,Female,Sales,28/4/2020,4
14164,22,43570,17,Female,HR,19/7/2020,*
14165,36,31907,63,Male,HR,23/5/2022,1
14166,33,22286,89,Female, ,8/4/2021,2
14167,44,38000,67,Male,HR,16/7/2021,5
14168,35,29255,52,Male,HR,27/5/2020,3
14169,29,33098,88,Female,IT,30/11/2023,2
14170,55,32866,75,Male,Operations,4/10/2023,4
14171,21,59081,0,Female,HR,23/4/2020,5
14172,58,48604,96,Male,IT,22/8/2021,4
14173,24,40256,5,Female,Finance,23/7/2024,5
14174,43,34641,78,Female,Operations,12/8/2022,3
14175,62,51252,96,Female,Operations,28/10/2020,*
14176,53,24348,99,*,Sales,5/6/2023,1
14177,27,23994,43,Male,HR,7/6/2022,NA
14178,28,19482,93,Female,-,13/12/2020,5
14179,26,40776,92,,IT,2/2/2024,2
14180,59,43852,0,Female,Finance,9/9/2020,2
14181,18,34898,63,Male,Finance,31/1/2022,5
14182,43,44714,79,Female,Operations,21/2/2024,5
14183,54,43180,21,Male,Operations,26/9/2023,3
14184,31,43363,64,Male,Marketing,20/8/2022,4
14185,64,49605,16,Male,Marketing,25/4/2024,1
14186,60,35545,85,Male,Operations,2/3/2020,5
14187,25,53490,12,Male,Marketing,3/4/2020,5
14188,57,26605,,Male,HR,1/2/2024,4
14189,55,34709,28,Female,Operations,18/4/2021,1
14190,43,42370,10,Male,Finance,11/10/2020, 
14191,61,0,3,Female,IT,26/3/2022,3
14192,38,28801,10,Male,Sales,12/9/2023,5
14193,27,35984,10,Male,HR,4/9/2023,4
14194,37,36251,65,Male,Sales,6/1/2023,3
14195,48,NA,21, ,Marketing,7/11/2020,2
14196, ,0,6,Female, ,5/10/2023,*
14197,27,7653,50,Female,*,23/6/2024,5
14198,24,0,85,Male,Marketing,26/7/2022,5
14199,42,39596,18,Female,Finance,31/7/2022,1
14200,46,36417, ,Male,Operations,2/7/2020,2
14201,32,61102,66,Male,Marketing,3/4/2023,3
14202,44,14035,33,Male,HR,6/10/2022,3
14203,19,15510,69,Male,Operations,19/11/2022,4
14204,61,38543,26,Male,Sales,3/6/2023,5
14205,42,13577,68,Female,Sales,9/8/2020,3
14206,19,61231,NA,Male,Finance,14/7/2020,5
14207,38,29043,24,Female,*,6/4/2020,2
14208,32,34536,NA,Male,Finance,30/5/2021,4
14209,50,48969,5, ,IT,3/8/2021,2
14210,22,36983,56,Female,HR,14/11/2020,5
14211,60,35825,25,Male,IT,16/7/2022,5
14212,22,30833,8,Male,IT,6/8/2020,5
14213,60,47740,60,Female,Finance,17/11/2021,
14214,32,15750,65,Male, ,2/6/2022,1
14215,26,-,15,Male,Sales,1/7/2021,5
14216,60,61810,NA,Male,Operations,11/6/2023,4
14217,61,9774,54,Male,Sales,2/8/2021,5
14218,23,38485,38,Male,Marketing,14/8/2024, 
14219,49,30552,*,Male,Marketing,8/7/2022,2
14220, ,-,20,Male,Sales,23/6/2022,1
14221,39,28701,40,Male,Operations,12/2/2021,3
14222,34, ,94,Female,HR,6/9/2021,-
14223,42,38604,49,Male,Marketing,24/2/2022,5
14224,49,28387,20,Female,Sales,8/3/2022,1
14225,58,30478,4,Male,,20/3/2021,4
14226,63,41513,35,Female,Sales,26/12/2020,3
14227,64,-,76,Male,Finance,23/6/2020,3
14228,50,37330, ,Male,IT,8/3/2023,1
14229,52,41726,64,Female,Finance,18/4/2020,3
14230,26,31226,89,Female,HR,15/7/2022,1
14231,28,37466,NA,Female,Sales,24/8/2022,1
14232,39,25745,73,NA,Finance,9/2/2023,4
14233,34,54465,73,Male,Finance,21/7/2023,4
14234,24,39304,99,Male,Finance,6/1/2024,3
14235,64,0,71,-,NA,7/8/2022,1
14236,64,34363,69,Male,IT,8/12/2020,5
14237,39,44270,96,Male,HR,26/5/2022,1
14238, ,44182,18,Male,Finance,31/7/2024,3
14239,60,29417,,Male,IT,6/8/2021,5
14240,35,18069,36,Male,IT,10/1/2021,1
14241,36,62566,66,Male,-,26/1/2021,5
14242,41,45529,57,-,IT,16/5/2021,4
14243,45,16768,63,NA,Sales,13/10/2021,1
14244,*,59694,56,Male,Marketing,12/12/2023,2
14245,30,32349,40,Male,,31/12/2023,4
14246,NA,47304,43,Female,Operations,6/7/2023,*
14247,19,25198,23,Female, ,3/4/2023,2
14248,20,56298,8,Female,-,27/2/2023,*
14249,47,48395,6,Female,IT,11/4/2022,2
14250,,36024,,Female,Operations,5/10/2020,5
14251,44,61471,98,Male,IT,10/3/2021,1
14252,60,35915,63,Female,Operations,21/2/2021,4
14253,34,27362,13,Female,HR,8/1/2022,4
14254,59,27162,57,Male,Operations,30/3/2020,1
14255,27,52755,76,Male,IT,17/8/2023,2
14256,52,0,93,Male,Marketing,18/1/2023,4
14257,39,20395,48,Female,Sales,25/2/2024,2
14258,-,50122,28,Male,Marketing,16/12/2022,4
14259,36,54244,46,Female,IT,14/8/2020,NA
14260,22,17746,17,Female,HR,22/3/2023,5
14261,27,33884,18,-,Sales,14/12/2023,
14262,19,35989,60, ,IT,8/2/2022,5
14263,54,29894,8,Female,Finance,8/1/2024,1
14264,58,62172,55,Male,IT,11/10/2020,1
14265,27,32623,6,Female,Operations,10/3/2021,NA
14266,41,16837,26,Female,Operations,21/10/2023,*
14267,23,28750,-, , ,27/12/2020,2
14268,48,39774,45,Female,Marketing,15/6/2021,*
14269,*,58759,29,Male,HR,3/12/2024,1
14270,56,43966,33,Female,HR,26/3/2024,3
14271,18,22165,48,Male,Operations,17/1/2020,1
14272,39,36204,29,Female, ,29/4/2020,1
14273,29,28129,9,Male,Marketing,8/7/2021,*
14274,-,35173,80,*,Marketing,25/2/2021,1
14275,51,16946,79,Female,IT,13/4/2024,4
14276,46,0,79,Female,Finance,23/11/2020,5
14277,27,45869,23,Male,IT,19/2/2021,5
14278,60,0,-,*,Finance,28/7/2023,*
14279,-,0,31,Male,Sales,23/11/2024,1
14280,21,16063,7,Female,Marketing,25/9/2020,4
14281,24,26695,59,Male,Finance,15/6/2023,1
14282, ,29811,72,Male,Finance,6/10/2021, 
14283,34,39755,0,Male,Operations,20/8/2021,4
14284,31,47187,77,Male,Operations,2/4/2023,4
14285,36,44796,63,Male,Finance,3/6/2024,*
14286,47,25345,81,Male,IT,19/1/2022,4
14287,20,27233,47,Male,Finance,3/3/2023,2
14288,50,,94,Male,HR,3/7/2021,1
14289,25,28919,41,Male,Marketing,29/8/2024,5
14290,46,32414,36,Female,Sales,14/10/2022,3
14291,50,22102,0,Male,Sales,14/10/2023,4
14292,61,-,78,Male,Sales,27/2/2020,1
14293,34,23846,22,Male,Finance,22/5/2021,1
14294,42,43478,76,Male,Marketing,23/2/2021,2
14295,23,35094,48,Female,NA,8/2/2024,4
14296,50,,28,Female,Sales,17/1/2024,4
14297,37,41106,94,Female,IT,28/6/2023,1
14298,*,33050,71,Female,HR,18/10/2022,4
14299,39,21585,12,Female,Finance,4/4/2023,3
14300,56,46686,12,Female,IT,23/12/2022,4
14301,NA,40266,91,Female,IT,19/1/2020,4
14302,28,40991,24,Male,Finance,11/1/2021,3
14303,42,42066,0,Male,Marketing,11/6/2023,1
14304,20,0,28,Male,HR,12/2/2023,4
14305,-,38435,25,Male,HR,21/6/2023,5
14306,27,48662,85,Male,Sales,29/5/2022,1
14307,63,21179,35,Male,IT,13/5/2023,3
14308,51, ,67,Male,HR,22/8/2024,1
14309,19,13951,20,Male,Marketing,25/12/2021,4
14310,62,29872,97,,Finance,4/2/2022,5
14311,58,24938,0,Female,NA,4/9/2024,-
14312,38,22272,1,Male,Marketing,5/1/2024,4
14313,32,29011,86,Female,Operations,7/3/2022,2
14314,18,44483,84,Male,Finance,16/1/2020,5
14315,59,28482,89,Male,NA,12/7/2022,1
14316,21,33099,93,Male,HR,9/11/2022,2
14317,57,58748, ,-,Sales,31/10/2023,3
14318,20,33472,0,Male,Operations,29/9/2023,1
14319,54,20613, ,Female,*,20/6/2021,-
14320,30,27840,22,Female,Operations,8/7/2024,4
14321,30,32694,56,Male,NA,20/5/2023,4
14322,54, ,50,Male,-,20/9/2023,3
14323,28,32435,31,Female,Finance,29/5/2020,3
14324,31,31458,59,Female,IT,12/2/2021,5
14325,-,19520,-,Male,HR,20/9/2024,3
14326,18,27395,0,Female, ,17/8/2022,
14327,23, ,50,Female,Sales,15/9/2020,2
14328,27,22991,30,Male,HR,30/8/2024,1
14329,59,20762,63,Female,Operations,17/9/2023,4
14330,62,18899,68,Female,Finance,10/2/2022,4
14331,20,37527,0,Female,Finance,22/1/2020,2
14332,41,26937,0,Female,Operations,28/9/2020,1
14333,45,42483,22,Male,HR,18/10/2022,1
14334,49, ,-,Male,Operations,13/2/2023,3
14335,31, ,27,Male,HR,31/10/2022,-
14336,59,-,84,Female,HR,16/8/2020,1
14337, ,22726,5,Male,Marketing,18/5/2020,2
14338,26,48732,48,Female,HR,26/9/2020,1
14339,30,51616,91,Female,Sales,6/1/2024,5
14340,43,43607,5,Female,IT,9/4/2022,-
14341,-,20333,46,Male,Sales,9/5/2021,4
14342,56,30318,39,Male,Finance,19/1/2022,2
14343,30,40625,NA,Male,HR,5/9/2021,4
14344,46,48359,61,Male,IT,3/11/2021,1
14345,27,30056,22,Male,HR,1/9/2022, 
14346,36,0,47,Female,Sales,28/9/2021,1
14347,22,3705,58,Female,IT,23/6/2023,5
14348,24, ,40,Male,NA,8/5/2022,2
14349,38,49356,78,,Operations,13/9/2020,4
14350,49,40907,0,Female,HR,25/10/2021,1
14351,61,25748,71,Male,Operations,5/1/2020,5
14352,51,42405,83,Female,Operations,2/7/2022,2
14353,31,33232,-,NA,Marketing,30/11/2024,4
14354,21,33778,94,Female,HR,6/6/2022,4
14355,50,33659,6,Male,Operations,13/3/2022,1
14356,20,15206,70,Female,IT,6/9/2024,5
14357,47,52927,77,Male,Sales,18/11/2020,5
14358,38,26071,87,Male,Marketing,21/8/2020,5
14359,37,50736,55,Male,Marketing,2/12/2022,NA
14360,26,0,39,Male,IT,25/12/2021,3
14361,44,38679,90,Male,Finance,29/12/2023,4
14362,44,23109,63,Male,Operations,17/12/2023,3
14363,29,27666,87,Male,Sales,16/2/2024,4
14364,41,46596,85,Female,IT,11/11/2020,4
14365,-,28449,48,Female,Finance,20/10/2022,2
14366,51,22159, ,Female,Operations,15/1/2021,2
14367,52,51275,77,NA,HR,17/9/2022,1
14368,37,*,73,Female,HR,13/4/2023,2
14369,*,16551,38,NA,Marketing,25/9/2022,5
14370,38,53420,26,Male,IT,2/4/2020,2
14371,29,38707,64,Female,IT,4/2/2020,3
14372,28,28811,58,Female,Marketing,21/2/2022,4
14373,63,26953,24,Male,Marketing,2/3/2024,*
14374,61,42480,72,Female,Sales,28/11/2021,4
14375,-,,21,Female,Operations,19/2/2024,3
14376,51, ,67,Male,Finance,16/11/2024,2
14377,33,45286,0,Female,IT,24/9/2021,1
14378,29,36882,97,Male,HR,29/3/2023,
14379,25,29213,3,Female,IT,5/2/2024,NA
14380,39,42162,0,Female,HR,11/3/2023,2
14381,,49503,27,Female,,20/6/2023,4
14382,60,13483, ,Male,Sales,17/3/2023,1
14383,54,43886,92,Male,Sales,26/10/2021,2
14384,33,,37,Female,-,13/7/2022,4
14385,34,278377,*,*,Sales,4/1/2022,3
14386,24,17609,42,Female,HR,17/7/2022,2
14387,30,32852,82,Female,Marketing,10/5/2020,5
14388,40,46971, , ,Finance,5/12/2023,2
14389,37,13596,17,Female,Operations,22/10/2024,2
14390,21,33221,67,Male,Sales,25/7/2021,4
14391,53,34797,80, ,Operations,30/11/2024,4
14392,47,29784,92,Female,Marketing,24/4/2022,2
14393,54,50647,61,,Marketing,9/8/2022,2
14394,63,20435,0,,Marketing,10/3/2022,4
14395,37,,6,*,NA,28/11/2023,5
14396,47,25480,22,Female,IT,7/11/2020,4
14397,53,24759,66,Male,Marketing,30/6/2020,NA
14398,20,50067,75, ,Marketing,3/6/2021,4
14399,58,38332,97, ,HR,1/12/2020,NA
14400,52,31112,2,Female,Sales,22/12/2022,3
14401,21,49829,63,Male,IT,9/7/2021,3
14402,61,45361,26,Female,Sales,20/7/2023,-
14403,42,35516,94,Male,IT,23/8/2024,3
14404,47,18447,66,Male,Finance,17/1/2020,3
14405,56,*,7,Male,IT,12/5/2024,
14406,19,22741,,Female,Sales,4/8/2024,4
14407,62,59355,66,Male,Marketing,18/7/2021,5
14408,28,20898,4,Female,Finance,19/3/2022,4
14409,53,41907,10,Female,IT,19/2/2020,2
14410,18,27056,16,Female,,17/3/2023,3
14411,,20979,10,Female,IT,27/3/2022,5
14412,31,49078,-,Male,Sales,19/5/2024,4
14413, ,27969,28,Male,IT,2/1/2023,3
14414,27,NA,NA,Female,HR,22/3/2024,4
14415,62,50741,12,Female,HR,10/6/2022,3
14416,33,52414,90,Female, ,10/4/2020,3
14417,32,50975,8,Female,Operations,30/8/2023,5
14418,20,36787,-, ,Operations,3/12/2020,-
14419,37,45513,83,Female,,21/3/2021,2
14420,57,41936,43,Male,Operations,10/12/2020,5
14421,NA,42569,99,Female,IT,4/10/2024,4
14422,22,38753,2,Female,IT,3/11/2023,4
14423,40, ,68,Male,Finance,15/9/2020,5
14424,38,29946,45,,HR,14/2/2021,4
14425,,26051,25,Female,Operations,21/11/2024,4
14426,30,35906,66,Female,HR,10/4/2023,1
14427,45,59474,87,Female,Sales,3/8/2020,5
14428,45,30521,0,Male,Sales,17/3/2022,2
14429,37,32674,54,Male,Operations,29/11/2022,2
14430,22,26493,25,Male,,25/12/2022,5
14431,38,50711,15,Female,Marketing,3/5/2020,2
14432,40,54952,3,Female,IT,8/4/2020,3
14433,62,20594,38,Male,IT,24/10/2024,2
14434,61,32047,38,Female,IT,3/9/2024,5
14435,24,31327,4,Female,Operations,12/6/2024,2
14436,34,20773,90,Male,Finance,5/8/2023,2
14437,58,0,94,Male,Sales,19/11/2023,2
14438,61,33322,96,Female,HR,19/10/2021,2
14439,45,29513,*,Female,HR,31/8/2021,3
14440,62,37537,-,-,Finance,20/11/2024,3
14441,22, ,57,Female,Finance,18/9/2020,3
14442,26,29476,34,Female,Sales,11/1/2024,4
14443,47,48803,35,Male,Sales,7/9/2021,2
14444,57, ,54,Female,HR,12/4/2020,3
14445,36,58840,93,Male,IT,18/10/2024,5
14446,28,28664,93,Male,IT,23/3/2021,5
14447,*,29697,92,Female,Finance,14/3/2020,1
14448,32,-,68,Female,IT,6/6/2021,1
14449,60,37194,54,Female,*,20/9/2020,4
14450,57,32223,67,Male,NA,24/10/2023,5
14451,18,34129,13,Male,IT,14/1/2021,1
14452,28,34506,75,Female,Marketing,13/11/2021,3
14453,29,36628,48,Female,Sales,12/10/2021,4
14454, ,33290,96,Female,Marketing,5/7/2022,2
14455,60,22805,57,Female,HR,30/5/2024,5
14456,36,30403,6,Male,Operations,22/2/2022,4
14457,18,39724,31,Female,Finance,19/4/2023,4
14458,26,58808,75,Male,Sales,27/3/2022,1
14459,32,37443,21,Male,Marketing,8/3/2024,2
14460,25,38237,74,Female,IT,27/10/2022,3
14461,21,31474,8,Male,,25/6/2022,1
14462,42,36133,95,Male,Sales,12/5/2021,4
14463,49,31283,6,Female,HR,11/4/2024,4
14464,26,39567,30,Male,,30/5/2021,4
14465, ,51025,68,Male,HR,4/2/2022,1
14466,64,23256,73,Female,Operations,8/7/2020,3
14467,33,40605,5,Male,-,5/7/2024,2
14468,36,19779,-, ,Marketing,26/2/2020,4
14469,53,14200,99,NA,IT,22/2/2022,4
14470,64,22309,99,Female,Sales,11/10/2020,5
14471,52,22247,64,Female,HR,10/3/2021,1
14472, ,46799,,Female,Marketing,21/9/2022,5
14473,19,44890,36,Male,HR,26/9/2023,3
14474,34,25230,93,Female,HR,16/1/2024,3
14475,61,69133,62,Female,IT,27/12/2022,2
14476,31,*,,Male,Finance,9/8/2024,3
14477,59,25744,-,Male,Marketing,11/10/2023,2
14478,20,4696,100,Male,Finance,8/10/2023,4
14479,36,37430,25,Male,IT,28/4/2023,4
14480,42,38561,10,Female,Marketing,25/12/2021,1
14481,23,32231,38,Female,Marketing,6/6/2021,2
14482, ,19764,,Female,Finance,31/3/2020,2
14483,42,34394,*,Male,Finance,14/4/2020,5
14484,55,42843,14,Female,Sales,6/11/2023,3
14485,59,15153,55,Female,Finance,2/2/2020,2
14486,37,26810,54,Male,Operations,7/3/2024,3
14487,39,54949,49,Female,IT,28/8/2023,2
14488,55,36062,62,Male,Operations,21/1/2022,4
14489,55,34285,30, ,Finance,15/9/2022,3
14490,*,30573,86,Male,Operations,22/11/2020,2
14491,54,-,44,Female,Marketing,30/5/2024,5
14492,18,34843,47,Male,Finance,10/9/2021,3
14493,63,,13,Male,Finance,3/2/2022,5
14494,22,*,4,Male,*,4/6/2022,4
14495,34,42599,99,Female,Marketing,6/12/2022,2
14496,23,35882,35,Male,Sales,21/5/2023,2
14497,34,23348,64,Female,-,25/3/2024,2
14498,26,32434,-,Female,Sales,8/2/2022,2
14499,51,18611,66,Female,Operations,26/5/2022,1
14500,56,21562,NA,Female,HR,10/3/2023,4
14501,51,29578,73,Male,Sales,9/9/2021,1
14502,32,24379,58,Male,Finance,23/10/2021,3
14503, ,26105,13,Male,IT,23/2/2022, 
14504,*,16883,5,,Operations,17/4/2024,5
14505,20,39271,2,Female,Operations,11/8/2023, 
14506,63,19742,1,Male,Operations,16/6/2024,3
14507,25,32201,83,Female,IT,2/12/2024,5
14508,56,24802,0,Female,-,6/1/2023,1
14509,29,15431,14, ,Finance,25/9/2022,4
14510,43,33618,71,Female,HR,25/7/2023,2
14511,*,39296,NA,-,Operations,3/7/2022,2
14512,48,24989,8,Female,IT,26/3/2024,2
14513,37,32958,NA,Male,HR,30/5/2020,4
14514,34,35830,4,Female,HR,12/6/2022,-
14515,63,48188,92,Female,Operations,4/3/2023,1
14516,31,56141,53,Female,HR,21/11/2020,5
14517,*,45480,41,Female,IT,18/6/2022,4
14518,33,52505,48,Female,Operations,12/12/2020,5
14519,24,*,39,Female,Operations,14/4/2020,1
14520,27,44718,80,Female,Finance,11/10/2023,2
14521,*,29718,5,Female,HR,5/4/2020,2
14522,61,22304,,Female,-,11/10/2024,5
14523,44,39005,27,Female,IT,28/10/2022,5
14524,56,42726,64,Male,Finance,9/10/2022,3
14525,41,32937,53,Male,Sales,15/3/2023,5
14526,49,34898,86,Female,Marketing,24/12/2021,4
14527,43,50319,19,Female,Finance,14/5/2020,NA
14528,,31796,38,Male,Sales,31/1/2021,2
14529,29,32297,12,Male,Sales,3/7/2024,3
14530,*,40052,86,Male,IT,31/5/2020,5
14531,28,30992,20,Male,HR,18/10/2021,3
14532,58,53803,26,Male,Operations,9/4/2021,4
14533,35,27178,13, ,,21/6/2020,2
14534,43,46527,19,Female,Operations,4/4/2021,3
14535,33,56702,NA,Female,IT,26/4/2022,2
14536,18,26691,76,Female,Operations,23/11/2020,
14537,51,31613,46,Male,Sales,3/2/2024,4
14538,39,34249,95,Female,HR,7/7/2024,4
14539,21,12432,85,Male,Finance,8/6/2022,1
14540,31,17492,0,Male,IT,20/9/2024,3
14541,37,38086,25,Male,-,3/12/2022,2
14542,24,29666,38,Male,*,9/1/2022,2
14543,51,50561,54,Female,Operations,21/7/2023,2
14544,49,31903,32,Female,Marketing,29/6/2020,5
14545,56,43684,86,Male,Marketing,1/4/2020,2
14546,23,6937,31,Male,Finance,30/12/2022,2
14547,26,32388,34,Female,HR,9/2/2024, 
14548,21,1359,22,Male,HR,25/6/2024,3
14549,38,38154,55,Male,Sales,7/9/2022,4
14550,25, ,99,Male,IT,19/3/2020,2
14551,51,*,6,Male,Marketing,11/11/2021,-
14552,31,67586,58,Female,HR,2/10/2022,1
14553,20,16204,0,Female,Operations,25/12/2022,2
14554,25,36316,74,Male,Finance,12/7/2024,5
14555,51,15923,0,Female,Operations,28/4/2020,NA
14556,58,34284,13,,Operations,5/11/2021,3
14557,19,22467,32,Male,Operations,9/10/2020,1
14558,27,20866,NA,Female,Marketing,21/10/2024,4
14559,41,0,91,Female,Finance,27/4/2024,2
14560,26,19754,89,Female,HR,5/10/2023,5
14561,59,-,NA,Male,HR,22/5/2024,1
14562,46,0,3,Male,Operations,8/8/2023,1
14563,57,42802,50,Female,Sales,15/5/2023,1
14564,55,0,81,Male,HR,20/8/2023,3
14565,35,44390,11,Male,Finance,4/5/2023,4
14566,30,33034,68,Female,IT,3/12/2022,3
14567,62,24920,63,Female,HR,23/3/2022,1
14568,55,52891,36,Male,Operations,22/1/2024,2
14569,23,10209,72,Male,Operations,18/9/2024,3
14570,37,30155,88,Male,Finance,28/3/2023,1
14571,29,47744,39,Female,*,9/1/2020,5
14572,26,,11,Male,IT,17/5/2024,5
14573,52,19770,83,Female,Sales,20/10/2024,4
14574,63,38752,68,Male,Marketing,11/6/2020,2
14575,59,33542,8,Female, ,20/10/2021,1
14576,21,,27,Female,Finance,28/4/2024,NA
14577,41,26014,63,Female,Marketing,5/8/2021,1
14578,58,18464,76,Male,IT,5/4/2020,1
14579,38,31658,86,Female,Marketing,24/4/2020,4
14580,NA,34042,38,Female,-,28/4/2022,1
14581,62,30264,85,Male,Operations,4/7/2021,1
14582,20,21083,20,Female,Sales,25/1/2022,1
14583,39,33319,49,Female,HR,1/5/2023,5
14584,53,*,63,Male,Marketing,20/6/2021,-
14585, ,22906,98,Male,IT,21/10/2020,1
14586,59,48229,46,Female,HR,30/4/2023,2
14587,49,30875,79, ,IT,15/7/2022,3
14588,18, ,7,Female,HR,1/10/2022,1
14589,54,0,60,Female,Sales,18/10/2022,3
14590,56,52557,-,Female,HR,26/5/2024,3
14591,40,37803,26,Male,HR,2/12/2023,3
14592,46,21452,57,Female,-,19/5/2020,
14593, ,46209,94,*,Marketing,1/7/2022,4
14594,50,25862,86,Male,Operations,22/12/2021,3
14595,-,23068,77,Female,Marketing,2/1/2021,4
14596,31,24381,2,Male,NA,17/9/2020,4
14597,29,34330,32,Male,HR,12/6/2021,2
14598,19,24893,23,Female,Finance,29/8/2021,5
14599,60,26413,91,Female,IT,20/7/2022,1
14600,39,33868,85,Male,,11/5/2023,2
14601,31,45261,36,Male,Finance,28/11/2022,3
14602,24,64780,95,Male,HR,11/10/2024,3
14603,31,27554,31,Male,Sales,14/3/2020,2
14604,-,28653,23,Male,*,16/5/2024,2
14605,31,41573,0,Male,Marketing,9/10/2021,5
14606,NA,33138,92,Male,Marketing,9/11/2021,1
14607,49,43458,90,Female,Sales,4/3/2021,3
14608,56,42582,24,NA,Sales,13/6/2020,2
14609,58,20610,89,Female,Sales,15/4/2023,5
14610,45,,25,Male,Operations,9/8/2021,2
14611,53,22237,40,*,Marketing,1/9/2021,5
14612,60,30829,81,Male,Marketing,22/2/2024,5
14613,18,51439,73,Female,Sales,8/3/2021,1
14614,-,11928,32,Female,*,4/4/2020,1
14615,26,52931,50,Female,NA,22/6/2023,5
14616,27,NA,9,Female,HR,27/7/2024,3
14617,18,,90,Male,Operations,22/2/2022,3
14618,57,41410,3,Male,Finance,20/11/2020,*
14619,51,23942,59,Female,Finance,1/9/2021,1
14620,50,40328,53,Female,Marketing,27/1/2024,3
14621,NA,39748,67,Female,Finance,9/3/2022,3
14622,50,41608,94,Female,Finance,19/9/2023,3
14623,24,24870,14,Female,Operations,27/7/2021,1
14624,41,39803,78,Male,Operations,11/2/2024,5
14625,50,-,89,Female,Finance,20/8/2024, 
14626,22,47600,62,Female,IT,25/5/2021,5
14627,64,39442,65,Female, ,15/7/2020,1
14628,47,29567,39,Female,Operations,17/10/2020,2
14629,21,-,14,Male,IT,25/6/2024,3
14630,22,49691,*,Male,Marketing,29/8/2020,4
14631,31,56079,49,Female,Marketing,22/1/2020,3
14632,37,29599,49,Male,Finance,18/8/2021,2
14633,33,10469,77,Female,Marketing,19/2/2022,*
14634,33,16266,75,Male,Operations,19/8/2020,2
14635,20,24359,44,Female,HR,13/8/2020,3
14636,29,51023,61,,Marketing,29/11/2021,5
14637,38,43054,0,Male,Finance,30/11/2020,5
14638,26,7538,26,Female,HR,10/11/2022,3
14639,30,45014,11,Male,Finance,7/5/2023,1
14640,28,18070,43,Male,Marketing,18/3/2022,2
14641,44,17655,71,Male,IT,27/6/2023,3
14642,28,36950, ,Male,Sales,12/9/2020,4
14643,53,53834,-,Female,IT,9/11/2022,1
14644,39,16867,17,Female,Sales,11/11/2021,1
14645,,30426,77,Female,Finance,9/8/2023,1
14646,53,44363,62,Male,Finance,4/5/2023,4
14647,NA,33561,32,Male,Sales,30/9/2023,3
14648,22,29322,16,Female,HR,14/3/2021,2
14649,33,23720,6,Male,Marketing,2/9/2022,1
14650,36,23011,NA,Female,Sales,10/9/2022,1
14651,30,31952,93,Male,Marketing,3/11/2024,4
14652,51,38164,35,Female,Operations,25/9/2022,1
14653,30,NA,56,Male,IT,6/7/2024,4
14654,58,11819,7,Male,Operations,8/6/2020,4
14655,27,42554,79,Male,IT,25/8/2020,2
14656,26,-,89,Male,Marketing,26/7/2022,3
14657,60,45831,91,Male,Sales,25/1/2020,2
14658,25,38487,49,,IT,6/3/2022,5
14659,38,29945,80,Male,Marketing,31/10/2022,4
14660,31,32932,74,Female,IT,11/12/2022,2
14661,57,50826,62,,IT,18/1/2020,3
14662,39,34054,1,Female,Sales,12/11/2023,4
14663,40,NA,29,Female,Operations,16/12/2023,4
14664, ,,65,Male,Marketing,29/12/2022,2
14665,60,0,22,Male,Operations,28/10/2023,2
14666,21,29607,2,Male,Sales,4/8/2021,1
14667,*,36182,46,Male,HR,13/12/2020,4
14668,44,25883,34,Male,Sales,12/9/2020,1
14669,37,38557,61,Male,Sales,29/9/2021,3
14670,47,NA,24,Female,Sales,18/1/2021,4
14671,*,51025,1,Female,Finance,28/2/2022,5
14672,22,74951,57,Female,NA,2/6/2024,1
14673,54,47433,52,Female,Sales,19/10/2020,2
14674,24,38229,50,Male,Sales,18/10/2022,5
14675,63,44792,3,Female,Sales,30/8/2022,2
14676,38,221117,NA,Male,HR,19/2/2021,2
14677,18,59267,97,Male,Marketing,4/10/2022,3
14678,57,-,66,Female,*,13/7/2020,4
14679,47,37405,99,Female,IT,29/10/2022,1
14680,,21750,-,Male,Finance,10/3/2020,1
14681,61,32165,72,-,Marketing,28/5/2024,3
14682,22,29673,95,Female,HR,5/4/2022,4
14683,58, ,96,Male,,4/6/2020,1
14684,58,36046, ,Female,IT,18/3/2022,1
14685,58,40854,52,Female,Marketing,11/1/2022, 
14686,27,26379,23,Female,NA,25/3/2022,1
14687,28,8219,82,Male,IT,17/11/2023,1
14688,37,28605,87,Male,Operations,28/1/2024,-
14689,39,3531,76,Male,Marketing,26/8/2022,2
14690,38,26177,57,Male,Sales,5/1/2024,2
14691,21,21329,2,Male,HR,5/6/2020,4
14692,35,11122,87,Female,IT,27/9/2020,5
14693,28,36561,9,Male,Finance,7/7/2024,2
14694,50,,0,,Sales,24/10/2021,*
14695,23,22488,82,Female,HR,19/6/2020,1
14696,54,37095,49,Female,Operations,13/6/2022, 
14697,62,22371,65,Male,IT,24/2/2024,1
14698,43,30188,2,Female,Operations,1/3/2024,2
14699,23,36718,59,Male,HR,29/9/2021,5
14700,58,48931,80,Male,Finance,30/3/2020,2
14701,19,*,73,Male,IT,23/12/2020,4
14702,52,15657,14,Female,HR,10/6/2021,3
14703,56,31259,52,Male,Operations,24/12/2022,
14704,*,,58,,Sales,30/10/2022,2
14705, ,32458,0,Female,Marketing,30/9/2024,5
14706,37,,-,Male,HR,1/7/2022,1
14707,32,44604,23,Female,Finance,8/8/2023,-
14708, ,50540,81,Male,Finance,4/2/2023, 
14709,64,43695,64,Male,,8/7/2023,3
14710,19,39692,NA,Male,Finance,4/7/2020,3
14711,36, ,95,Female,Operations,6/1/2022,5
14712,35,30799,63,*,IT,3/3/2024, 
14713,,23731,28,Female,HR,15/11/2022,2
14714, ,45753,58,Male,HR,17/1/2021,5
14715,63,51981,84,Female,Operations,3/6/2020,3
14716,39,25403,NA,NA,IT,27/1/2020,3
14717,36,0,95,Male,Marketing,14/9/2024,1
14718,29,44107,30,Female,IT,7/11/2020,1
14719,23,47018, ,Male,Operations,14/3/2021,-
14720,51,47834,97,Male,Operations,3/3/2020,2
14721,,14337,31,*,Finance,10/3/2022,2
14722,50,39304,33,Female,Operations,18/3/2024,-
14723,37,28653,93,Female,IT,26/1/2021,3
14724,31,NA,26,Female,Finance,16/12/2021,4
14725,26,34062,42,Male,IT,15/12/2023,3
14726,64,31811,94, ,Finance,16/7/2022,
14727,54,25972,87,Male,Sales,24/4/2020,2
14728,43,26018,15,Female,Operations,8/2/2023,2
14729,31,28125,86,Male,Operations,3/8/2024,1
14730,20,53170,72,Female,Finance,22/10/2021,2
14731,42,42987,78,Female,Marketing,2/11/2021,1
14732,51,57211,51,NA,Finance,1/12/2024,4
14733,36,21187,90,Female,Sales,25/2/2021,1
14734,28,,78,Female,Sales,15/2/2022,5
14735,30,0,-,Male,Finance,12/6/2020,5
14736,52,37143,19,Female,Marketing,24/5/2024,5
14737,45,33406,56,Male,Marketing,22/1/2023,2
14738,25,25327,NA,Female,HR,14/1/2021,3
14739,37,27170,83,Male,HR,8/1/2022,3
14740,53,39596,28,Female,,7/2/2024,4
14741,36,39908,99,Male,,24/2/2021,5
14742,32,39574,50,Female,Sales,4/10/2020,2
14743,56,30183,45,Female,Sales,26/8/2024,2
14744,31,53597,7,NA,Finance,24/7/2020,1
14745,26,42452,69,Male,IT,20/10/2020,1
14746,64,59476,-,Female,Operations,9/7/2023,4
14747,50,,0,Male,Operations,23/8/2022,4
14748,44,37394,85,Female,Operations,21/11/2020,3
14749,29,11305,-,Male,IT,4/1/2021,4
14750,35,32430,70,Female,Operations,8/7/2021,1
14751,45,27937,9,Female,HR,31/1/2024,3
14752,56,32292,0,Male,Operations,16/12/2023,2
14753,39,-,4,Male,Sales,1/6/2024,3
14754,54,-,22,Female,HR,28/10/2023,2
14755,NA,44191,1,Male,NA,18/3/2020,3
14756,31,38080,90,Female,Sales,7/11/2020,3
14757,35,53721,37,Female,Operations,3/11/2020,2
14758,,46762, ,Female,IT,12/2/2021,1
14759,46,38307,-,Male,Operations,25/5/2021,5
14760,61,46470,56,Male,IT,24/7/2021,1
14761, ,24140,48,Male,Sales,29/6/2020,1
14762,54,30366,100,Female,IT,23/7/2024,1
14763,63,27495,13,Female,IT,3/11/2024,4
14764,,43640,83,Female,IT,10/11/2020,4
14765,25,32484,66,Male,Operations,7/10/2022,1
14766,31,31314,14,Female,Finance,5/2/2023,3
14767,36,13902,69,Male,Sales,27/9/2024,5
14768,37,22904,69,Male,Marketing,8/4/2022,1
14769,NA,29114,54,Female,Finance,1/6/2024,-
14770,53,30261,84,Female,Finance,21/4/2021,1
14771,50,17551,-,Male,HR,6/8/2023,2
14772,46,5544,95,Female,Finance,9/4/2021,2
14773,63,34170,77,Female,HR,11/12/2020, 
14774,39,20978,13,Male,Marketing,6/10/2020,1
14775,51,50717,13,Male,Finance,26/1/2021,3
14776,44,32163,43,Female,HR,25/11/2024,2
14777,41,35138,0,Male,HR,3/11/2021,4
14778,,40090,*,Female,Sales,1/7/2021,1
14779,36,26864,23,Female,Sales,22/10/2022,2
14780,41,21729,95,Female,Marketing,30/10/2021,3
14781,64,56013,25,Female,Marketing,26/4/2022,3
14782,21,71053,49,Male,IT,24/6/2021,5
14783,38,75793,36,Male,IT,30/8/2020,4
14784,30,51662,31,Male,Finance,25/3/2024,4
14785,62,49381,7,Male,HR,27/9/2022,5
14786,22,34682,9,Male,Operations,8/10/2020,5
14787,44,26849,92,Male,Operations,16/9/2023,5
14788,-,*,89,Male,IT,6/4/2020,3
14789,62,72865,61,Male,Sales,16/1/2024,1
14790,38,26061,87,Female,HR,9/2/2020,5
14791,52,29358,3,Male,Finance,2/12/2023,5
14792,38,17782,28,Male,HR,8/6/2023,4
14793,31,0,,Female,Marketing,28/9/2022,4
14794,54,0,92,Male,Marketing,5/3/2020,3
14795,34,44221,42,Female,Operations,25/3/2024,4
14796,59,44769,35,Female,Operations,10/6/2021,3
14797,41,55085,75,Female,Finance,10/5/2021,3
14798,63,53368,*,Female,Marketing,13/5/2022,3
14799,64,21743,45,Female,Operations,2/7/2024,4
14800,53,NA,100,Female,HR,30/9/2024,4
14801,31,43093,34,Female,Finance,24/7/2023,1
14802,42,26024,0,Female,HR,11/12/2021, 
14803,26,36343,47,Male,*,16/12/2022,2
14804,61,23436,14,Male,HR,15/12/2020,1
14805,31,52508,98,Female,Operations,19/7/2024,1
14806,53,23077,100,Male,Operations,17/2/2024,5
14807,20,28744,46,Female,Finance,6/6/2020,4
14808,53,22925,78,Female,Marketing,2/7/2021,2
14809,39,53249,43,Male,,31/8/2022,2
14810,48,16461,0,Male,HR,29/3/2020,1
14811,22,36767,*,Female,Sales,25/2/2021,4
14812,21,29611,11,Female,IT,1/12/2024,4
14813,47,20771,25,Male,Marketing,20/11/2024,4
14814,20,18899,*,Male,NA,30/4/2021,3
14815,42,39594,0,Male,Marketing,20/1/2020,1
14816,23,32135,80,-,HR,12/12/2023,4
14817,62,29276,17,Male,HR,12/10/2020,2
14818,52,35824,63,Female,Sales,4/10/2024,*
14819,48,12886,49,*,HR,22/6/2020,4
14820,25,47665,57,Female,Finance,3/4/2023,2
14821,34,37408,96,Male,-,14/3/2024,2
14822,52,64439,81,Female,Operations,31/7/2024,2
14823,33,49412,90,Female,Operations,27/3/2022,4
14824,34,0,85,Male, ,18/11/2021,
14825,53,44573,8,Female,Sales,24/9/2024,3
14826,64,45461,47,Female,Sales,9/5/2020,5
14827,58,20084,49,Female,IT,11/12/2022,1
14828,53,8502,34,Male,*,11/2/2020,2
14829,46,25530,44,Female,Finance,30/12/2021,3
14830,59,27293,*,Female,Operations,13/1/2021,1
14831,33,41113,91,Male,*,8/2/2022,4
14832,-,22306,76,Female,,22/4/2024,3
14833,22,16790,35,Female,IT,7/11/2020,3
14834,26,0,22, ,Finance,7/12/2020,3
14835,42,40998,51,Female,Marketing,9/2/2024,5
14836,52,23739,-,Female,Operations,25/7/2021,5
14837,28,,99,Male,Finance,23/2/2023,3
14838,26,29531,98,Male,Operations,27/8/2022,5
14839,41,33666,0,,Finance,11/4/2021,5
14840,26,7451,*,-,Finance,14/2/2021,4
14841,64,41511,35,Female,IT,29/2/2020,3
14842,30,19197,7,Female,IT,30/3/2024, 
14843,56,33031,71,Female,Sales,29/8/2024,2
14844,39,46435,NA,Male,Marketing,29/4/2023,
14845,40,39815,66,Male,Marketing,30/11/2023,4
14846,53,33822,1,Male, ,20/4/2024,2
14847,50,37531,0,Female,Operations,24/4/2024,2
14848,*,8733,62,Male,HR,27/1/2020,5
14849, ,NA,39,Male,Marketing,11/1/2020,3
14850,50,43467,67,Female,Sales,7/5/2024,4
14851,49,37711,85,Male,Operations,15/10/2022,1
14852,52,25663,68,Male,*,22/7/2022,4
14853,50, ,0,Female,Marketing,16/5/2022,5
14854,28,21225,38,Female,IT,17/1/2020,-
14855,53,38445,39,Female,Sales,29/5/2021,*
14856,35,23410,68,Male,Marketing,2/2/2023,2
14857,47,28524,85,,Marketing,19/12/2020,5
14858,59,35610,88,Male,IT,19/3/2020,3
14859,31,19101,30,Male,Operations,2/2/2024,5
14860,34,24263,0,Female,IT,9/4/2020,5
14861,51,57352,71,Female,Finance,10/1/2024,5
14862,64, ,28,Male,Marketing,1/11/2020,5
14863,37,9992,100,Female,IT,18/4/2020,3
14864,57,,42,Female,IT,7/2/2021,1
14865,42,-,81,Male,IT,20/5/2021,*
14866,21,38543,23,Female,Finance,19/9/2021,3
14867,25,60239,81,Female,Marketing,10/8/2020,2
14868,30,43571,56,Female,Sales,17/10/2024,2
14869,63,31164,15,Male,Operations,1/8/2023,1
14870,18,32644,2,Female,Operations,28/4/2020,2
14871,30,10789,66,Male,Finance,26/2/2024,1
14872,25,48802,99,Male,Marketing,15/6/2024,2
14873,29,21047,26,Male,Marketing,26/7/2021,1
14874,60,44381,35,Male,Marketing,25/8/2023,5
14875,41,54790,41,Female,Marketing,8/12/2021,2
14876,21,33154,27,Female,Finance,10/3/2021,2
14877,64,41323,40,Male,Finance,11/9/2022,4
14878,40,33467,36, ,Marketing,21/6/2023,3
14879,44,23909,*,Male,Operations,24/9/2020,5
14880, ,26583,48,Male,Sales,26/7/2020,
14881,61,54518,49,Male,HR,24/5/2022,4
14882,19,40575,62,Male,Sales,28/11/2024,3
14883,62,43792,19,Female,Finance,7/6/2024,2
14884,26, ,96, ,IT,12/4/2024,5
14885,,41482,NA,Female,Sales,5/4/2021,5
14886,34,36972,74,Male,Operations,18/2/2024,1
14887,28,28505,38,Male,Marketing,6/10/2022,1
14888,53,64371,35,Female,Marketing,30/5/2020,5
14889,37,38118,72,Female,,13/2/2024,3
14890,56,21371,35,Male,Operations,20/9/2022,1
14891,60,44349,80,Female,Marketing,28/11/2023,2
14892, ,42176,71,Male,HR,26/11/2022,
14893,31,0,71,Male,IT,16/1/2023,4
14894,60,31465,65,Male,Sales,14/3/2021,3
14895,31,39805,22,*,IT,26/5/2024,*
14896,29,42851,0,Female,Sales,25/6/2021,1
14897,29,42387,73, ,Sales,1/5/2020,5
14898,26,36084,55,Female,IT,26/11/2021,3
14899,21,5996,43,Female,Marketing,24/7/2021,2
14900,20,44844,36,Female,NA,2/5/2024,1
14901,63,48892,83,Female,Marketing,14/9/2020,2
14902,55,36982,24,Male,Operations,3/9/2024,4
14903,19,43114,25,Male,Marketing,3/3/2021,5
14904,51,18087,30,Female,,21/1/2023,5
14905,60,22074,95,Male,HR,30/10/2020,3
14906, ,36710,60,Female,NA,12/6/2023,1
14907,37,48190,24,Male,Sales,23/2/2020,4
14908,31,11357,-,Female, ,26/1/2021,3
14909,-,49978,0,Male,Sales,20/4/2021,3
14910,59,17073,78,Male,Operations,7/1/2020,1
14911,62,58246,35,Male,Finance,6/7/2024,2
14912,30,45777,81,Male, ,21/1/2020,2
14913,-,12707,74,Female,HR,16/4/2023,4
14914,28,28210,90,Male,Sales,22/1/2020,2
14915,49,0,0,Female,HR,15/12/2022,4
14916,62,236064,98,Female,Operations,5/8/2021,1
14917,22,58686,*,Female,HR,28/3/2020,1
14918,63,14051,64,Female,Finance,23/9/2021,1
14919,36,42455,14,Female,Finance,11/4/2022,1
14920,31,NA,39,Female,HR,5/5/2023,3
14921,*,24838,28,Male,Finance,1/2/2021,
14922,62,30336,88,Female,HR,5/3/2024,5
14923,41,53026,88,Male,Operations,31/3/2024,5
14924,33,39088,-,Female,IT,17/8/2022,1
14925,48,40263,16,Male,Marketing,13/10/2023,4
14926,31,40329,-,Male,Marketing,6/4/2020,*
14927,41,25847,22,-,Finance,10/1/2020,4
14928,29, ,22,-,Marketing,2/5/2024,4
14929,61,*,75,Male,Operations,20/5/2022,1
14930,59,19289,90,Male,HR,4/2/2021,2
14931,49,26028,45,Female,IT,24/10/2023,1
14932,32,23317,2,-,Finance,21/2/2022,2
14933,45,NA,24,Male,Operations,22/10/2023,1
14934,30,27321,38,Female,Operations,19/3/2022,3
14935,62,36927,6,Male,Sales,6/12/2022,1
14936,25,22789,34,Female,Marketing,14/8/2021,1
14937,45,NA,0,Male,,16/2/2023,3
14938,*,20496,24,Female,HR,17/1/2023,5
14939,33,NA,66,Female,HR,28/2/2021,3
14940,26,,12,Male,IT,25/7/2022,4
14941,25,,,Female,Finance,16/9/2021,4
14942,48,59883,49,Female,IT,23/9/2022,2
14943,34,25130,70,Female,IT,23/2/2022,4
14944,59,NA,0,Male,Operations,30/8/2024,3
14945,18,42419,14,Male,Marketing,11/6/2022,2
14946,18,NA,*,Female, ,25/10/2024,4
14947,27,50541,96,Male,Marketing,28/10/2023,4
14948,21,19535,*,Male,Finance,1/3/2020,4
14949,60,35499,*,Male,IT,10/11/2021,2
14950,27,-,94,Female,Marketing,2/6/2023,4
14951,NA,34279,84,*,Sales,23/9/2021,2
14952,27,61549,*,Female,Marketing,11/3/2023,5
14953,63,39914,97,Female,Marketing,30/7/2020,4
14954,50,-,*,Female,HR,26/5/2024,1
14955,-,0,40,Female,Operations,27/6/2021,5
14956,29,42609,80,Male,HR,7/11/2020,5
14957,40,31119,40,Male,HR,16/2/2023,*
14958,61,36479,92,Female,HR,10/5/2020,5
14959,43,22490,99,,HR,26/10/2020,1
14960,39,6282,49,Female,Sales,23/10/2022,1
14961,34,19109,2,Female,IT,14/11/2022,1
14962,33,,56,Female,Sales,29/12/2020,3
14963,30,14779,55,Male,IT,6/5/2023,2
14964,59,28197,*,Female,Finance,7/2/2021,4
14965,53,28740,15,Male,HR,6/1/2020,5
14966,36,37570,58,Female, ,25/6/2022,3
14967,29,26172,92,Male,HR,18/3/2022,5
14968,40,42035,27,Male,Marketing,9/1/2021,1
14969,25,68746,57,Male,Sales,28/2/2021,1
14970,57,58427,74,*,Marketing,15/5/2021,3
14971,21,34569,67,Female,IT,15/8/2021,2
14972,53,45908,33,Male, ,14/12/2020,4
14973,33,46946,15,Female, ,22/2/2022,5
14974,52,32129,28,Male,NA,6/10/2024,5
14975,42,46587,NA,Male,HR,14/8/2022,3
14976,56,28272,24,Female,IT,11/7/2023,-
14977,NA,NA,50,Male,Operations,10/1/2022,3
14978,59,35012,0,Male,Marketing,24/1/2023,3
14979,57,45797,40,Female,Operations,10/4/2023,5
14980,63,28733,20,Male,IT,17/5/2024,3
14981,39,46654,1,Male,Marketing,1/7/2024,1
14982,-,56378,9,Male,IT,23/1/2020,5
14983,59,36015,22,Male,HR,2/3/2024,3
14984,28,26582,11,Male,IT,21/8/2021,5
14985,37,20872,3,Male,Marketing,18/5/2024,3
14986,50,37794,16,Male,Finance,3/2/2023,4
14987,35,27526,47,Female,HR,19/11/2022,3
14988,47,13498,6,Male,Finance,12/1/2022,4
14989,-,43684,0,Male,Finance,19/9/2023,2
14990,64,44258,87,Female,Finance,10/5/2024,3
14991,25,18784,46,Female,Sales,11/7/2023,2
14992,49,32174,35,Female,*,13/4/2024,4
14993,63,42369,48,,Operations,22/1/2021,4
14994,NA,234253,*,Male,IT,16/1/2020,2
14995,*,,94,Female,HR,30/12/2021,1
14996,,32037, ,*,Marketing,15/4/2020,4
14997,44,34316,29,Male,Marketing,25/3/2020,2
14998,54,-,37,Male,IT,6/8/2024,5
14999,33,50007,NA, ,IT,24/2/2021,5
15000,36,19267,18,*,IT,7/7/2023,5
15001,21,41661, ,Female,Marketing,20/3/2023, 
15002,52,48483,63,Male,Finance,27/7/2024, 
15003,NA,28546,0,Male,Sales,10/4/2023,1
15004,NA,40361,99,Female,Finance,1/9/2020,4
15005,51,35803,31,Female,Operations,10/6/2024,2
15006,45,11509,69,Male,Sales,30/9/2024,4
15007,47,44689,96,Male,Operations,25/8/2023,3
15008,35,49940,67,Male,Operations,2/12/2022,1
15009,48,34956,7,Female,Sales,30/8/2020,1
15010,38,13322,70,Male,HR,2/3/2020,3
15011,46,35624,13,Female,Sales,28/12/2023,5
15012,40,32704,24,Male,HR,17/3/2023, 
15013,21,31612,43,Male,Marketing,7/7/2023,2
15014,49,23961,68,Female,Sales,10/6/2022,3
15015,43,45584,85,Male,Marketing,21/2/2023,5
15016,19,25935,91,Female,Operations,8/4/2022,1
15017,63,37407,58,Male,NA,6/6/2023,4
15018,61,34269,4,*,Sales,21/6/2023,5
15019,60,45877,72,Male,Sales,14/2/2024,5
15020,19,24989,6,Male,Operations,21/8/2023,5
15021,49,35180,80,Female,Finance,30/7/2020,NA
15022,23,19793,17,Female,HR,17/9/2022,1
15023,NA,0,0,Female,IT,12/1/2022,1
15024,30,41417,98,Female,Marketing,11/5/2022,5
15025,20,45230,99,Female,Operations,19/5/2024,3
15026,37,13418,34,*,HR,16/1/2023,4
15027,54,41044,61,Male,IT,5/5/2023,1
15028,25,*,16,Male,HR,9/7/2021,4
15029,31,26091,51,Male,HR,19/7/2020,3
15030,53,41935,98,Male,IT,29/12/2023,4
15031,-,46937,46,Female,Marketing,1/3/2022,NA
15032,58,28831,*,*,Marketing,2/6/2023,-
15033,NA,,49, ,Sales,8/11/2020,3
15034,63,64073,*,Male,Sales,20/7/2023,2
15035,38,8779,6,Male,IT,6/11/2024,4
15036,27,38291,17,Female,IT,14/8/2024,1
15037,57, ,47,Female,HR,18/5/2023,3
15038,54,,52,Male,Sales,6/2/2024,4
15039, ,22708,72,Female,Finance,15/9/2020,4
15040,63,50387,62,Female,Operations,16/3/2023,2
15041,33,43581,31,Female,Finance,21/2/2024,3
15042,64,40748,30,Male,IT,25/4/2020,2
15043,33,31285,25,Female,Operations,20/4/2024,4
15044,30,-,7,Male,Finance,1/3/2020,1
15045,33,51701,70,Female,Marketing,11/8/2022,3
15046,53,33616,73,Female,Finance,24/5/2020,1
15047,40,19511,77,Male,Marketing,7/9/2020,-
15048,20,41777,44,Female,HR,8/7/2022,4
15049,NA, ,74,Male,NA,22/10/2020,
15050,51,38444,61,Male,Operations,30/1/2023,5
15051,62,*,31,Male,HR,21/9/2021, 
15052,57,37731,80,Female,IT,2/2/2024,2
15053,21,36037,64,Male,HR,23/2/2020,5
15054,47,32707,16,Female,Finance,5/8/2020,3
15055,-,159,51,Male,Sales,12/11/2022,1
15056,42,33453,83, ,Marketing,1/2/2021,3
15057,44,41844,57,Male,Sales,23/10/2020,1
15058,26,0,39,Male,Sales,28/7/2023,5
15059,,21647,23,Male,Sales,31/5/2020,5
15060,44,29282,0,Female,HR,25/1/2021,1
15061,32,258989,3,Female,Operations,24/9/2020,2
15062,41,35561,22,Female,HR,21/6/2022,5
15063,26, ,66,Male,Marketing,14/4/2021,1
15064,47,22346,29,-,Sales,5/6/2020,2
15065,,35253,31,Male,Finance,12/12/2021,4
15066,30,46015,0,Female,IT,4/9/2023,5
15067,-,34000,NA,Female,IT,19/1/2024,NA
15068,63,NA,100,*,Marketing,21/6/2021,2
15069,35,24102,6,Female,Finance,10/11/2020,2
15070,51,35092,26,Female,Sales,15/3/2024,3
15071,22,29727,100,Male,Sales,18/8/2021,5
15072,26,40166,65,Male,IT,29/11/2024,1
15073,44,38005,82,Male,Finance,29/12/2021,3
15074,30,24773,29,Female,Sales,10/10/2024,2
15075,26,17399,8,Female,IT,3/9/2024,1
15076,61,*,22,Female,HR,1/5/2023,4
15077,*,45364,2,Female,Operations,1/1/2024,4
15078,29,44339,97,Male,Sales,2/9/2020,4
15079,27,34629,16,Male,Marketing,17/11/2021,5
15080,*,33721,97,Female,HR,10/6/2021,1
15081,36,52181,69,Female,HR,10/5/2020,3
15082,27,54389,91,Male,-,25/6/2024,1
15083,36, ,47,Male,Marketing,6/4/2024,2
15084,57,17844,69,Female,Sales,4/8/2021,4
15085,33,39866,77,Male,Finance,14/11/2020,1
15086,18,43393,86,Male,Marketing,26/11/2024, 
15087,*,17344,53,Female,-,2/9/2023,NA
15088,21,39371,67,Female,-,28/11/2021,4
15089,41,41827,91,Female,,3/2/2024,3
15090,46, ,89,Male,Marketing,14/12/2023,4
15091,40,40537,92,Female,Marketing,16/12/2022,3
15092,45,30293,47,Female,Marketing,29/8/2024,4
15093,53,27000,7,Female,HR,7/10/2020,2
15094,26,-,97,Male,Finance,27/7/2020,2
15095,44,32969,50,Female,HR,8/10/2020,4
15096,60,19163,59,Female,Sales,30/6/2023,3
15097,26,34308,64,Female,IT,29/1/2022,2
15098,18,NA,3,Male,HR,18/3/2024,4
15099,39,31459,77,Female,Marketing,22/1/2021,1
15100,53,0,13,Female,HR,25/2/2023,4
15101,31,NA,31,Female,Marketing,23/4/2024,2
15102,50,41166, ,Female,Marketing,2/3/2022,3
15103,28,,0,Male,Sales,5/3/2024,4
15104,26,28549,48,Male,-,5/7/2022,*
15105,24,37100,77,Male,HR,12/2/2020,5
15106,27,27955,35,Female,Marketing,10/11/2021,1
15107,48,49573,2,Male,Marketing,14/6/2021,-
15108,19,38222,19,Female,HR,5/6/2023,2
15109,61,55052,3,Female,Finance,10/12/2020,4
15110,63,25195,,Female,Finance,5/11/2022,3
15111, ,31361,96,Female,Marketing,8/2/2020,5
15112,62,36226,48,-,IT,8/12/2022,4
15113,44,49027,52,Male,Marketing,21/10/2021,5
15114,45,,48,Male,NA,26/3/2021,5
15115,56,32042,11,Male,Sales,17/11/2023,2
15116,36,35556,15,Male,NA,27/2/2021,5
15117,43,33693,90,Male,Sales,23/10/2022,4
15118,38,15161,12,Male,HR,6/3/2021,1
15119,44,47238,39,*,Finance,1/10/2020,4
15120,62,53639,21,Female,Sales,23/3/2020,1
15121,51,25999,88,Female,Finance,7/4/2023,5
15122,43,32113,14,Female,Marketing,19/1/2024,1
15123,33,NA,22,Male,HR,1/1/2022,5
15124,45,15440,0,Male,IT,18/3/2020,4
15125,60,30029,95,Male,IT,5/5/2022,2
15126,19,27103,7,Male,Marketing,27/1/2020,3
15127,48,*,44,Female,NA,27/9/2021,1
15128,-,47072,47,Female,HR,13/6/2021,5
15129,47,38433,29,Male,HR,21/6/2024,4
15130,NA,56007,40,Male,HR,15/5/2023,5
15131,50,42595,14,Male,Finance,10/7/2022,5
15132,56,*,95,Male,Finance,23/9/2023,-
15133,19,33169,89,Female,Operations,17/11/2020,1
15134,49,18287,91,Male,Marketing,14/8/2024,3
15135,46,33874,71,Male,IT,18/6/2024,1
15136,NA,19717,13,Female,Finance,4/1/2024,3
15137,33,23363,54,Female,HR,15/1/2024,3
15138,49,53586,65,Female,IT,28/2/2022,2
15139, ,51740,81,Female,Operations,29/1/2021,5
15140,55,34301,-,Male,Operations,27/4/2023,5
15141,21,24680,,Male,Marketing,19/10/2024,5
15142,-,46566,70,Male,Operations,20/8/2020,1
15143,30,50221,60,Male,Marketing,25/7/2024,4
15144,43,35041,41,Male,*,12/3/2023,4
15145,41,45019,96,Male,Marketing,6/11/2022,1
15146,59,29920,66,Male,Operations,11/4/2024,4
15147,45,52012,67,Female,Marketing,11/9/2021,4
15148,43,0,92,,IT,11/2/2023,4
15149,24,18959,48,Female,Sales,18/11/2020,5
15150,27,41721,53,Male,IT,3/11/2024,3
15151,53,30572,23,Male,Operations,23/11/2024,2
15152,46,26825,76,-,Sales,30/10/2020,5
15153,-,39119,93,Male,IT,28/10/2020,5
15154,49,0,0,Male,,3/2/2020,5
15155,45,12762,30,Female,Sales,28/2/2023,1
15156,48,26686,75,Male,Operations,19/3/2020,4
15157,18,20853,-,Female,Sales,30/7/2022,1
15158,27,31226,0,Female,HR,24/10/2024,5
15159,26,27171,63,Male,Operations,8/4/2021,1
15160,56,27696,9,Female,HR,22/7/2022,2
15161,49,40607,94,Female,IT,30/7/2024,1
15162,29,40142,18,-,IT,15/5/2021,5
15163,61,31150,42,Female,IT,4/7/2021,4
15164,43,35429,33,Female,HR,9/8/2023,1
15165,42,10121,49,Female,HR,26/10/2023,2
15166,47,24750,1,Female,Marketing,10/7/2022,1
15167,49,21391,70,Female,HR,17/9/2023,3
15168,34,31104,10,NA,IT,5/6/2023,NA
15169,24,49339,74,Male,Operations,12/6/2023,3
15170,35,38546,*,Female,IT,7/11/2023,*
15171,34,30355,16,Female,Operations,16/3/2021,2
15172,36,28146,92,Male,Sales,8/4/2022,4
15173,36,40191,71,Male,IT,25/2/2021,5
15174,28,52207,68,Female, ,13/4/2021,5
15175,57,*,17,,HR,22/2/2022,3
15176,36, ,72,Female,Sales,21/6/2022,2
15177,34,55780,3,Female,,7/2/2023,3
15178,35,31621,46,Male,HR,15/8/2021,2
15179,23,41453,99,Male,Operations,24/10/2021,1
15180,29,*,47,Male,HR,7/4/2022,4
15181,62,32704,83,Male,Operations,28/4/2022,5
15182,-,38637,75,Female,Marketing,28/8/2021,4
15183,*,19555,44,Female,Marketing,7/3/2020,4
15184,23,26452,10,Female, ,11/1/2023, 
15185,41,0,32,Male,Sales,5/11/2021,4
15186,53,15274,-,Male,Marketing,1/5/2022,*
15187,*,27700,74,Male,Marketing,25/4/2024,5
15188,33,29616,0,Female,*,8/6/2021,4
15189,22,31199,-,Male,*,19/3/2020,1
15190,18,20684,81,Female,HR,27/4/2023,NA
15191,25,23839,98,Female,HR,20/9/2024,4
15192,54,NA,,Female,HR,17/9/2021,4
15193,24,33674,35,Female,HR,16/1/2022,3
15194,50,43875,96,Male,Operations,10/5/2021,4
15195,41, ,81,Female,HR,26/9/2022,1
15196,38,49624,35,Female,HR,15/6/2020,3
15197,36,30989,52,Female,HR,23/4/2022,
15198, ,28941,76,*,Operations,15/11/2024,5
15199,61,0,53,Male,Operations,28/7/2024,4
15200,-,55049,38,Female,Sales,15/1/2021,2
15201,63,26680,67,Male,Finance,5/11/2021,4
15202,31,48102,23,Female,Operations,27/3/2024,4
15203,59,11010,46,Male,Finance,6/8/2024,1
15204,21,37821,,Male,Sales,5/1/2021,3
15205,,43127,70,Male,Marketing,6/7/2022,1
15206,22,39421,53,Female,NA,12/3/2024,-
15207,46,55500, ,Male,IT,17/4/2023,3
15208,40,29936,90,Female, ,25/11/2023,4
15209,50,17993,-,Male,IT,1/2/2022,2
15210,51,33334,54,Female,Finance,6/5/2023,5
15211,59,25149,1,Male,Sales,3/6/2024,4
15212,22,15434,13,Female,Sales,16/9/2024,2
15213,24,15948,41,Female,Marketing,24/4/2020,2
15214,61,0,88,Male,IT,6/6/2022,
15215,29,48775,1,Male,IT,12/7/2022,1
15216,41,NA,56,Female,IT,23/6/2021,3
15217,59,43176,NA,Female,HR,2/10/2022,2
15218,47,28985,30,Female,Finance,13/5/2021,2
15219,41,17222,94,Female,Operations,2/11/2024,4
15220,52,39941,0,Male,Finance,15/4/2021,2
15221,NA,*,87,Female,Finance,20/1/2021,5
15222,61,37961,-,Female,Marketing,2/6/2024,3
15223,-,45005,96,Female,Sales,4/8/2023,4
15224,53,30756,89,Male,Operations,24/2/2020,1
15225,33,19735,28,*,Marketing,10/6/2021,2
15226,19,33124,89,NA,Sales,11/2/2024,3
15227,39, ,75,Male,IT,26/2/2024,*
15228,42,57132,1,Female,IT,16/8/2022,*
15229,27,39373,63,Male,IT,31/10/2021,3
15230,39,40375,88,Male,Finance,15/6/2023,2
15231,64,15925,69,Female,IT,10/12/2023,5
15232,19,32252,0,Female,Marketing,22/6/2024,3
15233,52,25046,29,Male,Operations,11/8/2022,-
15234,40,17306,28,Female,IT,22/3/2024,1
15235,18,53915,23,Male,HR,3/12/2023,5
15236,38,30435,71,Male,Sales,15/2/2022,3
15237,47,53865,12,Female,NA,22/10/2020,5
15238,55,23731,*,Female,Finance,4/2/2021,1
15239,33,13773,56,Male,HR,27/5/2022,
15240,24,34042,45,-,IT,30/5/2022,5
15241,*,20416,23,Female,HR,23/5/2022,1
15242,38,18711,54,Male,Finance,30/3/2024,5
15243,36,41098,17,Male,IT,26/11/2021,1
15244,43,69784,5,Male,HR,21/4/2022,4
15245,45,*,16,Female,Finance,2/9/2022,1
15246,28,35326,86,Female,Marketing,21/2/2020,1
15247,55,38519,3,-,Finance,17/10/2023,2
15248,,0,39,Female,Sales,29/7/2022,1
15249,49,62668,69,Female,Sales,23/7/2021,1
15250,31,34207,98,Male,Sales,4/10/2021,4
15251,56,*,21,Male,Finance,13/12/2020,3
15252,48,38132,NA,Male,Sales,24/9/2020,5
15253,-,40687,16,Female,Operations,27/11/2024,5
15254,34,0, , ,Operations,23/2/2022,2
15255,NA,36884,26,Female,*,9/12/2021,2
15256,18,24745,29,Female,HR,4/6/2021,1
15257,62,62411,10,,Finance,23/12/2020,2
15258,30,16218,79,Male,-,21/4/2023,2
15259,63,60588,44,,Sales,16/4/2024,4
15260,23,32514,0,Female,HR,6/5/2024,
15261,53,42798,82,Male,Marketing,30/3/2024,3
15262,40,27519,0,Male,IT,27/4/2021,4
15263,41,44582,76,Female,Operations,13/2/2024,1
15264,64,34260,7,Male,IT,25/4/2020,4
15265,32,41728,45,Male,Finance,28/7/2023,1
15266,59,50058,15,Female,,12/3/2024,2
15267,46,41339,-,Male,IT,18/4/2021,4
15268,37,,-,Male,IT,24/9/2023,5
15269,38,28185,12,Female,Operations,18/11/2021,3
15270,51,11986,22,Female,Marketing,6/2/2021,5
15271,47,29469,84,Male,Finance,2/10/2024,2
15272,47,32277,5,Female,Marketing,23/12/2021,3
15273,29,59485,80,Female,Marketing,24/6/2023,3
15274,60,53458,72,Male,HR,1/1/2024,NA
15275,18,50347,31,Female,,9/6/2021,2
15276,30,21975,34,Female,Marketing,10/1/2022,2
15277,49,46535,77,Female,HR,15/11/2021,4
15278,56,49800,15,Male,Finance,24/6/2022,1
15279,61,30330,0,Male,IT,3/6/2022,4
15280,62,29369,8,Female,IT,18/10/2020,2
15281,26,,88,Male,IT,10/12/2022,2
15282,25,26641,24,Male,Sales,20/9/2023,-
15283,44,15791,0,Male,HR,4/3/2021,1
15284,31,-,NA,Male,HR,30/8/2024,4
15285,59,44151, , ,IT,30/3/2024,1
15286,62,25136,30,Male,Marketing,30/11/2020,5
15287,30,0,1,Female,Operations,1/7/2021,2
15288,28,41504,29,Male,HR,24/7/2022,5
15289,50,32746,90,Female,Marketing,29/12/2023,2
15290,34,39849,93,Female,Finance,28/1/2023,5
15291,64,48314,7,Male,IT,8/3/2024,NA
15292,29,0,10,Male,IT,18/2/2023,3
15293,59,NA,76,Male,Finance,31/10/2020,4
15294,44,16245,94,Female,HR,22/10/2021,5
15295,44,41955,90,Male,Operations,6/10/2024,2
15296,64,,5,Female,Sales,22/5/2021,3
15297,43,-,83,Male,Finance,18/7/2023,1
15298,62,39496,26, ,Marketing,17/5/2021,5
15299,,24677,3,Male,Operations,30/10/2024,3
15300,48,33044,24,NA,Operations,2/1/2020,3
15301,35,15363,36,Male,*,30/3/2021,2
15302,37,44383,80,Male,-,3/8/2023,1
15303,*,21464,14,Male,Sales,9/5/2021,2
15304,48,35709,62,Male,Finance,2/4/2023,1
15305,37,18340,89,Female,-,18/6/2020,5
15306,64,40908,47,Female,Sales,4/12/2023,1
15307,56,14340,75,Male,Finance,21/1/2024,4
15308,27,31822,*,Female,Finance,9/11/2022,1
15309,41,0,NA,Male,Marketing,30/12/2023,4
15310,37,36926,62,Male,Marketing,22/2/2021,1
15311,43,,44,Male,Sales,9/4/2021,3
15312,25,47293,29, ,IT,27/9/2020,4
15313,36,37339,59,Female,Marketing,24/3/2020,3
15314,61,0,44,Male,HR,17/1/2023,5
15315,26,23622,57,Male,HR,29/5/2022, 
15316,35,13731,,Male,HR,10/3/2021,3
15317,19,44544,0,Male,Marketing,19/11/2024,3
15318,*,15943,86,Male,IT,16/12/2020, 
15319,48,-,11,-,HR,2/3/2022,2
15320,39,44355,24,Male,Sales,31/3/2024,2
15321,39,36925,39,Male,IT,19/11/2024,1
15322,-,59846,46,Male,Operations,10/8/2023,2
15323,40,8986,32,Female,HR,22/12/2020,5
15324,23,18132,36,Female,*,9/1/2020,1
15325,53,30351,73,Male,HR,9/8/2023,5
15326,18,52016,-,Female,Operations,29/10/2021,5
15327,46,45923,44,Female,Finance,20/11/2022,4
15328,23,-,29,Female,Finance,15/10/2022,5
15329,50,55580,NA,Female,Sales,25/3/2024,2
15330,53,46928,97,Male,Sales,22/11/2024,2
15331,22,0,27,Female,Sales,5/4/2024,4
15332,58,8380,33,NA,Marketing,29/3/2023,5
15333,21,14962,64,Female,HR,9/3/2022,2
15334,23,34425,58,Male,IT,11/10/2022,*
15335,45,31853,0,Female,Finance,15/3/2022,5
15336,23,41882,90,Male,IT,24/2/2023,*
15337,45,20272,17,Female,HR,19/7/2021,3
15338,59,42676,95,*,Sales,8/9/2021,4
15339,34,30174,39,Female,Marketing,6/8/2023,5
15340,60,53258,30,*,Operations,4/10/2023,-
15341,54,16224,15,Male,Finance,25/11/2024,1
15342,45,27361,3,Female,Sales,31/8/2024,4
15343,24,41898,69,Male,,14/12/2020,4
15344,42,46606,7, ,Marketing,30/3/2022,1
15345,44,29269,*,Female,Marketing,23/10/2021,2
15346,36,41397,85,Female,Finance,23/9/2020,2
15347,40,31801,38,Female,Finance,30/10/2022,2
15348,30,48329,60,Male,Marketing,16/11/2020,4
15349, ,*,89,Male,Marketing,23/10/2023,3
15350,20,33860,36,Female,Marketing,19/6/2021,
15351,45,43388,13,Female,Operations,23/12/2020,5
15352,35,32462,41,,IT,15/5/2024,3
15353,59,22812,13,*,IT,2/2/2024,2
15354,46,43775,83,Male,Sales,2/9/2021,5
15355,50,23561,10,Male,IT,30/10/2023,3
15356,55,38282,20,Male,Marketing,5/2/2020,2
15357,27,38341,42,Male,Sales,15/3/2024,1
15358,64,43131,14,Female, ,29/4/2023,4
15359,55,25121,58,Male,Marketing,27/2/2024,1
15360,NA,36271,18,Male,HR,2/10/2021,5
15361,34,43829,28,Male,Operations,23/2/2023,3
15362,48,36817,40,Female,Marketing,18/8/2022,3
15363,37,20237,61,Female,Finance,15/11/2023,5
15364,64,51123,42,Male,HR,5/5/2024,1
15365,43,38299,20,Female,IT,28/7/2022,3
15366,32,47445,-,Male,Operations,17/12/2022,5
15367,43,,1,,Sales,22/12/2021,5
15368,61,39025,10,Male,Sales,16/3/2023,4
15369,57, ,2,Male,Finance,19/11/2021,2
15370,62,29643,92,Female,Operations,7/2/2024,5
15371,25,33814,90,Male,Sales,25/2/2021,*
15372,23,41232,96,Female,Sales,22/7/2021,1
15373,59, ,97,Male,Marketing,18/6/2021,1
15374,60,56165,61,Male,Marketing,24/6/2021,1
15375,49,28378,52,Male,NA,12/8/2020,3
15376,50,44279,74,Female,IT,19/5/2020,3
15377,25,25640,26,-,IT,25/6/2021,4
15378,30,33719,24,Female,Operations,28/5/2023,2
15379,26,0,*,Female,HR,27/2/2023,5
15380,23,37072,35,Male,Finance,17/8/2021,4
15381,26,50006,92,Female,Operations,7/10/2021,3
15382,51,70305,35,Male,IT,23/11/2021,1
15383,18,39157,76,Male,Marketing,30/7/2021,3
15384,22,59593,31,Male,Sales,16/5/2021,5
15385,,41009,45,,Operations,14/11/2021,-
15386,41,40907,28,Female,IT,20/10/2024,1
15387,29,60044,42,Female,Operations,3/12/2023,5
15388,27,,NA,Female,Operations,11/2/2022,1
15389,50,33574,46,Male,IT,26/3/2023,2
15390,21,36792,57,Male,IT,1/12/2020,1
15391,53,51360,61,Male,IT,3/6/2023,2
15392,41,51764,59,Female,Finance,17/5/2020,5
15393,26,53438,-,Male,Operations,10/7/2024,1
15394,57,35832,26,,Marketing,15/2/2023,3
15395,19,25635,94,*,-,31/5/2020,2
15396,NA,21334,91,Female,Operations,22/11/2020,5
15397,32,35713,32,Female, ,9/11/2021,NA
15398,23,48306,0,Female,Finance,30/4/2024,1
15399, ,34653,86,Female,HR,22/10/2021,3
15400,NA,43401,79,Female,Marketing,26/9/2024,5
15401,24,43312,42,Male,Finance,8/1/2024,4
15402,54,23081,79,Male,,21/6/2022,4
15403,24,31143,65,Female,Finance,25/6/2023,4
15404,*,35942,99,Female,HR,24/9/2023,4
15405,23,45591,72,Male,IT,16/1/2024,2
15406,30,31798,37,Male,Sales,25/2/2022,4
15407,56,29622,17,Male,HR,11/10/2021,1
15408,53,12833,82,Male,IT,25/8/2020,2
15409,51, ,64,Male, ,4/2/2020,5
15410,27,24213,*,Male,Sales,20/9/2021,2
15411,34,49533,3,Female,Marketing,23/7/2022,1
15412,54,38242,36,Female,Operations,24/2/2023,3
15413,34,37228, ,Male, ,7/12/2022,4
15414,41,43823,69,Female,*,27/8/2023,2
15415,34,NA,41,Male,Operations,18/12/2021,5
15416,46,35646,14, ,Finance,18/4/2020,-
15417,31,23753,8,Female,HR,10/8/2024,3
15418,26,34431,9,-,Operations,19/10/2024,1
15419,49,31132,95,Male,*,13/12/2022,5
15420,29,20528,29,Male,-,10/12/2021,5
15421,50,48795,3,Female,Marketing,6/9/2022,4
15422,19,39199,90,Male,Sales,15/6/2024,1
15423,50,36281,*,Female,IT,23/10/2021,3
15424,56,50013,*,Female,Finance,8/10/2022,1
15425,48,25026,81,Male,HR,6/5/2020,2
15426,48,7763,31,Female,NA,28/7/2020,*
15427,26,30589,56,Female,Finance,18/12/2021,3
15428,19,44642,89,NA,Finance,1/3/2022,2
15429,26,30978,57,Female,-,8/4/2021,2
15430,26,17382,4,Female,,10/10/2021,3
15431,63,46609,33,Female,Operations,27/11/2024,NA
15432,*,-,91,Male,NA,9/9/2022,3
15433,62,41876,87,Male,Finance,3/7/2024,2
15434,37,36904,-,Male,Finance,5/9/2023,1
15435,28,34764,0,Male,IT,9/12/2020,5
15436,30,34094,48,Female,Operations,23/2/2023,3
15437,33,53998,43,Male,HR,29/1/2023,1
15438,46,9048,96,Female,Operations,23/2/2024,2
15439,21,39137,55,-,IT,14/9/2023,5
15440,46, ,0,Female,Finance,18/5/2020,4
15441,62,12836,75,Female,Finance,26/12/2022,3
15442,43,30461,88,Female,IT,15/7/2023,3
15443,26, ,89,Male,,25/3/2020,2
15444,64,31450,63,Male,HR,17/10/2023,2
15445,24,46959,79,Male,Marketing,16/11/2021,4
15446,18,26575,95,Female,IT,21/4/2024,3
15447,46,25269,39,Female,Finance,27/9/2024,1
15448,50,40010,0,Female,-,30/8/2024,4
15449,35,35309,58,Female,HR,9/11/2021,2
15450,18,35580,73,Male,IT,6/5/2020,4
15451,34,40340,71,Female,,19/10/2023,3
15452,33,48933,10,Female,HR,11/7/2021,2
15453,40,38835,3,Female,Operations,15/3/2024,4
15454,64,15260,54,Male,Marketing,2/1/2020,4
15455,56,57542,6,Male,Marketing,5/4/2021,4
15456,27,35017,19,Male,HR,8/5/2022,1
15457,*,14196,49,Female,NA,24/1/2022,3
15458,35,49824,31,Male,HR,30/5/2022,4
15459,40,43021,60,Male,Finance,11/2/2023,3
15460,41,40389,29,Male,Operations,6/9/2021,1
15461,21,64855,69,Female,Operations,7/2/2022,2
15462,43,40121,*,Female,Sales,15/1/2020,-
15463,52,41220,14,,Marketing,1/8/2022,3
15464,33,33316,64,Male,Finance,16/4/2022, 
15465, ,-856,,Male,IT,27/3/2024,1
15466,,51796,37,Female,IT,2/5/2020,5
15467,63,46890,61,Female,Operations,31/8/2023,3
15468,22,36396,82,Female,Finance,29/1/2022,3
15469,48,45534,30,Male,Sales,5/8/2020,2
15470,22,48465,NA,,Operations,25/5/2023,4
15471,*,31173,25,Female,Operations,29/11/2020,4
15472,22,12225,38,*,IT,27/4/2023,2
15473,,31129,35,Female,Sales,4/8/2021,5
15474,61,37660,94,Female,Sales,12/9/2022,2
15475,26,41499,34,Male,HR,21/5/2024,3
15476,35,33352,29,Male,Operations,6/4/2024,3
15477,56,39283,99,Female,IT,20/11/2020,1
15478,47,0,63,*,IT,20/4/2024,3
15479,59,26627,93,Female,HR,26/10/2023,4
15480,35,33803,97,Female,Operations,27/8/2023,5
15481, ,40668,48,Female,Operations,25/3/2023,2
15482,57,43202,74,Male,-,26/9/2021,2
15483,40, ,0,Female,Marketing,29/1/2022,5
15484,31,17835,41,Female,IT,30/12/2020,3
15485,51,34641,41,Male,Finance,24/4/2024,5
15486,45,57975,29,*,Marketing,23/1/2021,4
15487,41,23164,*, ,Finance,31/7/2020,1
15488,41,8218,,Male,Finance,6/6/2022,5
15489,28,64819,-,Female,IT,16/8/2021,2
15490,19,41849,10,Male,IT,13/3/2021,2
15491,53,64866,3,Male,Finance,24/3/2022,3
15492,47,,NA,Male,Operations,21/1/2023,2
15493,38,,,Male,NA,10/3/2021,2
15494,50,44779,,Female,Finance,1/7/2024,3
15495,33,36565,55,Female,NA,21/2/2021,3
15496,49,28208,43,Female,Operations,28/7/2024,3
15497,35,39239,33,Female,Operations,23/7/2024,*
15498,59,28169,61,Female,Sales,16/5/2021,1
15499,19,54056,45,Female,Operations,13/12/2021,1
15500,53,10494,90,Female,Sales,14/1/2024,-
15501,19,40457,47,,*,18/7/2021,2
15502,21,23811,20,Female,*,7/3/2021,4
15503,52,34916,73,Female,IT,5/11/2024,4
15504,55,36053,6,Male,HR,14/2/2024,3
15505,55,27271,68,Female,IT,30/1/2021,1
15506,38,32452,68,Male,Operations,18/5/2022,2
15507,27,40719,91,Female,Operations,23/6/2023,5
15508,48,63690,NA,Female, ,15/3/2020,4
15509,60,33985,NA,Male,Sales,6/2/2023,1
15510,29,40898,49,Male,Operations,1/7/2022,3
15511,56,50878,52,Female, ,14/3/2022,3
15512,23,23399,77,Female,IT,30/12/2022,-
15513,40,48764,84,*,,1/7/2024,*
15514,61,*,51,Female,Sales,3/1/2024,5
15515,45, ,43,Female,Marketing,18/1/2022,3
15516,20,33244,79,Male,IT,3/10/2024,1
15517,*,22732,0,Female,Marketing,29/1/2020,2
15518,42,39833,-,Male,HR,10/2/2020, 
15519,*,15475,48,Female,HR,1/6/2020,1
15520,31,NA,53,Female,Operations,11/3/2022,3
15521,55,70170,29,Female,IT,16/8/2021,1
15522,62,-,77,Female,IT,24/8/2021,5
15523,50,11987,88,Female,Sales,12/2/2023,2
15524,NA,43393,26,Male,IT,15/9/2024,2
15525,40,55827,24,Female,Operations,4/5/2024,5
15526,22,9655,85,Female,Operations,21/10/2020,5
15527,40,23247,51,Female,Sales,4/9/2021,NA
15528,39,34710,44,Female,Sales,11/8/2023,5
15529,35,27697,79,Female,Operations,15/6/2020,5
15530,53,36651,,Male,Operations,3/3/2022,2
15531,22,58650,38,-,Sales,28/3/2022,*
15532,-, ,65,Female, ,8/5/2020,1
15533,*,55555,3,Female,Finance,10/2/2021,1
15534,-,28718,*,Male,Marketing,8/4/2024,3
15535,33,34894,74,Male,Operations,11/10/2024,3
15536,27,23820,NA,Male,Marketing,21/7/2024,4
15537, ,12583,82,Female,IT,15/9/2024,3
15538, ,59002,11,Male,IT,8/3/2020,5
15539,37,26626,41,Female,Operations,10/11/2023,1
15540,61,24349,97,Male,Operations,19/12/2020,5
15541,19,32282,57,Female,NA,18/10/2023,3
15542,39,41124,4,Female,Operations,22/10/2023,5
15543,46,22033,74,Female,Operations,12/11/2023,5
15544,21,-,4,*,Marketing,5/12/2021,NA
15545,40,42153,,Male,-,6/4/2020,3
15546,*,24647,31,Female,Finance,12/2/2024,1
15547,26,21007,27,Male,Operations,23/1/2020,1
15548,44,61152,89,Female,Marketing,25/6/2020,3
15549,42,43381,9,Female,Finance,23/2/2021,1
15550,,45683,49,Male,Finance,14/7/2022,2
15551,46,61466,,Female,HR,4/11/2021,1
15552,22,29710,9,Female, ,17/6/2022,2
15553,50,32520,57,Male,HR,12/12/2022,5
15554,38,35691,NA,Male,HR,9/12/2022,5
15555,23,52827,71,Female, ,2/2/2024,4
15556,27,42965,*,Male, ,9/7/2020,1
15557,24,13040,75,Female,Sales,27/10/2020,1
15558,54,39563,4,Male,Marketing,13/8/2024,2
15559,30,33733,64,Male,Operations,30/4/2023,2
15560,48,16544,23,Female,Sales,26/2/2024,NA
15561,60,32150,11,Male,Marketing,21/12/2021,4
15562,37,46890,85,Male,Marketing,23/9/2022,2
15563,26,32662,,Male,Finance,4/4/2024,5
15564,41,15484,11,Female,IT,25/10/2021,4
15565,63,0,51,Female,Marketing,12/5/2020,2
15566,23,45375,66,Male,HR,27/11/2022,2
15567,-,40983,73,Male,Marketing,5/1/2021,2
15568,39,22337,63,NA,Operations,29/1/2024,1
15569,63,37414, ,Male,Finance,21/12/2022,1
15570,36,36478,41,Female,Operations,31/8/2022,1
15571,35,29769,-,Female,IT,6/2/2021,5
15572,36,19403,51,Female,Operations,16/9/2021,5
15573,61,14361,22,NA,Sales,28/1/2021,5
15574,18,42288,,Male,IT,6/4/2022,5
15575,31,41635,22,Male,Sales,27/1/2023,5
15576,43,33276,1,Male,Marketing,11/10/2024,5
15577,,54659,33,Female,IT,31/12/2020,2
15578,55,29112,84,Female,Finance,20/7/2024,2
15579,41,47652,16,Female, ,31/5/2020,1
15580,57,47901,44,Female,Marketing,7/8/2020,3
15581,64,0,35,Female,IT,6/1/2021,*
15582,-,18419,0,Male,Operations,6/1/2022,5
15583,49,9654,93,Female,IT,30/5/2020,*
15584,48,43184,90,Male,Operations,30/4/2021, 
15585,21,33494,59,Female,,25/1/2024, 
15586,61,-,78,Male,IT,26/11/2023,5
15587,45,26972,20,Female,IT,7/4/2022,1
15588,23,22611,10,Female,IT,29/11/2024,5
15589,30,33369,80,Female,Sales,20/1/2023,-
15590,60,28740,33,Male,Operations,5/8/2023,NA
15591,39,,72,Female,Operations,30/11/2020,5
15592,45,15586,87,Female,IT,6/9/2020,
15593,44,35589,98,Male,Finance,16/10/2021,3
15594,50,37666,96,Male,Marketing,22/6/2022,5
15595,19,42428,NA,Female,Operations,1/2/2024,1
15596,25,34978,34,Male,Marketing,12/4/2023,NA
15597,63, ,51,Female,Sales,27/12/2023,2
15598,52,36902,83,Female,HR,14/6/2023,1
15599,30,39186,68,Female,Marketing,3/4/2020,4
15600,61,11574,19,Female,Operations,26/3/2023,1
15601,-,0,92,Male, ,16/2/2020,3
15602,59,30716,19,Female, ,22/4/2021,2
15603,61,33369,48,Male,Finance,10/1/2023,2
15604,50,-,29,Female,HR,8/9/2024,4
15605,41,0,56, ,Finance,10/5/2021,2
15606,29,36036, ,*,Sales,27/5/2021,-
15607,52,38234,20,Male,Marketing,1/7/2024,2
15608,38,19561,15,Female,IT,21/8/2023,3
15609,35,19467,27,Male,HR,4/8/2023,4
15610,38,54475,9,Female,Finance,12/5/2020,3
15611,44,9950,8,Female,Operations,22/1/2021,4
15612,50,20302,2,Male,Marketing,9/6/2020,1
15613,50,18176,1,Female,Sales,17/12/2020,4
15614,60,23876,41,Male,Operations,12/10/2022,3
15615,59,40061,*,Female,IT,25/10/2024,5
15616,48,54260,77,Female,HR,4/3/2021,1
15617,57,47380,68,Female,Marketing,13/12/2023,1
15618,22,42257,93,Male,Sales,21/11/2022,4
15619,63,*,6,-,Marketing,12/5/2020,2
15620,26,,NA,Female,HR,22/10/2023,-
15621,37,31124,9,Male,Marketing,28/7/2024,4
15622,27,20157,5,Male,Operations,13/3/2024,5
15623,29,,2,Female,HR,5/6/2024,4
15624,44,22629,,Female,IT,18/4/2021,5
15625,64,42795,56,Male,Marketing,12/9/2022,5
15626,53,NA,60,Male,HR,12/6/2023,4
15627,42,24855,12,Female,HR,8/2/2024,5
15628,24,21791,90,Male,IT,9/4/2023,3
15629,56,33771,81,Male,IT,22/5/2020,3
15630,64,26283,43,Male,IT,22/1/2024,2
15631,49,33663,72,Female,IT,17/5/2021,
15632, ,0,27,Male,IT,16/7/2024,3
15633,40,68587,*,Male,Sales,3/3/2023,3
15634,36,23166,*,Female,Operations,14/11/2021,NA
15635,24,30554,,Male,HR,26/6/2024,3
15636,43,20248,42,Male,IT,19/4/2022,5
15637,51,33520,0,Male,Marketing,19/7/2020,5
15638,20,27883,54,Female,IT,2/3/2024,4
15639,53,26695,66,Male,HR,30/4/2023,1
15640,40,0,81,Male,IT,18/2/2023,4
15641,32,33327,61,Female,-,25/4/2022,1
15642,59,31917,62,Male,IT,12/2/2022,3
15643,NA,25879,20,Male,,3/10/2020,1
15644,29,42417,61,Male,Finance,20/3/2023,4
15645,29,43986,1,Female,Marketing,3/10/2023,4
15646,NA,35697,96,Female,Sales,16/5/2022,3
15647,42,,33,Female,Sales,13/8/2023,5
15648,41,44424,68,Female,,14/4/2020,4
15649,60,17837,0,Female,IT,4/11/2024,1
15650,57,21836,48,Male,Marketing,10/11/2024,2
15651,61,35986,83,Female,Marketing,28/1/2021,5
15652,62,48156,91,Female,HR,27/7/2023,4
15653,24,NA,14,Female,Marketing,12/9/2024,
15654,41,NA,96,Female,Marketing,26/11/2023,3
15655,24,48262,36,Female,Operations,31/3/2023,5
15656,29,41667,8,Female,Marketing,8/7/2022,5
15657,51,10987,69,Female,IT,7/9/2020,2
15658,,35217,48,Female,Finance,27/3/2024,5
15659,38,32288,38,Male,Operations,21/3/2020,3
15660,*,0,4,Male,Finance,26/6/2021,2
15661,51,22554,65,Male,,12/4/2022,3
15662,58,0,60,Female,Finance,10/5/2022,3
15663,,34314,52,Female,Operations,1/11/2024,1
15664,62,36642,19,Male,Sales,24/6/2024,4
15665,21,35566,28,*,IT,20/12/2022,2
15666,-,42996,53,Female,*,8/7/2021,5
15667,32,30894,27,Female,Operations,12/10/2024,4
15668,57,28826,44,Male,Finance,20/6/2022,3
15669,54,45645,85,Male,HR,20/5/2023,4
15670,45,40233,78,Male,Marketing,9/1/2024,3
15671,56,30437,46,Female,HR,20/5/2020,1
15672,36,36029,95,Male,HR,16/7/2020,3
15673,46,,36,Female,Sales,7/4/2020,2
15674,48,-,62,Male,,16/2/2024,1
15675,,36672,63,Female,Sales,7/5/2022,5
15676, ,26439,28,Male,HR,16/6/2022,2
15677,43,*,69,Male,Sales,2/6/2023,5
15678,54,40849,16,Female,Finance,1/10/2023,2
15679,*,34950,15,Male,Finance,23/2/2022,4
15680,43,*,22, ,-,10/4/2023,3
15681,50,22817,1,Female,IT,21/9/2022,5
15682,55,39983,20,Male,Sales,3/9/2020,4
15683,28,40403,84,Male,IT,10/9/2023,5
15684,33,27029,7,Male,Sales,15/9/2024,1
15685,25, ,57,Female,Marketing,9/5/2022,5
15686,45,37511,13,Female,Marketing,13/4/2021,5
15687,25,35718,30,Male,Marketing,12/2/2022,5
15688,57,49737,80,Female,IT,18/10/2024,1
15689,49,33208,25,,HR,18/3/2021,4
15690, ,25724,6,Male,Finance,25/12/2022,2
15691,59,43638,72,Male,Sales,14/3/2023,2
15692,63,48912,99,Female,Operations,15/1/2020,1
15693,22,19958,41,Male,,4/2/2023,2
15694,36,0, ,-,Marketing,17/9/2021,4
15695,51,33057,51,Male,*,21/1/2022,
15696,64,23751,91,Male,IT,2/2/2021,1
15697,53,35071,17,Female,IT,5/12/2020,4
15698,26,30880,47,Male,IT,10/4/2024,2
15699,36,36801,5,Male,HR,24/11/2020,3
15700,51,35055,36,Female,HR,7/4/2022,5
15701,59,16449,95,Female,Sales,24/8/2020,1
15702,52,42343,4,*,*,14/2/2023,2
15703,28,37043,87,Female,IT,10/8/2020,4
15704,24,18370,81,Male,Operations,29/5/2024,3
15705,55,40684,94,*,Finance,19/5/2022,4
15706,-,36301,26,Female,Finance,16/5/2023,1
15707, ,32103,85,Female,HR,4/9/2024,2
15708,37,34397,80,Male,Sales,14/1/2021,5
15709,48,60608,29,Male,HR,13/4/2021,4
15710,41,39198,52,,Finance,28/9/2024,2
15711,52,30165,21,Female,Finance,6/11/2024,1
15712,19,34646,15,Male,HR,19/10/2023,1
15713,36,49056,28,Male,IT,19/11/2023,3
15714,34,24632,21,Male,Sales,5/3/2020,4
15715,39,36377,93,Male,IT,21/8/2022,5
15716,53,37785,,Female,Finance,6/3/2020, 
15717,37,37800,95,Male,HR,19/2/2022,2
15718,45,3276,86,Female,Marketing,19/12/2020,1
15719,21,27404,*,Female,,6/12/2022,1
15720,28,30064,*,Male,Marketing,19/4/2020,NA
15721,43,14893,9,Male,Operations,26/3/2022,4
15722,25,*,18,NA,Sales,2/1/2020,4
15723,NA,12540,44,Female,HR,9/9/2021,5
15724,32,66914,24,Male,IT,14/11/2021,-
15725,29,21272,5,Male,Finance,16/12/2023,3
15726,33,33682,81,Female,IT,3/3/2021,4
15727,18,38652,49, ,Finance,26/8/2022,2
15728,28,35013,79,Male,HR,20/7/2022,-
15729,60,3642,86,Male,HR,18/2/2020,
15730,22, ,66,Male,Sales,22/2/2024,5
15731,63,32354,55,Male,Operations,11/3/2023,2
15732,*,46696,38,Male,Finance,12/1/2021,5
15733,40,20914,89,Female,,6/12/2023,5
15734,47,16175,39,Female,Marketing,19/2/2021,5
15735,25,51398,67,Male,Marketing,22/5/2021,3
15736,55,23269,100,Male,Sales,7/2/2023,NA
15737,21,32325,92,Female,HR,22/6/2024,*
15738,41,42278,18,Male,IT,3/1/2022,1
15739,18,66500,10,*,Finance,1/9/2023,3
15740,35,0,11,Female,HR,10/3/2024,5
15741,45,38139,22,Female,IT,6/11/2021,*
15742,35,46386,50,NA,Sales,8/9/2023, 
15743,54,21178,80,Female,HR,7/1/2022,3
15744,29,53942,,Female,Sales,20/2/2022,1
15745,55,28571,23,*,Operations,18/7/2021,2
15746,50, ,33,Male,Operations,23/6/2020, 
15747,64,38657,35,Male,Sales,5/10/2021,3
15748,23,51098,92,Male,HR,13/5/2024,2
15749,56,*,16,Female,Sales,24/12/2020,*
15750,59,48600,72,Male,Operations,25/3/2020,1
15751,49,43774,0,Male,HR,2/11/2022,2
15752,27, ,0,,HR,25/7/2020,3
15753,56,,15,Male,Sales,18/8/2020,1
15754,29,NA,42,Male,HR,23/9/2024,5
15755,54,20127,15,Female,NA,14/7/2024,2
15756,34,46931,11,Female,HR,19/7/2022,3
15757,29,19254,16,Male,Marketing,14/7/2022,4
15758,34,39177,12,Male,HR,6/7/2021,1
15759,18,34610,94,Female,Sales,7/1/2021,1
15760,29,19374,28,Female,*,9/10/2021,1
15761,,26059,31,Female,Sales,7/7/2020,2
15762,40,26781,91,Male,IT,30/9/2020,4
15763,28,39983,48,Male,Marketing,14/8/2020,3
15764,53,23434,21,Female,Marketing,8/7/2021,4
15765,48,42133,96,Female,Finance,25/5/2022,4
15766,63,28732,9,Male, ,20/6/2022,3
15767,51,42355,*,Male,HR,5/9/2023,4
15768,49,44858,37,Female,Marketing,23/10/2020,4
15769,48,-,2,Male,Sales,22/3/2024,4
15770,44,52153,51,Female,HR,10/5/2020,2
15771,42,44599,11,Female,Operations,19/11/2020,NA
15772,55,54292,38,Male,*,21/10/2020,5
15773,27,*,0,Male,Sales,23/5/2022,2
15774,24,14720,-,Female,Sales,6/5/2020,*
15775,41,26242,52,Male,Operations,3/2/2023,1
15776,47,29725,20,Female,Marketing,3/4/2023,4
15777,32,49994, ,Female,Sales,6/9/2020,*
15778,-,23256,70,Female,Operations,12/7/2023,3
15779,22,30362,53,Male,Operations,22/4/2023,3
15780,*,17524,81,Male,Marketing,29/9/2023,5
15781,60,35120,23,Female,Operations,14/4/2024,2
15782,NA,33700,0,Male,HR,4/12/2024,4
15783,29,47081,5, ,HR,5/5/2020,5
15784,20,37679,93,Female,Finance,29/8/2024,4
15785,46,39277,60,Male,HR,1/4/2024,1
15786,34,49859,34,Male,HR,18/1/2024,5
15787,52,39244,64,Female,Operations,28/8/2020,5
15788,56,19720,61,Male, ,23/4/2024,3
15789,45,53624,19,Female,Sales,23/7/2022,1
15790, ,0,60,Female,Operations,25/3/2023,3
15791,52,21737,68,Male,Marketing,20/7/2023,2
15792,25,NA,76,Male,*,3/6/2021,5
15793,24,24142,3,Male,Finance,19/1/2020,-
15794,38,29648,69,Female,HR,13/3/2022,1
15795,31,26075,36,Female,Operations,16/2/2022,4
15796,56,39400,37,Female,Finance,3/6/2021,2
15797,52,24295,2,Female,IT,28/7/2020, 
15798,29,61465,40,Female,Marketing,15/11/2022,NA
15799,24,27599,4,Female,Marketing,15/3/2024,4
15800,18,49155,83,Female,Marketing,16/3/2021,4
15801,44,-,6,,Marketing,6/4/2023,5
15802,56,298451,77,Male,Marketing,27/4/2022,5
15803,39,40537,19,Male,IT,9/11/2023,3
15804,,24150,2,Male,NA,5/5/2024,4
15805,-,36285,95,Male,Sales,19/10/2023,1
15806,51,19611,90,Female,Finance,22/11/2022,2
15807,54,66427,87,Male,Sales,18/3/2020,2
15808,18,54212,6,Male,Marketing,2/3/2021,4
15809,29,43331,57,Female,Marketing,7/9/2023,1
15810,*,48563,,Male,HR,10/5/2022,-
15811,46,30750,31,Female,Sales,26/2/2024,5
15812,60,0,70,Female, ,7/4/2020,2
15813,43,26372,59,Female,IT,14/12/2020,*
15814,21,30347,40,Male,*,18/7/2023,4
15815,53,25505,95,Female,IT,31/12/2023,*
15816,36,30375,53,NA,Sales,11/12/2023,3
15817,45,33132,46,Male,IT,2/1/2022,4
15818,31,47360, ,Female,HR,18/8/2023,2
15819,24,24482,-,Female,Finance,29/10/2023,5
15820,62,*,100,Female,HR,2/7/2022,1
15821,62,33813, ,Male,Operations,26/6/2022,5
15822,58,31176,77,Female,IT,23/6/2022,
15823,50,49330,-,Female,Finance,27/4/2021,5
15824,*,47324,69,Female,Marketing,20/10/2020,2
15825,35,*,75,Female,Operations,15/7/2021,4
15826,40,39340,28,Male,Finance,16/10/2022,3
15827,NA,17629,50, ,Marketing,24/12/2020,3
15828,39,36334,78,Male,HR,21/7/2020,3
15829,61,39263,66,Male,Finance,10/1/2023,2
15830,39,41478,*,Female,Operations,11/3/2023,4
15831,29,0,70,Female,Marketing,7/8/2021,5
15832,*,42466,70,Male,Operations,11/9/2024,1
15833,21,36952,62,Female,HR,27/8/2020,2
15834,,22975,69,Male,Finance,29/8/2024,3
15835,47,47901,29,Male,IT,18/10/2023,NA
15836,*,-,74,Female,,28/5/2023,1
15837,21,37202,0,Male,Finance,4/5/2021,4
15838,59,22359,53,Male,Marketing,18/9/2022,2
15839,58,39903,45, ,Operations,20/7/2022,4
15840,31,30353,26,-,Sales,20/5/2022,3
15841,43,33036,27,Male,HR,24/9/2021,4
15842,58,50172,99,Male,IT,20/11/2023,3
15843,37,42344,77,*,Marketing,5/3/2023,1
15844,55,50101,5,Male,Sales,27/11/2023,1
15845,19,50035,36,*,Operations,2/3/2021,1
15846,53,47264,50,Male,Marketing,6/8/2020,2
15847,51,27926,0,Female,Marketing,12/3/2023,1
15848,45,34442,12,Male, ,19/5/2020,4
15849,52,16258,45,Female,Finance,22/4/2023,4
15850,27,57161,17,Male,IT,14/12/2022,3
15851,37,40747,34,Male,IT,22/12/2020,5
15852,36,33550,83,Male,Finance,13/10/2024,4
15853,21,17697,31,Female,Finance,7/3/2022,5
15854,31,31167,90,Male,Marketing,8/10/2023, 
15855,28,50041,36,Female,IT,27/3/2022,4
15856,50,32445,43,Female,Finance,19/7/2022,4
15857,57,28525,NA,Male,IT,14/11/2021,4
15858,26,37207,22,Male,Finance,13/12/2021,3
15859,39,32353,83,Female,Finance,1/8/2021,-
15860,51,30865,68,Female,IT,10/9/2022,3
15861,55,34184,86,Male,IT,26/11/2023,4
15862,43,43609,75,Female,Sales,14/12/2022,4
15863,30,36618,2,*,Sales,18/5/2024,3
15864,-,25990,,Female,IT,22/5/2020,1
15865,43,26029,5,Female,*,28/10/2022,2
15866,51,27897,95,Female,Sales,24/10/2022,5
15867,,18709,75,Female,IT,30/10/2022,2
15868,41,53778,76,Male,Marketing,13/12/2022,2
15869,56,36996,5,*,Marketing,5/9/2021,5
15870,49,15681,11,Male, ,16/9/2021,1
15871,-,36734,26,-,-,22/9/2023,2
15872,34,33930,72,Female,HR,12/12/2020,5
15873,40,-,90,Male,Marketing,3/12/2020,1
15874,36,26825,42,Female,Marketing,22/9/2023,4
15875,*,32014,3,Male,Marketing,21/8/2023,2
15876,55,24547,72,Female,Sales,25/1/2020,4
15877,50,26547,38,-,Operations,11/7/2023,4
15878,37,24501,18,Male,Sales,8/7/2022,3
15879,33,10440,56,Male,Operations,20/7/2022,1
15880,35,47147,73,Female,Sales,1/1/2020,1
15881,36,40467,53,Male,HR,25/2/2024,5
15882,25,52766,50,Male,Marketing,16/1/2023,1
15883,53,25417,72,Female,Finance,12/3/2024,5
15884,53,22274,87,Male,Finance,1/11/2023,3
15885,62,27244,90,Female,Finance,25/11/2021,4
15886,64,42778,94,Male,IT,19/4/2020, 
15887,18,33757,57,Male,Marketing,22/8/2020,3
15888,33,35989,*,Female, ,4/11/2022,4
15889,48,44107,62,Female,IT,10/3/2021,3
15890,64,33257,14,Female,IT,3/1/2021,1
15891,39,17609,77,Male,Finance,26/4/2022,2
15892,18,11375,77,Male,Marketing,15/4/2023,3
15893,39,35600,*,Female,Operations,14/7/2024,5
15894,58,28768,26,*,HR,28/2/2020,2
15895,51,44594,,Male,HR,21/2/2023,4
15896,51,20355,13,Female,Finance,22/2/2020,NA
15897,56,42274,4,,Finance,10/9/2022,1
15898,59,24173,100,Male,Marketing,13/8/2021,2
15899,59,19356,23,Male, ,21/12/2021,5
15900,34,*,0,Male,HR,6/7/2021,2
15901,64,30491,63,Female,Finance,10/8/2022,*
15902,55,27221,69,Female,Marketing,5/12/2021,5
15903,59,43417,36,Male,Finance,25/1/2022,2
15904,24,37186,51,Female,IT,26/2/2024,4
15905,51,41946,78,Male,Finance,3/2/2024,1
15906,*,24802,2,Female,*,20/5/2021,2
15907,45,34827,*,Female,IT,24/1/2023,1
15908,63,26047,71,Male,HR,8/6/2023,2
15909, ,31424,44,Male,Finance,8/1/2020,5
15910,24,-,98, ,IT,30/5/2021,4
15911,,29561,25,Female,HR,24/10/2021,2
15912,25,37054,74,Male,Marketing,18/2/2020,4
15913,43,47761,10,Male,Sales,16/5/2023,3
15914,NA,44516,57,Male,Operations,12/9/2024,5
15915,-,33161,37,Male,Sales,13/3/2022,4
15916,29,*,39,Female,Operations,11/4/2024,5
15917,31,40790,76,Female,Operations,16/1/2021,1
15918, ,17347,54,Male,Operations,30/5/2020,5
15919,60,53846,18,Female,Marketing,6/3/2024,3
15920,64,33821,38,Male,IT,7/9/2020,3
15921,25,30065,11,Female,IT,23/4/2021,2
15922,44,42916,35,Male,Finance,16/7/2022,5
15923,50,46028,80,Male,IT,14/12/2021,5
15924,44,36067,36,Female,HR,15/11/2022,5
15925,25,20765,15,Male,Finance,13/10/2022,-
15926,43,37912,92,Female,IT,22/4/2024,5
15927,50,25298,27,,HR,1/10/2021,2
15928,41,31296,20,Female,Finance,29/5/2021,4
15929,44,,18,Female, ,11/3/2020,3
15930,47,59040,92,Male,Sales,8/3/2021,5
15931,36,47066,21,Female,Operations,27/6/2024,4
15932,54,38360,7,Male,HR,23/3/2023,3
15933,35,28554,16,Female,Finance,12/7/2021,1
15934,48,52065,48,Male,Marketing,13/2/2023,1
15935,63,37462,*,Female,IT,29/4/2021,5
15936,59,31134,85,,IT,10/3/2021,3
15937,58,19580,66,Male,HR,17/11/2020,*
15938,-,24017,34,Male,IT,21/1/2024,2
15939,37,41351,43,Male,IT,12/3/2021,2
15940,54,30737,68,Female,IT,20/1/2023,3
15941,56,17006,72,Male,Operations,22/12/2021,2
15942,19,49664,31,NA,IT,23/10/2021,3
15943,38,40913,71,Male,Sales,13/5/2021,1
15944,57,33392,10,Female,Operations,24/5/2022,5
15945,31,-,60,Male,IT,29/5/2022,4
15946,19,31892,,Female,IT,17/5/2022,2
15947,27,40874,90,Female,Finance,16/10/2020,3
15948,62,0,78,Female,HR,12/5/2023,4
15949,42,20515,64,Female,Finance,29/5/2022,3
15950,20,33781,57,Female,Marketing,10/5/2020,1
15951,20,54839,9,Female,Sales,28/8/2020, 
15952,50,54104,72, ,Finance,3/11/2024,1
15953,19,48425, ,Female,Sales,8/11/2022,1
15954,55,,-,,Sales,18/7/2023,2
15955,60,56860,63,Female,HR,3/9/2021,2
15956,29,31009,77,Male,IT,26/7/2023,1
15957,45,44674,77,Male,Sales,24/11/2022,3
15958,33,32151,57,*,Finance,14/2/2021,3
15959,61,17637,83,Female,NA,29/8/2022,2
15960,44,41190,28,Female,Sales,20/2/2020,2
15961,40,18629,25,Female,Operations,9/3/2023,3
15962,53,13696,12,*,Finance,17/4/2023,2
15963,47,49140,11,Female,Finance,9/2/2024,-
15964,NA,46743,15,Female,Operations,9/10/2020,4
15965,34,50606,69,Male,Marketing,17/3/2020,2
15966,51,0,8,Female,Finance,18/7/2024,1
15967,22,24430,69,-,Operations,15/12/2021,
15968,43,37351,37,Male,Finance,23/9/2020,3
15969,NA,45318,51,Male,Operations,3/6/2022,2
15970,56,29605,40,Male,Operations,12/12/2020,4
15971,52,53648,3,Female,Operations,16/1/2023,1
15972,29,39489,5,Female,IT,14/7/2022,3
15973,22,58460,-,Female,Finance,19/10/2020,5
15974,,42064,88,Male,Sales,28/10/2021,3
15975,27,35070,35,Male,Operations,14/2/2024,1
15976,51,40038,33,Female,IT,6/2/2020,5
15977,58,25526,27,Female,Marketing,28/1/2023,3
15978,19,36269,56,Male,HR,26/4/2020,
15979,,49054,88,Female,HR,23/6/2021,3
15980,25,41179,1,Female,Operations,10/7/2023,1
15981,39,32222,80,Female,NA,18/1/2020,5
15982,31,39635,17,Male,*,26/7/2024,4
15983,58,24390,3,Female,Sales,21/3/2021,1
15984,47,18926,45,Male,Marketing,7/9/2021,1
15985,56,28119,,Female,Operations,13/3/2020,4
15986,23,34775,,Male,HR,27/9/2024,1
15987,20,23470,99,Male,NA,22/9/2020,3
15988,22,,94,Male,HR,12/1/2024,*
15989,20,10267,82,Female,Finance,17/11/2023,1
15990,53,37153,44,Male,Sales,17/3/2021,4
15991,48,43748,*,Male,Finance,8/10/2024, 
15992,54,39007,NA,Male,Marketing,29/4/2024,1
15993,51,37218,57,Female,Sales,4/11/2021,4
15994,29,8462,78,Female,Operations,13/2/2020,4
15995,54,47010,74,Female,-,2/9/2023,2
15996,56,44136,50,Male,Sales,7/12/2021,1
15997,44,50687,34,Female,Operations,20/3/2021,1
15998,30,0,,Male,HR,5/12/2023,5
15999,51,24324, ,-,Finance,5/10/2020,3
16000,,46668,57,Male,Sales,26/11/2021,5
16001,48,37930,90,Female,Marketing,1/9/2021,5
16002,49,33972,61,Female,Finance,3/4/2020,3
16003,61,34613,15,Male,,5/8/2023,5
16004,23,40353,53,Female,Operations,23/12/2020,3
16005,64,NA,29,Female,IT,7/6/2020,4
16006,59,,70,NA,Sales,9/4/2023,5
16007,18,NA,32,,Operations,17/8/2022,4
16008,31,42619,*,Female,,25/11/2022,5
16009,54,30024,-,Male,Operations,24/3/2022,4
16010,63,50754,92,Female,Sales,9/5/2020,4
16011,24,35248,31,Male,HR,24/2/2020,4
16012,44,20115,25,-,Marketing,6/10/2024,5
16013,59,,79,Female,Operations,23/5/2021,5
16014,27,26775,,Female,Finance,25/4/2024,1
16015,18,18115,77,Female,IT,24/4/2021,4
16016,60,37587,80,Male,Operations,17/10/2021,4
16017,,45130,3,Female,IT,8/5/2023,4
16018,36,29511,72,Female,Sales,9/2/2024,5
16019,54,16772,4,Female,Marketing,20/4/2024,2
16020,46,18196,68,Male,HR,1/1/2023,2
16021,23,25423,-,Male,,8/8/2021,*
16022,28,27223,0,Female,Operations,13/10/2022,5
16023,56,14659,81,Female,Finance,18/4/2020,2
16024,24,43422,28,Female,IT,25/6/2020,5
16025,56,31850,90,Male,IT,29/10/2020,4
16026,20,19415,34,Female,IT,18/9/2024,1
16027,50,0,80,Male,Finance,29/9/2020,2
16028,48,47071,22,Male,Sales,31/1/2023, 
16029,34,23863,19,Female,Finance,18/11/2021,5
16030,54,NA,65,NA,Marketing,28/12/2022,3
16031,33,31334,41,Male,Sales,30/7/2024,4
16032,40,18080,14,Male,Sales,6/1/2023,5
16033,39,0,90,Male,Operations,9/8/2020,2
16034,60,44395,0,Female,Finance,4/1/2021,2
16035,-,31373,87,Male,Sales,5/9/2023,2
16036,36,69653,79,Male,HR,10/3/2024,1
16037,24,-,41, ,Marketing,1/11/2024,4
16038,50,63015,68,Male,Operations,21/8/2024,1
16039,19,38165,71,Male,HR,29/6/2023,1
16040,38,34473,10,Male,Operations,9/1/2023,1
16041,44,32339,10,Female,*,18/2/2023,3
16042,30,33782,41,Male,Sales,1/10/2022,4
16043,49,46392,30,Male,IT,23/11/2022,4
16044,49,38668,70,Male,IT,22/1/2022,1
16045,18,35562,65,NA,Finance,6/4/2023,5
16046,46,29593,54,-,Finance,17/3/2023,1
16047,19,52416,55,Male,IT,13/9/2021,4
16048,61,6275,NA,Male,Marketing,19/4/2022,1
16049,64,36401,,Male,Operations,28/6/2024,3
16050,56,24222,62,Female,Sales,19/4/2022,4
16051,56,48831,95,Female,*,24/2/2020,4
16052,47,37626,43,Male,Operations,24/12/2022,
16053,43,39414,14,Male,IT,24/12/2021,2
16054,44,43228,14,Female,IT,6/5/2021,4
16055,61,53739, ,Male,Marketing,5/9/2022,2
16056,29,39007,81,Male,Marketing,14/4/2023,3
16057,20,49008,81,Female,Sales,19/3/2024, 
16058,25,*,6,Male,IT,19/1/2020,4
16059,37,-,0,Male,Sales,6/4/2024,2
16060,20,29258,58,Male,Finance,11/5/2020,1
16061,50,41301,27, ,Marketing,23/2/2021,1
16062,27,24571,27,Female,Sales,26/6/2021,1
16063,26,28773,0,Male,Marketing,11/6/2021,-
16064,40,34535,80,Female,Finance,27/10/2023,3
16065,55,51436,2,Male,Finance,23/10/2020,3
16066,62,22473,20,Female,HR,15/5/2024,5
16067,32,-,71,Female,Marketing,29/8/2020,2
16068,63,53907,69, ,Finance,25/4/2021,*
16069,NA,28083,32,Male,Operations,15/7/2020,3
16070,33,12964,42,Female,Sales,14/10/2020,4
16071,23,26749,0,Male,-,18/9/2024,3
16072,19,33718,83,Male,Sales,22/11/2023,5
16073,*,48542,96,Female,Marketing,20/7/2022,4
16074,22,30527,3,NA,IT,18/4/2020,
16075,56,44966,94,Female,HR,10/6/2024,1
16076,57,21424,38,Female,Finance,29/8/2023,4
16077,52,41659,82,Female,Marketing,14/2/2021,3
16078,39,47430,88,Male,IT,27/8/2024,2
16079,49,20116,11,Female,Finance,14/12/2022,1
16080,32,18334,70,Female,Finance,7/8/2022,5
16081,26,42489,NA,Male,Sales,8/5/2024,4
16082,55,33043,,Male,Finance,29/1/2023,*
16083,45,44832,73,,Sales,3/3/2024,NA
16084,27,-,40,Male,HR,10/1/2021,5
16085,20,0,38,Male,Operations,2/7/2023,1
16086,50,NA,92,Male,Sales,2/10/2021,3
16087,62,44559,48,Male,NA,7/8/2024,5
16088,28,26213,35,Female,Finance,21/7/2022,3
16089, ,47673,88,Female,IT,4/11/2022,2
16090,25,197473,98,Male,Finance,24/10/2021,4
16091,25,34027,32,Female,Marketing,26/5/2024,2
16092,59,0,61,Male,,30/10/2022,3
16093,37,48940,17,Male,Finance,14/7/2020,1
16094,43,32697,100,Female,HR,8/4/2023, 
16095,29,*,59,Female,Marketing,30/5/2024,2
16096,58, ,13,Male,HR,4/12/2022,1
16097,64,37930,76, ,IT,27/6/2024,4
16098,41,43585,51,Male,Operations,26/5/2024,5
16099,27,38103,53,Female,*,3/12/2022,3
16100,20,39105,86,-,Operations,11/5/2020,2
16101,19,26891,53,Male,*,9/12/2020,5
16102,43,47680,65,Female,-,6/1/2022,
16103,45,38736,0,Male,Operations,25/4/2022,4
16104,52,11401,51,Male,IT,9/8/2022,3
16105,38,34082,0,Female,HR,25/6/2020,4
16106,63,45645,,Male,IT,24/4/2021,2
16107,47,14771,91,Male,Marketing,18/4/2020,1
16108,29,55312,94,Male,Operations,15/7/2022,3
16109,64,31150,5,Female,IT,22/5/2024,5
16110,58,49138,70,Female,Sales,15/7/2023,3
16111,28,-,11,Female,-,27/3/2020,5
16112,52,56426,70,Female,Finance,19/12/2023,1
16113,27,33392,24,*,Operations,3/11/2023,1
16114,19,22214,32,Female,HR,8/1/2023,3
16115,51,NA,79,Male,IT,7/6/2021,3
16116,43,42059,37,Female,Marketing,11/3/2022,5
16117,19,0,53,Male,Sales,10/1/2022,5
16118,23,24833,*,-,IT,27/1/2020,5
16119,18,20640,8,Female,Marketing,15/3/2020,5
16120,31,47166,36,Female,Finance,6/9/2023,3
16121,*,22554,41,Male,Marketing,5/5/2023,1
16122,,45235,25,Female,Finance,15/11/2022,5
16123,58,24799,88,Male,Sales,22/7/2020,3
16124,28,38009,40,Female,Sales,25/2/2024,5
16125,54,44652,50,Female,IT,16/3/2021,4
16126,29,56427,28,Female,HR,11/8/2021,1
16127,43,34957,NA,Female,Operations,5/6/2022,5
16128,48,47044,87,Male,IT,4/6/2023,4
16129,22,35322,15,Male,HR,30/9/2020,1
16130,47,28113,95,Female,Operations,1/3/2022,5
16131,48,38924,10,Female,Operations,7/5/2023,5
16132,25, ,35,Female,Finance,19/5/2020,4
16133,29,57043,61,Female,HR,18/1/2024,5
16134,44,*,NA,Male,HR,6/6/2024,2
16135,46,38044,74,Female,,5/6/2020,5
16136,47,28536,4,Female,Operations,3/12/2021,5
16137,33,29240,80,Male,HR,17/6/2022,1
16138,22,45447,50,Male,,11/11/2023,3
16139,,42885,*,Male,Operations,25/7/2024, 
16140,44,28934,20,Female,Finance,13/9/2022,5
16141,59,17423,25,Male,Operations,14/7/2021,2
16142,55,35992,51,Female,Finance,8/5/2022,2
16143,58,1359,35,Male,IT,13/5/2022,2
16144,25,23411,52,Female,Finance,14/8/2023,2
16145,50,-,9,Female,Sales,14/8/2023,3
16146,28,27143,33,Male,IT,28/4/2023,4
16147,19,17076,63,Male,Finance,28/5/2020,2
16148,,34591,64,Male,HR,14/7/2022,2
16149,21,54566,0,Female,Sales,31/1/2020,1
16150,NA,36478,100,Female,IT,6/7/2024,2
16151,50, ,24,Male,Finance,14/4/2020,4
16152,23,54393,44,Female,Finance,22/4/2022,4
16153,-,20110,17,Male,IT,5/8/2021,*
16154,45,28031,26,Female,HR,18/8/2020,3
16155,64,67198,4,Male,Operations,26/2/2021,2
16156,28,41450,13,Male,Marketing,29/5/2023,5
16157,64,36237,50,Male,Sales,28/4/2023,3
16158,37,35020, ,Male,HR,19/8/2023, 
16159,*,58549,1,Female,Finance,6/5/2021,2
16160,27,1108,42,Female,Operations,16/3/2021,1
16161,20,34051,80,Female,Sales,16/11/2023,4
16162,20,-,-,Female,Marketing,30/5/2024,5
16163,52,0,11,Female,Finance,13/4/2020,2
16164,31,26841,72,Female,IT,22/10/2023,4
16165,59,34152,51,Male,HR,28/12/2022,4
16166,59,50153,56,Male,Sales,6/5/2020,4
16167,44,35516,NA,Male,Marketing,2/5/2023,5
16168,28,46273,35,Female,IT,30/9/2020,4
16169,25,47016,36,Male,Marketing,16/2/2022,5
16170,56,43837, ,Male,Finance,17/3/2023,3
16171,-,-,100,Female,-,27/12/2022,4
16172,62,18751,6,NA,HR,22/12/2022,2
16173,25,34670,94,Male,Marketing,30/7/2023,5
16174,36,31862,89,Female,Marketing,12/5/2021,2
16175,57,*,0,Male,Marketing,19/1/2024,3
16176,37,20952,6,Female,Operations,31/7/2020,3
16177,27,237358,NA,NA,Operations,2/4/2020,3
16178,60,30126,73,Male,Marketing,11/9/2024,3
16179,58,-,48,Male, ,7/11/2022,5
16180,40,40796,10, , ,28/6/2024,*
16181,23,62223,37,Male,HR,10/9/2024,2
16182,22,NA,98,Female,Finance,21/10/2022,2
16183,27,32897,NA,Male,Operations,4/5/2021,5
16184,60,15684,2,Male,IT,13/8/2020,5
16185,43,27440,40,Male,Operations,11/2/2021,3
16186,43,27064,4,Female,Finance,15/9/2022,2
16187,18,36331,96,Female,Operations,15/6/2021,5
16188,46,34612,17,Female,HR,3/1/2022,5
16189,33,42436,42,Male,-,1/1/2022,3
16190,51,36513,2,NA,Marketing,28/2/2020,4
16191,19,,57,Female,IT,18/11/2020,5
16192,42,25541,29,Male,IT,18/4/2022,1
16193,19,*,98,Male,Finance,31/12/2022,2
16194,22,-,56,Male,Sales,11/11/2022,3
16195,33,21523,30,Male,HR,27/10/2022,3
16196,60,45600,63,Female,Finance,14/7/2023,4
16197,60,52183,76,Male, ,24/5/2021,2
16198,38,33556,2,Female,Finance,21/1/2021,2
16199,45,54487,,Female,Sales,12/6/2023,3
16200,27,23324,84,Male,IT,13/1/2022,3
16201,,58845,76,Female,Marketing,28/5/2022,2
16202,38,50274,36,Male,Sales,9/7/2020,5
16203,23,29184,80,Female,NA,22/4/2021,4
16204,38,NA,89,Female,HR,10/10/2024,5
16205,46,,57,Female,Finance,19/5/2023,1
16206,44,40041,,Male,IT,16/5/2021,5
16207,45,30842,20,Female,Finance,26/7/2024,5
16208,51,44581,34,Male,IT,15/4/2022,2
16209,43,44302,99,Female,IT,31/5/2023,
16210,27,13360,38,Female,-,5/1/2022,1
16211,20,39914,*,Female,Finance,5/1/2020,1
16212,53,-,68,Male,Operations,11/5/2022,4
16213,40,28791,1,Female,Sales,5/5/2023,3
16214,48,31973,60,Female,Finance,16/6/2022,5
16215,22,56849,72,Male,Operations,20/9/2020,4
16216,25,0, ,Female,HR,20/11/2023,2
16217,29,22750,1,Male,IT,10/10/2024,5
16218,38,38052,80,Female,Operations,8/1/2024,2
16219,59,45276,63,Female,HR,2/11/2021,1
16220,24,8724,*,Male,IT,16/9/2022,4
16221,56, ,78,Female,Sales,6/3/2024,3
16222,63,NA,28,Female,IT,9/4/2021, 
16223, ,39939,65,Male,NA,21/11/2021,4
16224,61,40869,45,Female,HR,22/3/2024,2
16225,18,,36,Female,Operations,10/2/2022,2
16226,32,35605,71,Female,Finance,24/1/2021,1
16227,49,31199,19,Female,-,13/3/2021,2
16228,45,50720,39,Female,Operations,2/1/2024,5
16229,34,34526,95,Male,IT,23/12/2023,2
16230,62,38823,44,Male,IT,4/1/2022,3
16231,NA, ,15,Female,Marketing,10/2/2022,3
16232,32,*,57,Male,Finance,3/3/2022,1
16233,64,52403,33,Male,-,17/2/2021,1
16234,41,51162,1,Female,Operations,4/7/2023,2
16235,*,36834,84,Male,Finance,29/6/2023,3
16236,48,31959,13,Male,Finance,19/10/2020,1
16237,37,56645,69,Female,HR,15/9/2022,3
16238,62,43432,0,Female, ,13/7/2020,3
16239,56,39500,49,Male,Sales,5/8/2023,4
16240,24,26114,20,Male,IT,5/2/2022,5
16241,58,NA,0,Male,IT,3/7/2023,4
16242,30,14858,0,Female,Marketing,8/3/2021,2
16243,53,25699,24,Female,Marketing,1/3/2023,*
16244,62,24266,60,Female,Marketing,28/5/2021,3
16245,46,41429,NA,Male,Marketing,26/2/2021,3
16246,24,27820,0,Male,Operations,1/1/2020,1
16247,47,23258,56,Female,HR,19/1/2020,5
16248,48,55260,89,Female,Marketing,24/10/2022,3
16249,53,37105,48,Female,Sales,18/2/2023,2
16250,56,30823,5,Female,Finance,23/3/2022,1
16251,-,31859,,Male,IT,21/3/2024,1
16252,33,3905,57,Female,IT,16/6/2024,3
16253,56,38529,50,Female,Sales,8/1/2020,3
16254,45,12634,*,Female,Operations,4/3/2020,4
16255,37,46666,7,Male,Operations,8/6/2021,2
16256,47,25080,18,,Marketing,20/10/2021,2
16257,46,13322,*,Male,IT,23/3/2023,2
16258,18,28861,41,Female,*,18/2/2022,
16259,58,57210,33,Female,IT,7/10/2020,3
16260,48,40286,12,Male,Finance,8/6/2021,NA
16261,33,46640,-,Male,Finance,22/8/2020,2
16262,37,31197,17,NA,HR,18/10/2022,
16263,56,0,4,Male,Operations,5/2/2020,2
16264,NA,NA,12,Female,Operations,31/3/2021,5
16265,29,33650,46,Male,IT,2/5/2021,4
16266,20,37611,83,NA,Finance,24/9/2022, 
16267, ,34560,3,Female,HR,23/5/2023,4
16268,25,58073,41,Male,NA,10/9/2024,1
16269,64,23639,NA,Female,IT,30/12/2023,1
16270,30,17315,96,Female,Operations,6/7/2024,1
16271,23,41290,34,Female,HR,20/1/2023,1
16272,44,35820,*,Female,Marketing,18/5/2022,4
16273,31,30542,NA,Female,Operations,6/11/2023,NA
16274,29,46280,24,Female,Operations,3/4/2023,3
16275,42,55994,0,Male,Sales,12/1/2024,2
16276,39,41514,64,Male, ,10/12/2022,4
16277,27,38038,41,Female,Marketing,19/3/2022,4
16278,23,32417,45,Male,Sales,2/8/2020,4
16279,39,38091,77,Male,Operations,12/5/2024,4
16280,25,28451,61,Male,IT,5/1/2024,3
16281,53,-,0,,Marketing,1/10/2022,1
16282, ,49218,44,Male,Finance,23/6/2022,
16283,56,31433, ,Male,Operations,13/10/2022,5
16284,47,47654,40,Male,Operations,12/8/2021,4
16285,30,38340,76,Female,Operations,6/5/2021,NA
16286,48,,34,*,IT,4/4/2020,3
16287,21,31630,57,Female,Sales,8/5/2021,3
16288,48,55233,-,Male,IT,23/6/2024,3
16289,47,28821,36,Female,Operations,14/1/2024,5
16290,28,54734,-,Female,Marketing,28/9/2022,3
16291,61,28332,40,Female,Marketing,19/3/2021,4
16292,30,21506,20,Male,HR,11/10/2022,5
16293,34,49716,15,Male,HR,21/9/2023,1
16294,54,0,19,-,,15/5/2020,3
16295,20,36440,15,*,IT,1/12/2024,2
16296,31,42074,59,Female,Marketing,19/7/2022,1
16297,-,50349,32,Female,HR,22/12/2021,4
16298,-,290187,85,Male,Marketing,31/12/2021,2
16299,44,28090,18,Male,Finance,13/8/2021,5
16300,45,0,73,-,Operations,25/12/2023,4
16301,48,39795,38,Female,Operations,7/1/2022,2
16302,24,42645,100,Female,HR,7/11/2024,2
16303,26,29468,31,,Finance,28/10/2020,NA
16304,24,47840, ,Female,Sales,7/8/2024,5
16305,50,22437,NA,Male,IT,28/6/2023,5
16306,27,45235,,Female,HR,2/4/2022, 
16307,64,25602,44,Male,Finance,28/5/2020,5
16308,53,13990,6,-,HR,6/5/2021,2
16309,28,35592,57,Female,-,25/5/2023,4
16310,63,31763,23,Male,Finance,30/6/2022,1
16311,35,26890,10,Male,Operations,26/2/2020,5
16312,41,36883,84, ,Sales,15/8/2023,3
16313,30,29506,4,NA,HR,11/10/2021,4
16314,25,44392,97,*,Marketing,31/10/2020,4
16315,37,28058,,Female,Marketing,28/11/2024,5
16316,35, ,30,Male,Marketing,23/9/2023,1
16317,37,23765,63,Female,Marketing,15/12/2021,4
16318,19,42480,29,Female,Marketing,3/2/2024,3
16319,49,45040,79,Male,Marketing,24/8/2024,3
16320, ,35019,57,Male,HR,14/1/2022, 
16321,22,34296,16,Male,Operations,11/1/2021,4
16322,-,42612, ,Female,Marketing,4/5/2024,4
16323,25,29674,75,-,HR,1/4/2024,1
16324,,50417,20,Male,HR,22/4/2021,1
16325,26,50313,47,Male,IT,11/1/2023,3
16326,38, ,61,Female,NA,13/4/2022,1
16327,-,30045,30,Female,Finance,24/6/2024,1
16328,*,0,-,-,,30/3/2024,2
16329,52,47733,78,NA,Marketing,12/12/2023,3
16330,26,45428,10,Female,HR,22/8/2024,2
16331,40,44061,3,Male,IT,3/6/2021,2
16332,*,48556,48,Male,,18/5/2023,4
16333,60,27775,39,Male,Operations,22/11/2021,3
16334,49,18649,53,Female, ,31/5/2024,1
16335,48,NA,0,Male,Finance,14/1/2022,5
16336,51,21856,24,Male,Marketing,21/12/2022,3
16337,64,17131,82,Female,*,6/3/2022,2
16338,48,33839,0,Female,HR,12/2/2024,1
16339,37,26239,27,Female,IT,2/12/2023,1
16340,58,46037,51,Male,Marketing,10/5/2024,4
16341,29,21883,76,Female,Sales,27/10/2021,5
16342,-,24768,99,Female,Marketing,21/11/2023,-
16343,62,18397,26,Male,IT,9/4/2021,3
16344,33,-,25,*,Operations,20/7/2023,3
16345,43,36659,79,Male,Marketing,31/8/2021,5
16346,33,*,40,Male,Marketing,20/6/2020,4
16347,63,25290,53,Male,HR,23/1/2022,
16348,31,31118,58,Male,IT,10/7/2022,3
16349,53,33019,74,Female,Operations,9/9/2023,5
16350,42,31928,56,Female,Finance,30/11/2022,4
16351,43,42732,97,Male,Sales,22/4/2022,1
16352,38,20232,66,,HR,30/4/2022,5
16353,28,30062,-,Male,Marketing,29/8/2024,1
16354,35,36619,46,Male,Marketing,21/5/2024,4
16355,33,53730,70,Male,Marketing,25/10/2024,2
16356,45,25256,78,Male,Sales,21/2/2021,3
16357,*,30253,77,Male,HR,12/6/2020,3
16358,47,11180,61,Female,Finance,31/1/2021,5
16359,,39226,98,Male,-,3/6/2021,3
16360,33,30714,91,Female,Marketing,25/3/2020,2
16361,30,47228,6,Male, ,14/5/2022,-
16362,56,,78,Male,Operations,13/8/2020,3
16363, ,54152,32,Male,Operations,18/12/2020,1
16364,63,13738,79,Female,Operations,13/8/2021,1
16365,21,36326,20,Female,Operations,20/9/2022,4
16366,22,43692,97,Female,NA,11/5/2021,3
16367,27,43994,27,Male,HR,1/12/2022,2
16368,34,46455,83,Male,Marketing,30/5/2024,*
16369,44,40251,8, ,IT,21/7/2021,2
16370,47,42565,64,Male,Sales,26/3/2022,1
16371,54,27142,0,Male,HR,7/4/2021,2
16372,52, ,93,Female,Sales,14/7/2024,5
16373,57,18390,23,Male,Finance,14/1/2020,5
16374,63,,40,Female,Sales,31/12/2022,4
16375,41,251177,31,Male,Marketing,21/1/2022,5
16376,40,32813,58,Male,Finance,28/12/2022,1
16377,51,34277,-,Female,IT,19/5/2021,3
16378,42,22889,0,Female,Marketing,4/1/2023,5
16379,44,38606,59,Female,Finance,20/6/2020,2
16380,25,32435,55,Female,Marketing,15/8/2023,5
16381,45,23944,31,Male,Finance,18/12/2023,2
16382,40,18317,82,Male,Operations,28/3/2023,1
16383,40,31811,63,Female,Finance,11/3/2020,3
16384, ,33190,58,Female,NA,25/11/2023,1
16385,58,20191,4,Male,Operations,23/3/2022,3
16386,,9192,26,Female,-,15/9/2020,2
16387,32,51742,33,*,HR,23/8/2020,3
16388,*,41319,36,Male,IT,10/7/2020,3
16389,24,10433,55,NA,Finance,22/6/2024,5
16390,19,-,51,Female,Finance,27/8/2021,2
16391,57,34393,92,Female,Finance,8/4/2023,2
16392,33,39037,25,Female,Operations,15/12/2020,2
16393,52,16151,22,Female,Sales,10/2/2020,1
16394, ,47384,38,Female,Marketing,9/10/2023,5
16395,-,40439,50,Female,HR,2/11/2022,1
16396,-,39183,31,Female,HR,30/11/2022,1
16397,20,34487, ,Female,-,12/11/2023,5
16398,44,49086,0,Male,Sales,17/10/2021,5
16399,*,60542,,Male,IT,22/4/2020,1
16400,32,33936,70,Male,Sales,22/12/2022,5
16401,63,32479,40,Male,Marketing,26/4/2024,3
16402,50,49199,15,Male,*,7/11/2023,5
16403,54,30397,61,Female,Marketing,3/10/2021,1
16404,46,29032,0,Female,Marketing,5/7/2022,5
16405,41,21331,41,Female,Operations,24/4/2023,5
16406,39,36477,3,Female,Finance,20/6/2023,3
16407,*,56952,86,Male,IT,15/7/2020,-
16408,60,33337,22,Female,IT,7/10/2020,2
16409,62,56686,39,Male,Marketing,1/9/2020,3
16410,47,*,-,Male,Finance,10/8/2023,2
16411,18,44357,13,Female,*,14/11/2024,2
16412,18,17361,43,-,*,19/3/2020,5
16413,,36365,19,Male,IT,25/7/2021,5
16414,38,33405,9,Male,-,4/11/2024,4
16415,48,29061,0,Female,Operations,29/11/2020,5
16416,26,45162,88,Male,Sales,17/5/2023,5
16417,22,28465,83,Male,IT,7/8/2024,3
16418,37,39759,23,Female,HR,11/2/2021,1
16419,23,33783,*,Male,IT,21/6/2020,4
16420,53,43372,98,Female,Sales,25/10/2021,5
16421,46,37493,47,Female,Sales,23/1/2022,1
16422,58,33423,14,Female,Marketing,30/5/2024,1
16423,40,32338, ,Male, ,17/6/2024,3
16424,NA,24294,54,Female,Operations,10/9/2024,3
16425,19,28210,69,Female,Finance,30/10/2021,5
16426,64,20273,0,Female,HR,28/2/2024,1
16427,21,33796,*,Male,Marketing,14/3/2024,1
16428,25,25570,1,Female,Operations,21/10/2022,1
16429,32,49182,13,Female,Finance,20/10/2023,4
16430,42,,28,Female,Operations,15/12/2022,3
16431,38,*,84,Female,*,17/7/2022,4
16432, ,45508,22,Male,,8/4/2022,2
16433,61,22081,67,Female,Sales,30/3/2022,5
16434,44,31767,28,,Sales,30/5/2024,4
16435,30,39110,78,Male,Operations,28/9/2021,5
16436,22,42734,2,Female,Sales,30/8/2022,3
16437,47,34254,90,*,HR,21/4/2020,2
16438,42,,73,Female,*,31/7/2024,*
16439,30,36811,6,Male,IT,5/2/2021,1
16440,19,34400,95,Male,Marketing,23/11/2022,2
16441,59,27145,25,Male,Operations,26/10/2022,1
16442,28,27328, ,Male,Operations,19/10/2021,2
16443,36,35055,73,Female,Marketing,3/8/2024,1
16444,54,33189,72,Female,Operations,16/5/2020,5
16445,54,41384,51,Female,Marketing,1/2/2020,2
16446,29,29297,16,Female,Marketing,19/4/2023,3
16447,48,,,Female,Finance,26/8/2020,5
16448,31,29935,25,Male,HR,10/9/2021,1
16449,31,17697,3,Male,HR,19/5/2022,1
16450,47,5005,80,Female,Finance,27/4/2021,4
16451,41,25826,48,Male,Marketing,31/5/2024,4
16452,30,*,64,Female,Finance,15/11/2024,3
16453,62,35669,0,*,Finance,2/9/2024,1
16454,64,40882,3,Female,Marketing,2/12/2021,2
16455,54,14448,66,Female,*,20/6/2024,NA
16456,47,46280,56, ,,17/4/2021,3
16457,37,37938,87,-,HR,16/10/2021,3
16458,-,35267,41,Female,Finance,16/5/2020,*
16459,33,35087,36,Female,IT,9/12/2022,4
16460,60,26634,76,Female,Operations,22/2/2023,5
16461,-,40145,47,Female,Operations,1/10/2020,3
16462,59,35930,79,Male,Marketing,21/2/2020,3
16463,50,49239,47,*,HR,4/8/2024,2
16464,52,38684,40,Female,-,15/8/2024,5
16465,20,33297,29,-,Marketing,15/8/2022,4
16466,41,23518,83,Female,Sales,14/11/2022,1
16467,37,42879,43,Female,Sales,22/8/2022,3
16468,-,22852,44,Female,Sales,24/3/2020,4
16469,27,46053,62,Male,IT,28/5/2024,4
16470,32,,NA,*,Operations,25/7/2022,
16471,23,29466, ,-,Sales,2/2/2022,5
16472,*, ,54,Male,IT,17/8/2021,4
16473,37,42279,72,Female,Marketing,4/12/2024,NA
16474,55,19040,58,Female,HR,28/1/2020,4
16475,40,39176,16,Male,Marketing,5/7/2024,*
16476,43,22009,2,Male,NA,17/5/2022,5
16477,42,44748,4,Female,Marketing,12/1/2022,3
16478,40,45352,7,Male,Operations,20/11/2024,1
16479,19,52713,82,Female,IT,22/8/2024,3
16480,*,29512,64,Male,Marketing,21/5/2020,*
16481,51,28621, ,Male,Sales,6/5/2020,3
16482,34,29691,24,Female,Operations,31/3/2020,3
16483,59,28701,96,Female,Marketing,12/8/2024,5
16484,44,36388,97,Male,IT,13/10/2022,4
16485,49,54751,20,Female,Sales,23/11/2020,3
16486,46,38499,68,Female,Sales,23/11/2020,4
16487,53,17962,98,Male,Sales,21/1/2020,2
16488,35,37044,29,Female,Finance,27/9/2024,*
16489,55,14556,41,Male,HR,28/4/2021,2
16490,46,50746,64,Female,Marketing,9/9/2020,2
16491,46,40435,49,Male,IT,21/9/2024,4
16492,34,31902,76,Male,IT,14/6/2022,5
16493,37,34007,20,Female,Marketing,20/7/2021,2
16494,26,58738,91,Male,Operations,14/12/2020,3
16495,35,37329,51,Female,Sales,9/10/2024,1
16496,64,32562,94,Female,*,23/2/2021,4
16497,42,29427,33,Female,Sales,25/7/2022,2
16498, ,33005,3,Male,Marketing,14/1/2020,5
16499,34,0,*,Male,Sales,29/6/2021,5
16500,62,45363,0,Male,HR,6/2/2022,4
16501,62,14865,68,Male,Operations,12/5/2022,4
16502,64,45162,48,Female,IT,12/5/2021,2
16503,46, ,84,Female,Marketing,20/8/2022,4
16504,43,66263,65,Female,-,28/4/2020,1
16505,47,6947,63,Male,IT,13/7/2021,NA
16506,48,-,40,Male,IT,26/4/2020,NA
16507, ,7571,62,Female,Operations,15/3/2020,5
16508,59,34277,90,Male,HR,24/6/2020,4
16509,52,43910,9,Male,Finance,14/12/2023,1
16510,49,41996,54,Male,HR,8/7/2024,3
16511,43,37060,93,Female,HR,5/8/2020,2
16512,37,30907,*,Female,Operations,25/7/2021,5
16513,44,61940,30,Female,IT,29/6/2021,4
16514,35,27872,16,Female,Finance,30/9/2024,1
16515,45,-,72,Male,Operations,18/6/2020,5
16516,33,1570,0,Female,Marketing,17/2/2023,3
16517,20,36239,59,Male,NA,10/1/2021,3
16518,-,35906,*,Male,Marketing,15/10/2024,3
16519,20,44436,,Female,HR,12/2/2021,3
16520,49,43451,30,, ,28/2/2023,*
16521,63,37970,88,Female,IT,28/7/2023,1
16522,31,,21,Male,Finance,7/2/2021,2
16523,37,38875,29,Female,IT,5/9/2021,1
16524,33,24445,0,Male,*,16/7/2021,2
16525,32,24858,54,Male,Finance,3/2/2022,4
16526,46,44958,83,Female,,25/3/2023,
16527,46,*,0,Male,Marketing,21/10/2024,4
16528,30,39660,NA,Female,HR,2/12/2020,2
16529,49,22293,43,Male,IT,2/7/2020,1
16530,50,36884,16,Male,Marketing,12/1/2024,-
16531,NA,33842,44,Female,Marketing,3/11/2020,
16532,36,28886,4,Female,Marketing,13/12/2022,1
16533,47,28004,69,Male,Marketing,6/3/2023,3
16534,28,32409,54,Female,HR,1/6/2022,*
16535,41,,32,Female,Marketing,12/1/2023,-
16536,42,-,2,Male,Finance,30/1/2023,3
16537,36,34252,18,Female,IT,28/6/2022,1
16538,34, ,73,Male,NA,10/4/2024,1
16539,20,37500,0,*,Marketing,2/10/2021,3
16540,64,13484,2,Female,Finance,13/7/2020,-
16541,39,38962,77,Female,Marketing,2/6/2020,2
16542,52,3917,63,Female,Marketing,29/4/2021, 
16543,39,32126,79,Female, ,5/7/2021,2
16544,34,35674,8,Female,Sales,27/8/2021,1
16545,38,40381,85,Female,IT,25/9/2023,2
16546,21,47195,22,Male,Finance,9/10/2022,3
16547,64,25715,46,NA,Finance,7/10/2024,4
16548,51,36551,95, ,IT,5/7/2024,1
16549, ,21495,10,Female,HR,5/5/2023,4
16550,57,43698,1,Male,IT,17/9/2024,1
16551,21,45656,79,Female,Sales,17/8/2020,5
16552,NA,31140,62,Female,Operations,16/4/2024,5
16553,61,37906,0,Male,Finance,10/2/2023,3
16554,25,36008, ,Female,Sales,6/1/2022,3
16555,58,37715,74,Male,Sales,30/8/2021,5
16556,47,36197,56,-,NA,3/7/2020,1
16557,44,37423,23,Male,Marketing,18/3/2023,3
16558,43,41081,27,Female,Marketing,25/10/2022,5
16559,19,42047,20, ,HR,6/2/2023,2
16560,28,26693,21,Female,Sales,16/11/2021,-
16561,22,31038,29,Female,IT,15/11/2023,3
16562,NA,-,1,,Sales,4/7/2023,1
16563,33, ,50,Female,Sales,10/1/2021,2
16564,19,38283,70, ,IT,17/3/2020,
16565,NA,30132,56,Female,HR,6/9/2021,1
16566,29,51532,22,Male,HR,11/11/2024,4
16567,30,34137,83,Male,Operations,11/5/2021,5
16568,56,51418,81,Female,Sales,11/10/2020,*
16569,18,45728,45,Male,Sales,22/5/2023,5
16570,18,24851,42,Female,Sales,3/3/2020,2
16571,24,26694,100,Male,,9/6/2023,1
16572,22,30656,9,Male,IT,11/9/2023,1
16573,27,46817,87,Female,HR,25/6/2022,4
16574,NA,22580,17,Female,Operations,17/11/2022,*
16575,*,29019,73,Female,Operations,26/5/2023,5
16576,55, ,19,Male,Marketing,23/1/2021,1
16577,45,30999,36,Male,NA,13/8/2024,1
16578,30,34954,81,Female,Marketing,18/4/2021,2
16579,32,41950,24,Male,NA,13/7/2024,1
16580,30,15297,21,Female,Finance,20/10/2022,4
16581,40,19094,0,Female,Operations,10/1/2024,2
16582,48,29062,24,Male,IT,14/7/2022,2
16583,50,22468,20,Female,Marketing,12/3/2020,1
16584,62,25722,*,Female,Sales,7/1/2024,2
16585,53,27528,63,Male,HR,19/1/2021,2
16586,47,23519,75,Male,Operations,23/5/2022,5
16587,28,41409,68,Female,Operations,26/3/2020,2
16588,36,30906,62,Female,HR,17/6/2021,4
16589,64, ,0,NA,Marketing,7/2/2020,4
16590,32,0,28,Female,Finance,27/8/2021,1
16591,33,25754,2,Male,Marketing,18/3/2023,1
16592,49, ,92,Male,Sales,27/8/2020,5
16593,44,35388,57,Female,IT,6/7/2021,1
16594,20, ,21,Female,HR,12/2/2022,3
16595,47,47390,65,Male,HR,15/2/2020,2
16596,41,29785,57,Male,Finance,28/8/2022,
16597,19,38424,*,Female,HR,31/12/2022,3
16598,55,24295,25,-,Finance,8/1/2020,2
16599,50,61468,94,Male,Finance,19/5/2023,4
16600,44,37554,23,Female,Marketing,13/12/2022,5
16601,56,36578,*,,Finance,24/2/2023,3
16602,19, ,96,Female,Marketing,3/3/2022,1
16603,31,35449,74,Male,Marketing,19/12/2020,3
16604,52,17325,85,Male,IT,15/8/2020,2
16605,61,20750,-,Male,Sales,5/6/2023,2
16606,42, ,9,Male,Operations,16/6/2022,1
16607,25,14110,89,Female,Sales,4/4/2023,1
16608,63,31341,*,Male,HR,13/8/2023,4
16609,63,,46,Male,Marketing,17/3/2020,2
16610,57,18419,*,,HR,14/11/2022,2
16611,40,15786,,Male,*,12/7/2023,4
16612,43,31096,63,Male,IT,2/8/2021,1
16613,45,36114,76,Male,Operations,8/5/2023,1
16614,24,55826,87,-, ,17/1/2022,3
16615,40,11308,12,Male,Finance,7/10/2022,NA
16616,24,*,41,NA,Finance,2/8/2022,5
16617,53,21764,27,*,Marketing,4/4/2020,2
16618,60,28155,71,Female,*,1/6/2021,5
16619, ,52145,64,Male,HR,12/8/2021,5
16620,46,38937,37,Female,Marketing,13/3/2022,5
16621,38, ,85,Female,Marketing,25/1/2024,5
16622,36,40749,,Male,Marketing,13/4/2022,2
16623,22,29692,20,Female,-,28/12/2021,5
16624,27,23290,1,Female,IT,3/2/2024,3
16625,21,27764,82,Female,Marketing,25/6/2020,2
16626,28,34899,9,Male,Sales,15/8/2024,3
16627,58,42538,96,,Operations,11/6/2024,4
16628,45,20233,59,Female,,27/10/2020,
16629,43,48650,69,Male,Operations,12/12/2020,4
16630,44,55299, ,Female,-,22/9/2023,1
16631,41,35784,97,Male,Finance,20/12/2022,5
16632,35,23160, ,Female,HR,22/1/2024,2
16633,56,19163,15,Female,Marketing,29/9/2022,2
16634,40,33547,31,Female,NA,6/9/2024,5
16635,42,34268,51,Male,HR,1/12/2022,1
16636,26,0,86, ,Operations,1/8/2021,5
16637,42,,12,Female,Marketing,20/9/2022,3
16638,46,39802,39,Female,Finance,14/7/2023,5
16639,48,26903,53,Male,IT,21/4/2024,5
16640,35,47351,38,Male,Operations,10/1/2024,5
16641,34,23603,60,Male,Sales,11/7/2020,1
16642,46,29515,87,Female,IT,9/6/2023,4
16643,47,52003,92,Female,IT,19/10/2022,4
16644,64,34722, ,Female,HR,2/3/2022,5
16645,35,39262,65,Male,HR,26/1/2020,2
16646,64,38628,,Female,Operations,28/2/2020,3
16647,49,35059,63,Male,Sales,21/6/2023,5
16648,26,44245,18,NA,IT,9/1/2020,5
16649,18,20919,88,Female,IT,28/9/2022,5
16650,36,29162,68,Female,Finance,4/9/2024,5
16651,30, ,3,Male,Marketing,12/8/2021,2
16652,18,NA,17,Female,Sales,6/6/2024,4
16653,21,42745,91,Female,Sales,11/2/2020,4
16654,18,45492,78,Female,Finance,8/4/2020,*
16655,40,24219,9,*,Operations,24/3/2021,3
16656,48,39367,38,Male,Marketing,26/5/2023,1
16657,28,41480,12, ,HR,3/3/2024,4
16658,*,44609,5,Female,Finance,2/1/2022,2
16659,43,40079,98,Male,Sales,16/2/2023,2
16660,39,41770,,Male,Operations,17/8/2024,3
16661,19,45357,5,Female,Sales,19/6/2023,3
16662,48,21454,47,Female,IT,7/1/2020,
16663,43,32256,93,Male,IT,16/11/2023,5
16664,49,35677,50,Male,Sales,5/3/2023,2
16665,51,37294,87,Female,Sales,26/2/2024,*
16666,20,30666,0,Female,HR,1/3/2021,3
16667,64,37084,-,Female,Sales,19/9/2023,4
16668,35,50328,51,Male,Marketing,28/2/2020,1
16669,18,35828,16,Female,Operations,21/5/2021,3
16670,48,38041,56,Male,NA,2/10/2020, 
16671,37,49612,24,Female,Finance,3/8/2022,4
16672,38, ,44,Female,HR,1/11/2022,5
16673,46,18625,91,Male,HR,12/11/2022,1
16674,62,30545,34,Female,Marketing,7/5/2022,*
16675,64,55555,0,*,HR,13/4/2021,3
16676,18,0,97,,-,10/4/2021,3
16677,-,46416,71,Female,IT,29/8/2020,5
16678,64,43508,28,Female,-,21/10/2024,2
16679,23,NA,94,Male,Marketing,2/8/2021,
16680,37,*,17,Male,HR,20/3/2021,4
16681,,0,79,Male,Sales,18/12/2020,5
16682,59,46963,63,Male,IT,1/10/2024,4
16683,56,17407,20,Male,Sales,20/2/2022,4
16684,54,51912,49,Male,Finance,30/8/2021,4
16685,30,45670,57,Female,Sales,3/9/2022,1
16686,25,41303,33,Male,*,30/5/2024,4
16687,62,36698,49,Female,Sales,29/10/2023,-
16688,26,39136,-,Male,HR,30/7/2024,1
16689,46,NA,63,Female,IT,17/11/2021,3
16690,34,0,74,Female,Operations,25/10/2022,4
16691,50,35738,NA,Female,HR,26/3/2024,1
16692,46,33142,48,Male,HR,12/3/2021,4
16693,42,-,20,Male,Finance,19/8/2021,2
16694,36,42678,44,Female,Finance,10/10/2023,1
16695,18,41949,NA,Male,Finance,20/9/2023,2
16696,20,-,91,Female,Finance,4/8/2020,3
16697,27,73223,-,Male,Operations,7/4/2021,1
16698,36,12646,0,Female,Finance,18/4/2023,5
16699,46,26116,-,Male,Operations,29/11/2020,5
16700,24,41438,,Female,Sales,25/7/2021,5
16701,23,43659,28,Female,HR,2/12/2020,4
16702,38,36802,10,Male,IT,13/7/2020,-
16703,42,42032,33,Female,Finance,6/5/2024,1
16704,33,23318,70,Female,HR,13/4/2020,2
16705,39,32486,71,Female,HR,5/1/2023,2
16706,35,33512,66,Male,Marketing,8/11/2022,5
16707,62,31505,42,Male,Finance,26/8/2024,1
16708,33,48793,3,Male,HR,7/2/2022, 
16709,56,57479,*,Male,Marketing,3/2/2020,4
16710,58,29679,0,Female,Finance,29/5/2021,1
16711,59,-,29,Female,Marketing,9/9/2024,5
16712,20,31422,66,-,Sales,1/6/2021,1
16713,36,42304,29,Female,HR,7/10/2023,1
16714,27,56143,64,Male, ,3/2/2022,5
16715,25,48062,90,Female,Marketing,25/12/2020,1
16716,60,10592,9,Female,Finance,11/1/2024,1
16717,42,26025,70,Male,Marketing,26/4/2022,3
16718,43,-,-,Male,Sales,28/9/2021,1
16719,60,NA,100,Female,IT,19/12/2022,5
16720,53,25648,23,Male,HR,7/8/2022,4
16721,47,NA,44,Male,IT,26/5/2021,5
16722,43,19684,76,Female,Finance,12/8/2020,1
16723,45,45222,63,Male,Sales,5/12/2021,2
16724,29,32581,3,Male,*,23/2/2022,3
16725,22,33005,14,-,*,9/11/2021,2
16726,30,36932,84,,Marketing,15/11/2021,1
16727,28,,65,Male, ,27/3/2023,4
16728,57,0,88,Female,Sales,13/5/2020,1
16729,19,21456,48,Female,,2/10/2022,4
16730,51,0,67,Female,HR,14/8/2022,1
16731,52,,91,Male,Operations,17/1/2024,4
16732,18,46277,44,Female,Finance,6/4/2023,2
16733,40,NA,14,Male,Marketing,19/8/2023,1
16734,26,42446,69,Female,NA,29/11/2024,3
16735,49,17821,38,*,Marketing,4/8/2021,2
16736,33,38978,51,Female,,1/10/2022,1
16737,43,48617,14,Female,IT,1/1/2021,2
16738,45,46151,5,Female,IT,17/9/2021,5
16739,35,33877,28,Female,HR,1/4/2024, 
16740,20,30222,60,Female,HR,24/1/2022,1
16741,60,19687,27,NA,Operations,14/10/2022,4
16742,50,*,25,Male,Sales,1/10/2021,1
16743,25,45166,54,-,Finance,18/3/2020,2
16744,59, ,100,Male,IT,7/12/2020,5
16745, ,40999,23,Male,Operations,7/3/2022,3
16746,53,*,*,Male,Sales,5/2/2022,1
16747,22,42867,92,Male,IT,14/1/2021,5
16748,,21803,28,-,Operations,22/5/2021,5
16749,27,26413,44,Female,Finance,4/1/2024,5
16750,45,32062,55,Male,IT,24/7/2021,4
16751,38,0,76,Male,,20/8/2024,1
16752,22,45373, ,Female,*,21/3/2022,5
16753,64,61071,12,Male,Finance,30/8/2022,1
16754,54,29857,91,Female,,28/1/2023,3
16755,52,34486,28,Female,Operations,5/7/2023,1
16756,52,*,*,Female,HR,15/3/2024,5
16757,,NA,64,Female,Operations,13/12/2022,4
16758,*,23906,*,Female,Marketing,4/3/2021,2
16759,56,NA,NA,Female,Marketing,15/6/2020,2
16760,23,44569,8,Female,Operations,19/10/2023,3
16761,*,54326,4,,Finance,5/2/2022,5
16762,,40918,29,Male,Sales,7/4/2021,1
16763,42,30740,12,Female,Finance,23/3/2021,4
16764,39,46723,72,Male,Operations,21/3/2023,4
16765,44,21910,71,Male,IT,12/2/2023,2
16766,46,9143,4,Male,Marketing,27/7/2024,5
16767,48,37671,11,Male,IT,30/11/2020,2
16768,NA,57112,7,Female,Marketing,11/1/2024,5
16769,-,36260,13,Male,Marketing,10/5/2021,1
16770,37,41283,55,Male,IT,20/1/2020,4
16771,62,15313,68,Male,Finance,23/11/2024, 
16772,54,24408,22,Female,Sales,21/1/2021,5
16773,*,32652,35,Male,Marketing,31/10/2023,3
16774,39,55085,9,Female,-,20/2/2021,1
16775,37,38219,60,Male,Operations,28/1/2020,1
16776,60,41203,47,Male,Marketing,18/8/2024,5
16777,38,28917,29,Male,Operations,28/9/2021,5
16778,39,23279,50,Male,Operations,1/1/2022,3
16779,63,31181,0,Female,Finance,21/4/2020,4
16780,61,6466,78,Male,HR,18/7/2020,1
16781,24,23224,85,Male,Marketing,25/10/2023,2
16782,18,31529,64,Female,-,16/8/2022,5
16783,47,33007,32,Male,-,12/5/2020,3
16784,30,42824,34,Female,Finance,21/8/2022,3
16785,21,58144,8,Male,Operations,10/4/2023,1
16786,49,24694,92,Female,Marketing,30/4/2020,4
16787,61,57269,3,Male,Marketing,30/8/2020,4
16788,56,51005,80,Female,Marketing,20/11/2022,2
16789,30,30529,84,Male,Marketing,10/8/2021,4
16790,47,NA,0,Male,Operations,22/12/2023,4
16791,60,42382,40,Female,Sales,1/4/2023,NA
16792,36,-,75,Male,NA,31/10/2022,
16793,26,45162,15,Female,Sales,6/4/2022,5
16794,37,33654,86,Male,Operations,21/1/2022,5
16795,60,37557,100, ,Marketing,1/12/2024, 
16796,41,33552,70,Female,IT,14/3/2020,3
16797,63,34181,4,Male,Marketing,22/3/2021,5
16798,53,30542,3,Female,Finance,30/11/2021,4
16799,-,*,48,Female,HR,31/7/2022,5
16800,41,32217,20,Female,HR,27/9/2022,5
16801,59,37690,82,Female,HR,9/11/2023,5
16802,37,34474,99,Female,Finance,24/5/2020,2
16803,*,26734,98,Female,Operations,28/11/2023,4
16804,60,0,97,Male,IT,20/7/2023,2
16805,35,9545,21,Female,HR,4/4/2022,1
16806,48,25586,100,Female,HR,6/9/2022,4
16807,44,46012,36,Female,IT,8/5/2023,5
16808,41,42245,38,Female,Sales,3/6/2022,1
16809,21,36965, ,Female,Finance,21/5/2024,1
16810,19,41417,47,Male,Finance,3/5/2021,5
16811,47,17814,62,Female,Finance,11/8/2022,
16812,28,29456,-,Male,Finance,23/1/2022,3
16813,20,26681,62,Female,IT,5/2/2024,4
16814,54,44916,92,Female,Finance,26/1/2021,2
16815,61,40924,95,Female,-,8/2/2023,3
16816,44,44360,74,Female,HR,27/4/2022, 
16817,21,0,37,Female,*,18/8/2024,4
16818,45,29329,*,Female,Operations,2/10/2023,1
16819,62,21140,3,-,Operations,21/6/2021,2
16820,61,25994,19,Female,Finance,3/6/2023,1
16821,63,41217,1,Female,IT,17/2/2022,1
16822,35,-,78,Male,IT,12/6/2020,2
16823,36,30155,,Female,Finance,19/2/2023,3
16824,*,45005,*,Female,Operations,1/12/2024,2
16825,34,15927,-,Male,HR,18/8/2023,1
16826,39,40962,92,Female,HR,5/11/2021,2
16827,19,46877,3,Male,Operations,24/3/2023,4
16828,23,32588,92,Female,HR,16/4/2020,5
16829,48,44175,96,Female,IT,10/6/2022,5
16830,60,8457,71,Male,Operations,26/11/2022,4
16831,35,23621,87,Male,IT,23/4/2020,1
16832,33,54721,44,Female,Marketing,4/7/2023,1
16833,44,25570,58,Male,Sales,13/5/2022,1
16834,22,36455,2,Female,Marketing,2/8/2022,5
16835,59,39449,33,Female,Sales,11/6/2024,4
16836,64,19260,87,Female,HR,5/10/2023,NA
16837,45,24433,48, ,Operations,7/7/2021,4
16838,54,33294,23,,Sales,26/3/2022,2
16839,57,41676,0,Male,Marketing,20/4/2022,3
16840,47,49435,25,Male,IT,6/1/2023,2
16841,61,21827,3,Female,NA,20/10/2020,4
16842,39,31215,0,, ,4/7/2023, 
16843,61,24099,70,Male,Operations,17/12/2023,1
16844,26,23367,25,Male,Marketing,15/2/2023,2
16845,52,23484,59,Female,Sales,10/5/2022,1
16846,24,59256,52,Male,Marketing,20/10/2020,3
16847,25,41436,*,Male,HR,27/12/2023,1
16848,48,0,93,,Marketing,19/11/2022,4
16849,18,30578,80,Male,Operations,1/1/2022,5
16850,57,-,89,Female,Finance,22/11/2022,2
16851,22,23254,7,,Sales,21/9/2023,NA
16852,56,37314,62,Male,Sales,26/7/2021,3
16853,54,22054,22,Male,Sales,2/3/2020,2
16854,55,28245,9,Female,Sales,4/12/2023,5
16855,31,35944,48,Female,Operations,30/1/2022,3
16856,37,37110,38,Female,HR,25/3/2020,3
16857,49, ,41,Female,Finance,7/5/2020,3
16858,60,29982,30,Female,Marketing,20/7/2020,4
16859,63,28593,62,Male,Finance,31/12/2022,1
16860,NA,32077,35,Male,Sales,6/12/2021,3
16861,40,30807,15,Female,Marketing,13/7/2020,5
16862,51,32742,74,Male,Finance,6/5/2024,1
16863,44,25077,NA,Female,IT,22/1/2021,2
16864,48,45078,82,Female,Operations,15/12/2020,1
16865,62,25936,9,Female,Finance,2/5/2021,2
16866,32,20637,-,Male,HR,4/2/2024,5
16867,32,11373,33,Male,Sales,5/9/2023,1
16868,21,31649,-,Female,IT,14/3/2024,4
16869,31,46358,81,Female,Finance,31/5/2024,5
16870,31,47084,NA,Male,Finance,22/10/2024,1
16871,57,26619,46, , ,13/9/2024,5
16872,21,45826,39,Male,IT,27/5/2022,2
16873, ,33338,63,Male,Sales,6/7/2022,4
16874,33,38655,39, ,Finance,25/3/2021,NA
16875,47,52663,18,Male,Sales,22/9/2021,2
16876,61,20139,79,Female,Marketing,15/6/2020,1
16877,40,46612,11,Female,Finance,28/1/2023,2
16878,36,37881,67,Male,Marketing,11/1/2020,*
16879,62,35138,18,Female,NA,16/9/2024,2
16880,59,31602,27,-,Marketing,23/7/2021,1
16881,61,15914,55,Male,IT,8/9/2024,2
16882,*,56571,97,Female,Sales,13/4/2022,4
16883,47,63587,4,Female,Marketing,26/2/2024,5
16884,52,45918,76,Male,HR,9/8/2021,2
16885,47,31172,66,Female,Operations,2/1/2023,2
16886,23,37745,62,Male,Finance,25/4/2024,5
16887,40,46309,61,Female,Marketing,11/11/2024,1
16888,58,38954,61,Male,Finance,12/8/2020,3
16889, ,50321,49,Male,IT,11/11/2023,5
16890,18,39538,22,Female,Sales,27/12/2022,1
16891,61,29137,-,,HR,14/6/2020,1
16892,35,19610,69,Female,IT,15/4/2020,2
16893,56,NA,15,Male,Operations,2/4/2020,2
16894,49,32300,*,Female,-,8/2/2022,3
16895,38,20418,75,Female,IT,18/8/2021,3
16896,44,41236,40,Male,Marketing,16/5/2020,4
16897,36,36513,58,Female,HR,25/7/2021,5
16898,34,38691,49,Male,Finance,5/8/2022,1
16899,46,48059,61,Female,Finance,30/7/2020,5
16900,24,38208,54,Female,,10/2/2020,1
16901,59,36411,79,Male, ,5/12/2020,3
16902,22,53365,56,Male,Finance,13/9/2021,5
16903,56,*,31,Male,Operations,28/12/2021,5
16904,55,29359,17,Female,Marketing,26/3/2021,5
16905,*,30466,23,Male,Sales,29/5/2024,4
16906,52,0,90,Female,Sales,13/10/2024,1
16907,24,25028,7,Female,-,6/4/2020,3
16908,25,-,77,Male,IT,27/1/2021,1
16909,32,47737,16,Male,HR,21/11/2022,4
16910,*,47814,52,Male,IT,4/9/2024,2
16911,20,42448,99,Male,Operations,30/7/2022,5
16912, ,30566,0,Female,Operations,5/5/2023,5
16913,57,27688,88,Male,IT,24/11/2022,3
16914,22,-,6,Female,-,6/5/2021,4
16915,54,39511,80, ,Finance,18/1/2023,1
16916,57, ,*,Female,IT,16/5/2024,2
16917,30,29697,75,Male,HR,10/5/2024,4
16918,33,37969,72,Female,Finance,8/7/2022,4
16919,30,44883,44,Female,Finance,2/6/2021,2
16920,54,45475,67,NA,Marketing,22/11/2021,5
16921,37,33313,52,Female,Operations,4/8/2022,3
16922,26,268758,0,Female,Finance,14/3/2024,1
16923,44,43094,15,Male,IT,14/7/2021,1
16924,36,8578,NA,Male,Sales,27/2/2024,2
16925,26,23076,48,Male,Operations,24/11/2020,3
16926,36,30398,20,Male,Finance,19/11/2021,2
16927,49,40177,0,Male,Marketing,30/12/2023,3
16928,53,27776,29,Female,Operations,10/9/2020,4
16929,35,15827,11,Male,Finance,20/5/2022,1
16930,46,35546,30,Female,-,6/7/2023,4
16931,51,36096,16,,Marketing,23/9/2022,1
16932,23,45583,31,Female,Sales,22/2/2021,3
16933,44,61274,20,Female,Finance,21/6/2023,3
16934,38,45988,96,Female,Marketing,14/4/2021,1
16935,53,44964,27,Female,HR,2/3/2021,1
16936,61,33063,-,Male,Operations,1/11/2024,3
16937,44,0,24,Male,IT,26/10/2023,5
16938,29,31521,18,Male,Operations,26/10/2024,
16939,48,24920,15,Female,Operations,29/11/2022,5
16940,24,33023,36,Female,Operations,8/10/2023,4
16941,40,28754,81,Female,Marketing,12/10/2021,1
16942,29,57930,23,Male,Sales,20/5/2024,3
16943,50,33694,100,Male,Finance,31/5/2020,4
16944,34,43636,92,Male,Marketing,1/1/2024,3
16945,NA,32597,14,Female,Sales,30/7/2021,2
16946,27,24767,70,Male,Operations,7/3/2020,4
16947,*,20477,-,Female,IT,15/10/2021,5
16948,28,9493,12,Male,Finance,9/4/2024,2
16949,37,55353,55, ,IT,26/4/2022,5
16950,50,NA,96,-,Sales,8/3/2022,1
16951, , ,50,Female,Sales,29/11/2020,5
16952,38,45163,93,Male,HR,13/9/2022,2
16953,30,61847,20,Female,Sales,9/9/2020,4
16954,54,37584,61,Female,Operations,19/8/2020,2
16955,50,20153,69,Female,Sales,26/2/2023,5
16956,19,60450,40,Male,Operations,12/8/2021,3
16957,52,39184,-,-,IT,11/12/2023,4
16958,NA,32723,61,,,19/4/2020,3
16959,61,40758,40,Male,Marketing,14/5/2024,2
16960,29,22343,-,Male,Finance,24/2/2024,1
16961,51,45668,73,Female,IT,17/9/2024,2
16962,53,*,31,Male,IT,28/10/2022,2
16963,57,42002,15,Female,IT,21/5/2022,1
16964,40,0, ,Male,Operations,8/11/2024,3
16965,57,39898,-,Female,Operations,25/4/2023,2
16966,63,26387,98,Male,Marketing,5/1/2024,4
16967,23,14079,,Male, ,20/6/2022,5
16968,30,29023,80,Female, ,8/1/2023,3
16969,39,38421,15,Male,Marketing,14/9/2020,2
16970,37,46557,19,,Marketing,14/6/2023,4
16971,18,NA,0,Female,NA,2/11/2021,2
16972,-,37957,0,Male,Sales,21/6/2022,1
16973,50,-,*,Male,Finance,13/10/2023,5
16974,*,50508,-,Male,Finance,2/3/2020,2
16975,32,63702,64,Female,-,15/4/2020,3
16976,40,35200,97,Male,Finance,1/10/2023,4
16977,57,50321,30,Female,Operations,13/3/2024,3
16978,25,51487,71,Male,Finance,5/5/2023,4
16979,42,,18,Male,Marketing,6/2/2024, 
16980,34,53057,72,Female,HR,10/11/2021,3
16981,37,27383,55,Male,NA,13/3/2023,3
16982,49,45955,88,Female,HR,1/11/2020,5
16983,21,40450,36,Male,NA,15/8/2022,5
16984,51,NA,78,-,Sales,4/10/2020,3
16985,39,41641,55,Male,Finance,8/11/2024,1
16986,49,19024,*,Male,Sales,7/12/2020,4
16987,38,9015,60,Male,Marketing,28/6/2022,4
16988,33,32478,81,Male,HR,31/5/2021,2
16989,24,0,43,Female,Operations,3/2/2021,4
16990,52, ,66,Female,HR,14/2/2023,4
16991,25,34038,0,Male,Sales,20/10/2024,2
16992,,9715,2,Female,Sales,25/9/2021,2
16993,28,11104,81,Male,HR,14/5/2021,3
16994,62,25530,4,Male,Sales,24/1/2021,5
16995,53,25938,5,Male,Marketing,27/3/2023,4
16996,30,11787,14,Male,*,29/9/2024,1
16997, ,40641,73,Female,Marketing,3/1/2022,3
16998,61,29792,96,Male,Sales,17/5/2024,4
16999,27,20978,NA,Female,Operations,31/5/2020,4
17000,43,49221,40, ,Operations,5/1/2024,2
17001,26,40507,41,Male,IT,16/2/2021,4
17002,27, ,33,Male,IT,17/5/2024,1
17003,32,24413,19,Female,Marketing,2/9/2021,5
17004,53,25367,78,Male,HR,5/12/2020,5
17005,35,37938,0,Female,IT,25/1/2023,3
17006,19,34726,35,Female,Sales,27/10/2020,5
17007,56,18816,4,Female,Finance,20/12/2022,4
17008,-,26001,63,Female,Sales,14/5/2023,1
17009,28,41843,28,Female,Operations,2/12/2024,2
17010,48,16151,97,Female,Sales,5/6/2024,4
17011,63,-,58, ,Finance,31/5/2020,4
17012,50,21246,25,Female,Sales,29/4/2023,-
17013,33,31498,69,Female,Sales,18/7/2020,2
17014,34,50802,44,Female,Sales,11/10/2020,5
17015,26,39763,51,,Marketing,19/5/2022,5
17016,32,0,77,Female,Operations,19/8/2022,3
17017,43,35117,31,Female,IT,1/9/2020,3
17018,50,37860,81,Female,Marketing,24/6/2021,3
17019,43,24025,38,Female,Sales,5/7/2020,1
17020,25,27242,23,Female,Sales,2/11/2020,3
17021,39,40859,-,Male,Finance,8/9/2023,3
17022,59,35851,35,Male,Sales,19/8/2024,5
17023,36,33174,48,Female,Finance,6/9/2022,2
17024,62,41530,45,Female,IT,22/12/2023,2
17025,42,39474,40,Female,Finance,1/3/2022,NA
17026,62,45199,-,Male,IT,19/8/2022,4
17027,62,21098,52,Female, ,29/10/2022, 
17028,37,14432,*,Female,HR,27/9/2023,2
17029,21,52973,88, ,Marketing,9/6/2023,2
17030,27,*,32,Male,IT,16/3/2021,4
17031,24,43244,49,Female,Sales,11/3/2020,5
17032,24,50162,14,Male,Finance,18/6/2022,4
17033,20,27762,70,Male,HR,18/8/2021,
17034,22,27760,60,Male,IT,17/4/2022,2
17035,21,26147, ,Male,Operations,2/9/2023,4
17036,36,48266,6,-,Operations,14/9/2022,5
17037, ,33065,77,Male,*,10/6/2020,1
17038,20,27709,91,Female,IT,31/7/2021,3
17039,22,37610,6,*,IT,25/11/2021,4
17040,58,51608,56,Female,IT,20/7/2021,5
17041,36,14311,92,Female,IT,30/4/2023,4
17042,48,28094,96,Female,Operations,7/1/2024,3
17043,63,37514,19,Female,Operations,21/5/2020,3
17044,45,31621,52,Female,-,27/8/2022,3
17045,21,43739,7,Male,HR,13/9/2020,1
17046,59,36041,62,Female,HR,31/10/2021,1
17047,31,53947,56, ,Finance,21/2/2023,1
17048,33,44718,82,Male,Marketing,10/3/2022,3
17049,64,40815,70,Female,Sales,30/4/2024,3
17050,*,23464,67,Female,Sales,27/11/2023,5
17051,63,45201,87,Female,Operations,9/8/2023,1
17052,30,16202,86,NA,HR,26/9/2023, 
17053,,41662,5,Female,HR,2/8/2021,2
17054,57,39224,,Male,-,9/5/2023,4
17055,22,51729,*,Male,Operations,23/2/2021,4
17056,45,35067,46,Male,Operations,17/4/2022,5
17057,41,28870,84,Female,Operations,26/3/2021,*
17058,36,50475,69,Female,IT,19/5/2020,2
17059,*,23648,67,Female,Finance,16/9/2023,4
17060,59,43310,40,Male,HR,3/5/2022,3
17061,*,30110,21,NA,Operations,3/3/2021,1
17062,50,28692,13,Male,Finance,4/9/2021,2
17063,27,10503,7,Male,Finance,14/5/2023, 
17064,36,57680,,Male,Finance,31/3/2023,1
17065,33,51170,4,Male,HR,9/4/2023,4
17066,24,28053,81,Male,Finance,15/1/2021,5
17067,30,36984,62,Female,Operations,17/9/2023,1
17068,49,33505,83,NA,Finance,25/8/2020,2
17069,31,33259,22,Female,Sales,3/6/2022,4
17070,50,53781,93,Male,Sales,8/8/2023,5
17071,41,24274,82,Female,Finance,10/3/2022,5
17072,37,27509,45,Male,HR,2/9/2024,1
17073,39,55424,NA,Female,HR,10/12/2022,1
17074,47,17827,79,Male,Marketing,9/5/2020,4
17075,29,32416,54,Female,Sales,2/11/2020,3
17076,53,30968,41,Female,Marketing,24/5/2024,-
17077,42,250681,24,Male,Finance,8/5/2022,2
17078,31,41584,80,Male,Sales,2/1/2023,3
17079,23,43093,14,Female,-,25/7/2022,1
17080,61,23460,29,Female,Sales,5/3/2023,5
17081,57,35027,93,Male,Marketing,27/7/2023,NA
17082, ,49532,83,Male,Operations,2/10/2021,*
17083,22,37056,5,Female,HR,29/10/2024,4
17084,49,44803,0,Female,Sales,7/2/2023,2
17085,27,46689,68,Female,Marketing,2/9/2023,4
17086,53,43801,71,NA,Finance,21/6/2020,1
17087,57,52548,,Female,*,16/2/2023,3
17088,53,25944,100,Female,Marketing,6/9/2022,5
17089,40,52085,68,Female,Operations,16/9/2021,2
17090,-,65675,29,Female, ,25/11/2024,*
17091,18,45861,81,Female,Operations,7/1/2020,1
17092,47,45656,96,Male,Marketing,25/3/2020,1
17093,53,46299,71,Male,IT,21/6/2022,1
17094,45,54629,48,Female,Operations,22/11/2023,1
17095,50,28754,78,Female,Operations,18/5/2024,NA
17096,*, ,58,Male,Sales,26/8/2021,5
17097,64,25217,100,Male,Marketing,12/9/2022,4
17098,*,53368,NA,,*,20/6/2024,2
17099,38,15884,27, , ,25/6/2023,NA
17100,43,*,69,*,Marketing,27/9/2021,3
17101,59,61534,45,Male,Operations,28/9/2022,3
17102,50,19305,58,Female,Marketing,21/3/2020,1
17103, ,30451,98,*,Sales,14/6/2022,4
17104,26,46985,94,Male,HR,7/11/2022,5
17105,53,13459,21,Male,IT,25/4/2021,1
17106,46,40440,82,Male,Finance,22/3/2020,5
17107,49,33463,18,-,Sales,12/3/2021,1
17108,37,*,27,Female,Sales,16/9/2023,3
17109,55,60081,66,Female,Marketing,16/5/2021,1
17110,33,20709,57,Male,Marketing,19/8/2023,5
17111,,45289,41,Male,HR,21/12/2023,
17112,51,32087,11,Male,Marketing,6/3/2023,4
17113,18,25839,61,Male,Sales,9/9/2024,5
17114,44,37606,43,Male,Finance,4/10/2022,2
17115,64,34451,60,Female,Finance,3/9/2021,4
17116,54,30339,69,Male,IT,1/5/2021,2
17117,18,35150,7,Male,Marketing,5/5/2021,2
17118,36,45240,72,Female,Operations,2/9/2024,1
17119,50,8505,34,Female,Finance,1/1/2020,3
17120,49,26623,54,Male,IT,15/1/2022,3
17121,44,26624,,Male,Sales,8/7/2023,3
17122,45,0,98,Female,Sales,26/5/2021,-
17123,41,47160,61,Male,NA,9/10/2021,1
17124,32,31460,97,Male,,10/1/2022,3
17125,-,47479,22,Male,Finance,30/3/2024,2
17126,53, ,37,,Marketing,8/12/2021,2
17127,NA,37239,52,Female,Finance,15/3/2020,1
17128,23,52265,57,-,Marketing,13/9/2020,2
17129,58,35905,NA,Male,Finance,27/7/2022, 
17130,48,35246,69,Female,HR,14/12/2020,1
17131,48,19631,68,Male, ,26/3/2023, 
17132,30,40597,50,Female, ,3/12/2020,5
17133,43,29115,99,Female,IT,22/1/2024,*
17134,25,31871,35,Male,Sales,3/12/2024,4
17135,30,37385,82,Female,HR,3/7/2022,3
17136,42,37657,29,Female,Operations,18/5/2021,3
17137,46,26406,47,Female,HR,8/12/2020,3
17138,,44525,74,Male,Marketing,9/8/2020,3
17139,50,47543, ,Male,IT,27/10/2020,5
17140,57,26746,6,Male,IT,22/3/2020,-
17141,30,46478,49,Male,IT,25/12/2022,4
17142,22,13524,18,Male,NA,10/2/2021,3
17143,49,27891,20,Male,Sales,20/9/2022,4
17144,59,50261,58,Male,Marketing,3/9/2020,3
17145,,28241,52,Female,Operations,6/9/2023,3
17146,59,34075,23,Female,Finance,20/12/2021,1
17147,42,39715,,Female,Sales,1/3/2024,3
17148,20,25433,41,Male,Marketing,18/6/2021,4
17149,46,35447,45,Female,Operations,9/2/2021,3
17150,35,0,99,Female,Operations,28/9/2022,3
17151,39,33421,*,Female,IT,28/2/2020,2
17152,23,32845,37,Male,-,22/1/2022,4
17153,55,14156,100,Male,Operations,16/1/2022,4
17154,57,0,39,Female,IT,11/12/2022,2
17155,23,26721,30,Male,-,13/6/2021,2
17156,41,45878,38,Female,IT,23/6/2024,1
17157,56,38243,65,Female,NA,17/5/2022,1
17158,36,215015,3,Male,IT,20/5/2022,-
17159,64,39737,28,Male,Operations,13/4/2021,4
17160,49,31785,83,Male,Finance,12/6/2021,5
17161,46,42255,98,Male,Marketing,14/2/2023,2
17162,28,37843,45,Male,IT,18/9/2020,1
17163,64,0, ,Male,Marketing,11/8/2020,5
17164,40,43969,-,Female,Marketing,5/4/2022,1
17165,*,NA,79,Male,Sales,20/12/2023,3
17166,61,40423,20,Female,HR,4/8/2023,5
17167,63,34645,51,Female,,12/2/2023,4
17168,61,,56,Female,IT,30/8/2022,3
17169,36,28983,26,*,-,24/6/2021,4
17170,20,10636,20,Female,IT,27/9/2023,2
17171,,33241,90,Female,Finance,3/9/2021,2
17172,32,56226,91,Female,Finance,8/5/2023,3
17173,26, ,40,Male,,26/8/2023,3
17174,21,38080,78,*,Marketing,23/2/2024,1
17175,51,NA,69,Male,,5/6/2024,1
17176,49,43915,82,Female,Finance,29/1/2022,4
17177,53,50772,33,Male,Finance,15/2/2022,3
17178,42,29412,28,Male,IT,4/7/2021,1
17179,*,-,82,Male,Finance,30/6/2020,3
17180,43,54916,69,Female,Finance,7/8/2024,2
17181,23,36985,82,Female,*,2/10/2020,2
17182,61,44820, ,Male,Finance,23/10/2023,1
17183,NA,54116,68,Female,IT,6/12/2021,3
17184,21,29488,59,Female,Operations,12/3/2024,4
17185,38,56645,44,Male,HR,3/1/2020,-
17186,32,44444,26,Female, ,12/12/2023,5
17187,33,49382,58,Male,IT,7/4/2024,2
17188,22,0,73,Female,Sales,23/7/2024,3
17189,59,27403,79,Male,Finance,3/4/2022,4
17190,32,41079,30,Male,Operations,8/6/2020,4
17191,59,40473,4,Female,HR,18/2/2023,3
17192,21,31257,37,Male,Finance,15/5/2021,5
17193,57,36320,7,Male,IT,28/8/2024,1
17194,63,36497,34,Male,IT,18/8/2024,5
17195,41,30350,10,,,8/11/2022,*
17196,53,18853,69,Female,Finance,20/10/2020,2
17197,46,51212,20,Male,Finance,21/8/2021,4
17198,46,38366,88,Female,Finance,19/6/2021,4
17199,57,39470,87,Male,Sales,31/5/2021,1
17200,42,*,80,Male, ,18/1/2023,-
17201,51,50625,22,,Operations,20/10/2024,1
17202,54,*,61,Female,Finance,31/12/2022,5
17203,23,21834,14,Male,IT,13/4/2020,4
17204,60,41241,NA,Male,HR,16/4/2023,1
17205,52,46158,97,Male,Sales,13/4/2020,-
17206,47,42041,28,Female,Finance,10/2/2023,5
17207,18,44450,99,Male,Sales,20/3/2021,5
17208,61,15964,80,Female,Finance,19/6/2020,1
17209,28,24786,78,Male,Finance,18/10/2024,2
17210,42,39327,83,*,Sales,15/8/2024,3
17211,54,30105,42,Male,HR,27/8/2021,3
17212,42,55653,76,Female,Marketing,10/3/2024,5
17213,*,42260,*,Male,*,9/12/2021,5
17214,45,37487,5,Male,Sales,16/11/2021,2
17215,34,32664,87,Female,-,27/2/2022,4
17216,22,NA,73,Male,Sales,2/8/2022,4
17217,38,35700,0,Female,Sales,23/1/2022,2
17218,48,34592,11,Male,Operations,4/3/2021,3
17219,38,16671,64,Male,Marketing,22/8/2021,2
17220, ,22102,90,*,Marketing,26/7/2022,2
17221,43,54172,10,Male,Sales,16/2/2021,1
17222,*,,36,*,Operations,11/6/2022,5
17223, ,42574,8,Male,Marketing,23/12/2023,3
17224,31,0,8,Female,Operations,3/5/2022,3
17225,56,28674,69,Female,HR,23/6/2020,3
17226,-,35314,64,Female, ,18/7/2020,1
17227,64,48155,71,Female,IT,3/7/2022, 
17228,28,32720,74,Female,Sales,4/7/2020,5
17229,-,44985,74,Male,IT,20/6/2024,1
17230,29,38886,84,Male,Marketing,18/2/2021,5
17231,44,41341,24,Female,Marketing,28/5/2022,5
17232,21,34788,57,-,Finance,29/1/2020,2
17233,39,21292,17,Male,IT,31/1/2021,1
17234,45,NA,66,Female,Operations,23/5/2023,5
17235,*,34605,22,Male,HR,18/7/2021,1
17236,20,27295,90,Female,Operations,21/8/2022,5
17237,26,49512,98,Female,-,17/4/2024,1
17238,42,45892,38,Female,IT,7/7/2020, 
17239,64,49204,57,Female,Operations,7/4/2022,4
17240,40,47687,81,NA,HR,16/7/2022,NA
17241,59,29689,8,Male,HR,11/6/2022,2
17242,30,41890,26,Male,*,15/11/2022,3
17243,19,37400,35,Female,Sales,24/11/2021,3
17244,18,27567,17,Female,Finance,10/10/2022,1
17245,36,41129,NA,,Operations,4/5/2024,1
17246,35,6840,39,Male,Operations,4/2/2021,1
17247,64,*,97,Male,IT,10/1/2020,5
17248,27,30642,93,Female,Sales,3/7/2023,2
17249,36,12403,64,Female,Sales,13/8/2024,2
17250,58,36658,17,Female,Sales,22/8/2023,
17251,18,34335,47,Female,Marketing,17/10/2022,4
17252,52,43147,-,Male,IT,24/12/2021,1
17253,36,22594,16,Female,-,31/7/2024,5
17254,44,34473,21,Male,Marketing,16/1/2024,1
17255,64,30862,66,Female,Operations,24/6/2023,2
17256,57,48193,*,Female,Finance,27/11/2020,1
17257,57,15530,47,Male,IT,4/2/2020,1
17258,60,46924,83,Male, ,5/12/2023,1
17259,19,47191,0,Male,Sales,31/7/2022,2
17260,52,-,86, ,Finance,8/3/2021,2
17261,45,19126,98,Female,IT,25/10/2021,4
17262,56,*,31,Female,Marketing,11/12/2021,1
17263,28,35869,60,Female,Sales,8/10/2020,3
17264,19,32680,85,Female,Operations,30/11/2020,1
17265,44,36215,29,Male,Finance,25/2/2023,3
17266,33,27102,11,Male,Marketing,15/6/2023,5
17267,45,13795,49,Female,Operations,25/3/2024,4
17268,-,NA,50,Female,Operations,15/4/2024,1
17269,57,38635,53,Male,IT,4/2/2023,2
17270,33,10029,46,Male,Finance,5/5/2022,5
17271,-,37596,15,Female,Sales,24/3/2021,2
17272,25,18892,84,NA,HR,28/5/2020,3
17273,59,0,75,Female,IT,26/3/2022,
17274,*,6047,73,Female,HR,21/2/2023,
17275,42,38545,40,Male,Marketing,3/4/2020, 
17276,46,52397,59,Female,Finance,11/4/2023,3
17277,38,18500,11,Female,Operations,12/10/2020,2
17278,35,17483,9,Male,Operations,26/5/2021,4
17279,51,19204,15,Male,IT,5/1/2021,3
17280,20,36347,23,Female,Operations,1/11/2020,4
17281,34,32518,5,Male,Finance,25/7/2023,1
17282,59,25570,26,Male,Finance,20/8/2022, 
17283,51,35320,96,Female,Sales,8/11/2024,5
17284,35,37108,7,Female,IT,28/6/2020,4
17285,49,31579,91,Male,Operations,23/7/2020,2
17286,44,23700,14,Female, ,15/6/2024,2
17287,31,36632,0,Female,NA,20/3/2021,1
17288,30,16834,36, ,IT,1/11/2022,-
17289,39,84635,3,Female,IT,6/9/2023,5
17290,24,35173,67,Female, ,19/2/2024,2
17291,21,28022,27,Male,Marketing,5/10/2022,5
17292,48,0,96,Female,Marketing,28/9/2021,4
17293,50,39025,54,Female,IT,26/11/2023,3
17294,51,26216,67,Male,Finance,29/10/2024,2
17295,22,54494,88,Male,-,14/4/2021,4
17296,21,36791,83,Male,HR,1/8/2024,2
17297,61,0,32,,Marketing,15/5/2022,3
17298,37,32220,68,Male,,16/4/2022,2
17299,18,53280,93,Female,NA,10/12/2020,5
17300,28,39273,4,Male,Finance,14/10/2022,4
17301,33,53087,50,Male,Finance,22/3/2024,5
17302,59,23510,53,Male,HR,31/12/2021,NA
17303,34,9329,23,Male,Marketing,18/11/2021,5
17304,43,26464,99,Female,Marketing,4/8/2022,2
17305,42,37794,23,Female,Operations,24/12/2020,1
17306,62,50150,86,Male,,9/1/2024,4
17307,60,36943,67,Female,-,27/5/2023,2
17308,37,30229,38,Male,*,23/5/2021,2
17309,-,25113,85,Female,HR,6/9/2021,5
17310, ,34994, ,Male,Finance,31/1/2020,2
17311,61,21817,9,Female,Sales,19/5/2021,-
17312,,30148,71,Female,IT,23/8/2020,*
17313,32,39497,92, ,Finance,28/10/2021,2
17314,42,41201,32,Female,Finance,24/1/2020,1
17315,57,40081,NA,NA,Finance,11/7/2022,5
17316,33,37776,33,Male,Finance,28/6/2024,
17317,56,31559,78,-,HR,28/4/2021,2
17318,63,41702,19,Male,Finance,3/6/2024,1
17319,54,40956,69,Male,HR,5/5/2024,3
17320,35,32821,33,Female,Marketing,29/1/2024,2
17321,39,13915,70,Male,Marketing,28/3/2022,2
17322,50,34667,NA,Female,Marketing,7/2/2024,4
17323,21,56231,33,Female,IT,18/5/2023,1
17324,18,43642,30,Male,IT,6/10/2020,3
17325,41,28579,24,Female,,26/2/2023,5
17326,24,30461,2,Male,*,14/7/2024,
17327,28,20319,66,Female,*,31/3/2023,
17328,33,45945,62,Male,Marketing,26/7/2022,4
17329,31,56959,40,Male,IT,22/4/2021,2
17330,55,32854,90,Female,Operations,9/11/2021,2
17331,26,27726,79,Male,Sales,25/3/2020,2
17332,60,41714,0,Female,IT,3/1/2021,5
17333,24,35549,65,Female,NA,28/9/2021,5
17334,37,31966,46,Female,Marketing,20/4/2021,2
17335,45,43139,49,Female,IT,12/2/2023,3
17336,34,44518,49,Female,Operations,24/4/2024,4
17337,NA,18614,79,*,Finance,17/7/2021,4
17338,52,,76,Female,Finance,1/3/2023,3
17339,55,40789,89,Female,Sales,30/1/2021,1
17340,47,42793,0,Female,HR,2/12/2024,3
17341,35,39206,87,Female,Finance,12/4/2022,4
17342,57,35514,88,Male,Sales,18/3/2023,4
17343,29,-,92,Female,IT,17/5/2021,-
17344,49,52523, ,Male,Finance,19/3/2022,2
17345,60,57683,44,Female,HR,25/3/2020,5
17346,59,62452,30,Male,Finance,7/9/2023,3
17347,44,NA,2,Male,IT,5/3/2024,5
17348,60,44820,94,Male,Sales,6/12/2022,-
17349,49,32698,88,Female,Marketing,12/4/2020,2
17350,26,54689,3,Male,*,19/11/2024,1
17351,36,36174,63,Male,,20/9/2024,2
17352,43,40334,97,Female,IT,1/7/2021,5
17353,38,44757,94,Male,Sales,21/1/2024,1
17354,54,36749,95,Female,IT,2/7/2022,4
17355,27,34223,54, ,Operations,29/4/2024,1
17356,60,11225,62,Female,HR,23/11/2024,4
17357,60,41752,32,Male,Marketing,28/5/2021,*
17358,35,24980,22,Female,IT,28/9/2021,1
17359,32,18061,87,Female,IT,29/4/2024,1
17360,33,13460,80,Male,Marketing,5/9/2023,5
17361,27,36764,75,Male,IT,16/11/2020,1
17362,47,37985,13,Female,HR,30/4/2020,1
17363,63,15236,0,Male,Finance,20/10/2020,3
17364,56,32155,32,Male,HR,25/5/2023,3
17365,37,34483,0,Female,Operations,23/1/2020,1
17366,58,25425,17,NA,Finance,2/10/2021,3
17367,54,40368,30,Female,Marketing,27/1/2021,3
17368,39,54081,100,Female,Sales,24/8/2022,5
17369,36,*,11,*,Sales,25/2/2023,1
17370,20,47753,97,Male,Marketing,11/1/2022,-
17371,21,12316,15,Male,Finance,30/11/2021,3
17372,46,,65,Male,Operations,15/11/2023,5
17373,46,51212,36,Male,Operations,2/4/2023,1
17374,50, ,54,Male,Finance,1/5/2022,1
17375,45,42430,68,Male,Finance,23/5/2024,4
17376,40,29473,26,Female,HR,23/2/2020,3
17377,,40780,50,Female,*,22/10/2022,5
17378,23,26287,26,Female,IT,20/3/2021,5
17379,42,26619,86,Female,Sales,28/10/2022,2
17380,55,38448,5,Male,Sales,7/4/2022,5
17381,49,63620,45,Female,Finance,12/8/2024,4
17382,36,35682,14,Female,HR,10/2/2024,3
17383,48,34709,45,Female,HR,15/1/2020,*
17384,55,-,72,Female,HR,21/3/2023,3
17385,52,42382,43,Female,Finance,5/1/2022,-
17386,29,198297,83,Female,Finance,23/3/2021,4
17387,55,39794,58,Female,Marketing,4/5/2024,5
17388,43,NA,11,Female,HR,21/10/2022,5
17389,40, ,8,Female,Finance,22/1/2020,4
17390,52,32717,76,Female,IT,10/10/2021,5
17391,54,-,59,Male,NA,21/12/2021,1
17392,,35765,94,Female,HR,23/5/2024,3
17393,57,23436,43,Female,Sales,27/10/2023,4
17394,55,46249,92,Male,HR,25/4/2020,4
17395,*,27638,98,Male,Marketing,31/10/2024,4
17396,21,31935,35,Female,Finance,4/11/2024,2
17397,58,35723,67,Male,HR,20/5/2023,2
17398,54,*,50,Male,HR,23/2/2020,2
17399,30,49442,15,NA,HR,2/4/2024,4
17400,48,45692,34,Female,IT,19/9/2022,3
17401,60,24897,96,Male,IT,13/3/2021,2
17402,NA,53353,24,Male,Marketing,25/4/2022,1
17403,40,34855,52,Male,Operations,21/12/2023,1
17404,52, ,28,Female,HR,27/2/2021,5
17405,47,58118,51,Male,Sales,20/2/2023,*
17406,25,46602,89,Female,Marketing,21/5/2020,4
17407,50,44721,38,Female, ,17/6/2022,5
17408,56,34261,8,Male,Marketing,21/10/2020,2
17409,,32395,*,Female,Sales,19/4/2022,1
17410,62,56080,6,Female,IT,12/9/2020,2
17411,23,27644,,Male,Finance,19/6/2024,3
17412,56,40494, ,Male,IT,6/9/2022,1
17413,32,35426,41,Male,IT,23/1/2024,2
17414,55,34850,74,Female,Finance,30/7/2020, 
17415,57,,69,Male,Marketing,6/2/2022,5
17416,54,25454,91,Male,HR,12/5/2021,2
17417,36,11904,80,Female,Marketing,8/5/2022,5
17418,41,62978,76,Female,Sales,3/3/2024,3
17419,56,,47,Male,Operations,14/1/2022,5
17420,30,43488,-,Female,HR,25/11/2023,3
17421,NA,62142,24,Male,Finance,29/9/2024,1
17422,58,36036,0,Female,Operations,26/12/2022,3
17423,51,23528,10,Female,Operations,23/12/2020,1
17424,24,34596,96,Male,Marketing,2/2/2023,5
17425,41,0,16,Male,HR,13/7/2022,NA
17426,32,31831,-,Male,Operations,5/6/2023,5
17427,18,30171,17,Female,Marketing,15/6/2021,3
17428,56,45585,70,Male,IT,13/3/2020,3
17429,60,38865,73,Male,HR,21/12/2022,3
17430,40,0,11,NA,,19/10/2021,5
17431,38,,46,Female,IT,15/1/2023,1
17432,35,43515,94,Male,Finance,15/12/2023,4
17433,62,31593,44,*,IT,10/5/2021,3
17434,30,23703,44,Female,Finance,15/2/2020,5
17435,57,42426,58,NA,Finance,2/4/2024,4
17436,34,37073,99,Male,HR,5/8/2023,1
17437,53,45210,,Male,Finance,14/4/2020,2
17438,20,43366,28,Female,Marketing,27/8/2020,1
17439, ,*,34,Female,-,30/5/2021,4
17440,36,32148,96,Male,HR,3/3/2022,5
17441,23,43528,10,NA,IT,27/3/2022,4
17442,46,,100,Male,IT,2/12/2020,3
17443,42,0,63,Male,Finance,10/4/2024,4
17444,44,43342,71,NA,HR,17/3/2021,3
17445,24,28014,39,Female,Marketing,24/2/2020,5
17446,NA,28445,73,Female,HR,27/5/2021,2
17447,38,29841,80,Female,Operations,19/6/2020,2
17448,45,-,63,Female,Sales,12/8/2020,3
17449,61,62868,,Male,Finance,6/11/2020,3
17450,22,51736,14,Female,Finance,28/2/2023,5
17451,38,35293,32,Female,Sales,9/4/2022,2
17452,-,13943,-,Male,,30/12/2021,4
17453,-,48470,77,-,IT,5/12/2020,5
17454,18,24342,3,Female,HR,2/12/2021,1
17455,18,16629,50,,Marketing,6/6/2022,5
17456,58,29252, ,Male,IT,3/10/2024,4
17457,24, ,23,Male, ,25/2/2023,
17458,43,24648,21,-,Finance,23/6/2024,3
17459,64,36881,20,Female,Finance,14/10/2020,4
17460,60,38716,84,Male,Marketing,23/8/2020,4
17461,50,47967,48,Female,,24/2/2020,3
17462,39,32605,95,Male,IT,1/10/2024,4
17463,46,48390,42,Male,Marketing,7/3/2022,1
17464,18,29907,35,Male,,3/4/2023,4
17465,48,32414,44,Male,Finance,15/6/2020,4
17466,20,4465,87,Male,IT,3/5/2023,1
17467,18,32756,16,*,Marketing,15/7/2024,3
17468,29,35667,1,-,NA,9/4/2022,1
17469,52,36812,49,Female,Finance,12/7/2021,2
17470,48,28220,*,NA, ,17/11/2023,
17471,43,25933,65,Male,Marketing,22/12/2023,1
17472,47,33266,50,Male,Sales,1/6/2020,3
17473,18,30838,85,Male, ,29/5/2022,4
17474,30,20631,69,Female,Operations,19/10/2021,2
17475,58,28740,65,Female,Marketing,30/10/2021,5
17476,57,45396,23,Female,Sales,18/9/2020,3
17477,28,48983,0,Female,HR,5/3/2021,4
17478,34,56244,41,*,Marketing,19/3/2023,4
17479,41,36234,39,Female,Sales,23/9/2021,1
17480,53,34179,8,Male,HR,26/3/2024,2
17481,35,25933,50,Male,HR,24/10/2022,4
17482,38,28108,,Female, ,18/10/2024,2
17483,53,20686,-,NA,Marketing,31/1/2024,4
17484,36,55481,77,Female,Finance,19/11/2022,5
17485,21,NA,12,Female,Marketing,12/9/2021,1
17486,21,*,25,Female,Finance,6/11/2023,3
17487,31,59067,56,Female,Sales,5/8/2021,1
17488,36,34860,13,Female,IT,16/6/2024,1
17489,34,33906,18,Male,Marketing,13/12/2022,2
17490,59,31195,55,Male, ,7/1/2023,4
17491,53,34571,70,*,Marketing,17/6/2022,
17492,63,37929,88,Male,IT,17/5/2024,-
17493,28,26449,26,Female,Finance,15/7/2024,2
17494,55,42941,12,Male,Finance,7/2/2020,3
17495,35,28443,98,Male,IT,8/1/2020,NA
17496,25,48166,15,Female,HR,16/1/2024,5
17497,64,36102,3,Male,IT,7/6/2023,4
17498,56,18890,26,Male,IT,8/11/2024,*
17499,34,46162,,Male,HR,8/2/2020,1
17500,-,39347,92,Male,Sales,20/12/2020,3
17501, ,35534,88,Male,Operations,23/9/2020,2
17502,20,33549,65,Male,Sales,4/10/2021,*
17503,53,52940,69,Female,Sales,24/7/2024,5
17504,60,8971,16,Female,HR,30/12/2021,3
17505,20, ,38,,Sales,8/5/2020,1
17506,*,57094,14,Male,HR,30/3/2021,1
17507,27,17815,55,-,IT,18/2/2020,1
17508,33,46617,50,Male,IT,20/5/2021, 
17509,57,17902,72,Female,Operations,3/8/2021,4
17510,57,31569,0,Male,Operations,25/10/2020,2
17511,26,*,66,Male,IT,11/5/2024,5
17512,63,43086,55,*,HR,9/1/2023,3
17513,22,41639,41,Male,IT,10/3/2023,4
17514,56,0,15,Male,HR,28/1/2023,3
17515,22,35904,48,Male,IT,16/8/2022,3
17516,18,29235,2,Female,Marketing,15/4/2024,3
17517,NA,38009,60,Female,HR,25/8/2023,5
17518,24,33225,23,Female,Sales,3/6/2024,*
17519,50,34593,10,Female, ,30/9/2021,1
17520,59,33358,68,Female,Sales,3/12/2022,1
17521,-,45930,48,Male,Sales,2/9/2022,2
17522,27,50796,10,Male,HR,6/10/2021,5
17523,26,41331,6,Female,Marketing,14/10/2022,5
17524,34,28959,88,Female,IT,11/10/2022,3
17525,43,58830,32,Male,Finance,25/10/2021,1
17526,30,32880,46,Female,Sales,3/6/2024,5
17527,51,24533,0,Male,IT,27/9/2024,5
17528,41,31885,95,Male,Finance,15/11/2022,1
17529,49,34493,92,Female,IT,20/11/2020,4
17530,29,29206,100,*,Marketing,7/10/2023,
17531,28,NA,,Male,Finance,25/10/2020,4
17532,38,47623,84,Female,Sales,13/8/2023,2
17533,39,,99,Male,HR,30/7/2020,2
17534,,NA,40,Male,Sales,26/11/2023,3
17535,59,40561,-,Male,IT,10/8/2021,3
17536,55,35336,73,Female,*,27/10/2023,4
17537,35,45046,,Female,Operations,30/6/2022,2
17538,22,42384,98,Female,Operations,6/12/2021,4
17539,24,52634,95,Male,IT,16/11/2024,1
17540,36,27302,17,,Sales,27/6/2020,4
17541,46,-,2,Female,HR,13/4/2024,3
17542,53,NA,62,Male,Finance,7/12/2021,1
17543,38,41628,37,Female,IT,23/7/2023,2
17544,47,29425,98,Female,IT,28/3/2024,1
17545,62,45764,100,Female,Sales,10/12/2022,1
17546,64,27616,12,Male,-,14/5/2021,3
17547,52,18590,6,Female,Finance,18/1/2024,1
17548,51,40394,55,Female, ,17/6/2022,3
17549,26,29891,15,Male,Sales,2/12/2023,2
17550,51,44817,-,Male,Marketing,30/7/2023,4
17551,56,47409,18,Female,,21/1/2024,3
17552,37,34823,74,Male,Sales,23/6/2022,4
17553,55,49676,88,Female,HR,4/8/2024,1
17554,22,38342,78,Female,-,17/4/2021,2
17555,56,33979,71,Male,HR,2/9/2021,4
17556,49,45304,91,Female,IT,4/6/2021,3
17557,28,44048,17,,Sales,24/9/2023,2
17558,28,16638,91,Male,IT,16/12/2022,1
17559,59,0,49,Male,IT,17/9/2020,3
17560,45,28062,79,Male,IT,28/10/2021,3
17561,45,56217,25,Male,Finance,11/1/2021,5
17562,39,32990,78,Male,Marketing,5/6/2024,3
17563,47,43143,21,Male,IT,16/1/2020,3
17564,49,56139,48,Female,HR,15/1/2022,2
17565,58,39997,78,Male,Sales,31/7/2021,-
17566,37,27877,41,Female,Finance,1/3/2022,5
17567,59,-,1,Male,Finance,4/9/2020,3
17568,19,18622,33,Male,Marketing,9/6/2021,4
17569,56,NA,87,Female,Operations,25/8/2023,2
17570,47,40774,51,Male,Sales,16/11/2023,5
17571,26,43255,32,Male,Operations,21/5/2020,5
17572,49,44366,13,Male,HR,10/1/2020,1
17573,NA,35710,75,Male,Marketing,3/9/2023,5
17574,37,40925,1,Female,Finance,15/7/2020,2
17575,50,40447,84,Male,IT,9/5/2020,-
17576,19,32400,48,Male,Marketing,9/3/2022,2
17577,22,0,27,Male,HR,24/3/2022,4
17578,27,22758,37,NA,Operations,17/3/2022,1
17579,40,39735,71,Female,Marketing,24/7/2024,3
17580,21,23670,60,Female,Finance,29/6/2021,3
17581,26,18608,*,Male,Marketing,10/5/2023,1
17582,22,18114,40,Male,Finance,27/9/2020,1
17583,47,38338,85,Female,Marketing,15/9/2020,3
17584,47,26875,82, ,HR,11/9/2020,3
17585,37,39366,13,Male,IT,19/9/2020,4
17586,59,13545,86,Female,Marketing,28/7/2020,2
17587,62,36697,18,Male,Operations,22/1/2023,3
17588,26, ,22,*,Sales,23/11/2023,3
17589,-,21685,58,*,NA,7/10/2023,2
17590,44,31497,,Male,Sales,15/2/2020,-
17591,29,33551,84,Male,Finance,26/4/2024,5
17592,40,32406,37,Female,Finance,29/12/2023,2
17593,47,37876,20,Female,Operations,23/7/2023,*
17594,42,20500,7,Male,Operations,30/3/2024,5
17595,57,27567,82,Female,IT,4/8/2021,3
17596, ,35123,71,Male,Finance,9/4/2022,-
17597,35,35003,2,Female,,25/1/2021,1
17598,38,50622,42,Male,IT,14/5/2024,3
17599, ,34477,28,Male,Sales,18/7/2023,5
17600,42,41934,74,Female,Operations,1/7/2024,1
17601,51,54382,53,Male,NA,27/6/2023,3
17602, ,29553,,Male,HR,24/5/2021,1
17603,57,28763,63,Female,Finance,12/10/2020,4
17604, ,34000,45,Female,Operations,14/4/2022,4
17605,41,33384,37,Female,-,19/5/2022,5
17606,48,0,52,Male,IT,28/1/2023,5
17607,59,36353,50,Male,Marketing,5/12/2023,2
17608,29,27216,71,Female, ,3/4/2022,1
17609,29,39935,5,Male,IT,22/1/2024,5
17610,57,NA,84,Male,Operations,22/4/2023,
17611,42,11995,0,Male,Marketing,25/2/2020,1
17612,64,43315,33,Female,Operations,5/7/2023,*
17613,49,66802,93,Male,Finance,6/4/2024,4
17614,28, ,4,Male,,7/3/2024,4
17615,56,47890,0,Male,Sales,20/3/2020,3
17616,51,34591,7,Male,Marketing,29/5/2021,5
17617,55,51046,26,Female,*,8/9/2023,1
17618,22,33540,27,Male,IT,30/4/2023,5
17619,26,23518,31,Female,IT,19/12/2020,5
17620,45,29584,36,Male,IT,15/9/2021,3
17621,29,33236,90,Female,Sales,19/5/2024,3
17622,46,41743,89,Female,,19/11/2024,3
17623,62,38653,14,Female,IT,13/5/2022,3
17624, ,28538,93,Female,Finance,7/10/2023,3
17625,32,26469,45,Female,Marketing,6/5/2023,1
17626,*,28838,96,Female,-,25/4/2023,5
17627,28,24340,31,Male,HR,27/2/2024,2
17628,47,37068,64,Female,Sales,6/7/2021,2
17629,54,33898,43,Male,Marketing,29/1/2020,
17630,44,32125,8,Female,IT,28/11/2024,2
17631,48,52163,37,Male,Finance,7/3/2024,2
17632,25,44782,0,Female,HR,22/6/2020,1
17633,49,36455,96,*,IT,27/9/2022,4
17634,48,47385,13,Female,Sales,4/11/2021, 
17635,61,15613,53,*,Marketing,13/10/2024,3
17636,42,53504,16,Female,IT,9/4/2024,3
17637,28,45022,98,Female,Marketing,28/2/2024,1
17638,25,28085,60,Female,-,25/9/2021,2
17639,28,29346,99,-,HR,14/9/2020,4
17640,19,33605,86,Female,IT,24/7/2022,4
17641,25,45540,66,Male,IT,4/6/2020,1
17642,41, ,27,Male,HR,31/1/2024,3
17643,63,10973,1,Male,HR,18/2/2022,4
17644,33,-,48,Female,-,8/1/2021,5
17645,50,33244,99,Female,Sales,4/12/2021,4
17646,45, ,67,Male,NA,7/6/2020,1
17647,63,57958,25,Female,HR,2/8/2024,4
17648,23,32302,93,*,HR,7/10/2024,NA
17649,64,36959,27,Female,Marketing,21/8/2023,3
17650,45,13214,75,Male,Marketing,13/2/2022,
17651,30,21625,,Male,Marketing,5/2/2020,3
17652,23,25723,51,Female,Marketing,10/7/2024,3
17653,41,26420,41,Male,Marketing,2/5/2021,1
17654,*,32982,11,Male,Sales,23/9/2021,3
17655,47,33042,78,Female,HR,28/2/2021,1
17656,*,46895,49,Male,Sales,5/3/2022,3
17657,47,35682,77,Male,HR,30/12/2020,3
17658,44,45223,0,Male,Finance,30/9/2024,3
17659,27,41644,25,-,Sales,6/2/2020,
17660,49,-,*,Male,Finance,7/11/2022,5
17661,35,27494,6,Female,Marketing,4/2/2024,*
17662,53,32867,24,*,Sales,31/3/2023,5
17663,34,40927,54,Male,Finance,10/6/2024,5
17664,38,31258,9,Female,Marketing,26/6/2020,3
17665,25,30543,63,Male,Marketing,28/8/2024,3
17666,NA,32135,32,Female,HR,4/3/2020,3
17667,40,23331,77,Female,HR,14/2/2023,
17668,52,37144,91,Female,Marketing,14/1/2024,3
17669, ,30027,65,Male,Marketing,24/3/2021,3
17670,37,,48,Female,Sales,23/9/2020,1
17671,59,60764,69,Male,Sales,31/1/2023,4
17672,47,NA,6,Female,Marketing,19/2/2023,3
17673,33,59709,11,Male,HR,26/3/2021,4
17674,,26907,55,Male,Sales,14/10/2024,3
17675,55,30967,59,Male,Operations,15/10/2022,5
17676,27,36487,29,Male,HR,15/9/2024,3
17677,49,23553,100,Female,IT,5/12/2022,4
17678,25,24518,11,Male,Operations,14/5/2024,*
17679,48,40101,60,Female,Marketing,19/11/2021,2
17680,47,13595,15, ,Operations,18/3/2020,4
17681,26,19766,82,Female,Marketing,3/9/2021,4
17682,,44358,95,Female,Sales,31/3/2021,3
17683,34,69175,*,Female,IT,18/7/2023,5
17684,40,17903,91,Male,Finance,3/10/2021,
17685,38,29763,37,Male,Marketing,6/2/2022,2
17686,46,33372,58,Female,Finance,24/6/2022,5
17687,28,45807,56,Male,HR,27/3/2020,4
17688,32,16084,52,Female,HR,2/5/2024,2
17689,42,33118,49,Male,HR,20/10/2021,-
17690,20,27315,39,Male,Operations,30/5/2020,5
17691,38,227975,57,Male,IT,4/12/2021,-
17692,23,34820,69,Male,IT,11/1/2021,3
17693, ,, ,Female,IT,13/8/2021,2
17694,64,42935,94,Female,Finance,7/12/2023,3
17695,26,19946,68,Male,Sales,14/5/2020,2
17696,33,22492,12,Male,Marketing,6/9/2020,5
17697,30,7352,69,Male,Finance,22/5/2020,1
17698,51,21289,80,Male,Marketing,30/10/2023, 
17699,23,47430,37,Female,IT,23/10/2024,5
17700,58,26985,27,Female,Finance,21/2/2021,3
17701,44,48709,47,Male,Operations,3/2/2024,4
17702,39,46058,63,Male,IT,1/11/2022,2
17703,31,31822,27,Female,Finance,16/9/2020,4
17704,47,40880,12,Male,Sales,24/2/2020,1
17705,34,34002,47,Female,Finance,23/3/2020,4
17706,34, ,24,Male,Operations,14/1/2021,3
17707,36,21895,6,Female,IT,31/1/2024,5
17708,23,*,75,Female,IT,11/6/2023,5
17709,36,46770,10,Male,Finance,3/5/2021,2
17710,27,-,60,Male,IT,8/1/2023,3
17711,27,48276,0,Male,Marketing,25/3/2021,4
17712,40,16170,57,Female,Finance,19/5/2022,4
17713,62,0,38,Female,Sales,8/5/2022,1
17714,61,36325,68,Female,Operations,24/12/2023, 
17715,44,44283,28,Male,Operations,16/1/2023,1
17716,31,33524,60,Female,Finance,19/11/2022,5
17717,63,41338,94, ,*,26/3/2023,5
17718,57,29142,77,Male,Sales,7/9/2023,5
17719,45,29910,35,Male,HR,26/8/2021,1
17720,35,41457,63,*,Operations,15/8/2020,4
17721,28,33564,93,Female,Operations,21/3/2022,1
17722,53,37944,55,Male,HR,22/4/2022,5
17723,45,34750,NA,Female,Finance,16/2/2020,1
17724,34,21075,58,Male,HR,5/3/2022,2
17725,52,42826,91,Female,IT,25/5/2021,-
17726,22,25573,3,Female,Finance,1/2/2021,3
17727,28,59990,0,Female,Sales,2/8/2023,3
17728,47,40794,15,Male,HR,23/5/2020,-
17729,60,45220,77,Female,Operations,5/4/2023,3
17730,27,35222,31,Male,Finance,5/11/2023,2
17731,35,33850,73,Female,Finance,1/3/2022,2
17732,60,39617,29,Female,Operations,24/9/2024,1
17733,-,50088,7,Male,Operations,31/5/2021,3
17734,49,42592,80,Male,Finance,16/2/2021,3
17735, ,64126,28,Male,Finance,9/11/2023,1
17736,53,38983,78,Male,HR,17/6/2020,1
17737,52,52682,17,Female,Marketing,10/1/2024,5
17738,22,26727,12,Female,Finance,21/10/2022,5
17739,50,49227,98,-,Sales,2/9/2023,3
17740,50,36031,26,Female,Marketing,4/3/2024,1
17741,36,*,38,Female,*,30/7/2023,1
17742,53,32805,94,Female,Finance,6/1/2021,2
17743,48,*,4,Male,HR,29/3/2022,2
17744,40,23591,3,Female,Marketing,5/1/2024,3
17745,-,56649,18,Female,Sales,25/6/2020,4
17746,32,0,66,Male,Sales,27/4/2024,2
17747,36,34695,14,Male,Finance,13/1/2023,1
17748,41,NA,33,Female,Operations,18/12/2020,1
17749,52,-,38,Male,Finance,24/3/2020,3
17750, ,33103,44,Female,Sales,27/10/2021,5
17751,59,42598,37,Male,Sales,9/8/2021,4
17752,26,37604,1,Male,HR,8/12/2022,3
17753,53,39587,69,Female,-,18/6/2021,3
17754,57,33674,76,Male,IT,10/6/2023,4
17755,48,39082,14,Female,Sales,12/2/2022,2
17756,55,34061,25,Female,HR,16/8/2022,1
17757,37,0,82,Male,Finance,24/10/2022,4
17758,44,55727,,Male,Sales,1/2/2020,1
17759,52,41194,20,Male,Operations,13/9/2023,5
17760,53,54519,97,Female,IT,13/4/2022,3
17761,40,0,59, ,IT,25/6/2023,3
17762,35,26577,49,Male,IT,5/12/2023,2
17763,,27990,54,Female,HR,1/6/2021,4
17764,57,57235,61,Male,Operations,18/8/2023,1
17765,48,44913,78,Female,Finance,2/6/2024,1
17766,18,24585,78,Female,Operations,23/9/2020,5
17767,59,44239,16,Female,Marketing,13/10/2022,5
17768,43,26546,45,Male,HR,1/5/2023,5
17769,28,25123,83,Female,Marketing,10/10/2022,4
17770,60,33501,89,Male,Sales,13/7/2022, 
17771,61,32187,63,-,IT,24/12/2022,3
17772,30,40946,12, ,Operations,16/1/2021,2
17773,42,40251,25,Male,Finance,25/11/2020,5
17774,60,36269,86,Female,Marketing,21/10/2023,5
17775,40,44745,16,Female,Sales,8/6/2022,5
17776,18,47153,11,Male,Marketing,20/7/2021,3
17777,51,29628,100,Female,Sales,11/3/2021,5
17778,25,40759,99,Female,IT,15/10/2024,3
17779,40,34910,-,Male,Operations,28/1/2022,4
17780,24,30171,75,Male,Marketing,27/5/2023,5
17781, ,33901, ,Male,HR,19/4/2023,4
17782,54,60394,9,Male,Operations,30/3/2021,3
17783,-,51652,33,NA,Sales,7/1/2020,1
17784,20,51897,22,Female,Marketing,11/2/2024,4
17785,30,52465,53,Female,HR,11/7/2022,2
17786,19,34211,59,Female,NA,14/9/2021,*
17787,62,44198,80,Female,Finance,26/11/2022,5
17788,30,45506,9,Male,Marketing,24/3/2020,2
17789,35,13751,19,Male,HR,30/12/2020,2
17790,51,53423,*,Male,Sales,8/5/2022,1
17791,36,48510,0,Female,NA,4/2/2024,2
17792,64,29981,45,Male,IT,15/2/2022,4
17793,58,43685,96,Female,Marketing,14/8/2024,2
17794,,40939,70,Female,Operations,10/11/2023,3
17795,44,33048,67,Female,IT,13/2/2021,4
17796,28,45295,35,Female,IT,29/10/2020,1
17797,60,34000,30,Female, ,22/4/2020,5
17798,39,21560,52,Male,Finance,4/11/2020,-
17799,49,33607,26,Male,Finance,13/6/2021,2
17800,47,28528,*,Female,Sales,28/5/2024,5
17801,18,40683,17,Male,Sales,17/4/2023,2
17802,46,17447,38,Male,IT,4/12/2023,2
17803,NA,24285, ,Female,,15/6/2024,3
17804,51,30998,23,*,Finance,11/12/2020,4
17805,42,NA,93,Male,Operations,15/10/2021,1
17806,21,33448,97,NA,IT,3/5/2024,NA
17807,63,44156,46,Male,NA,25/7/2022,4
17808,53,35772,0,Male,Marketing,21/1/2022,2
17809,*,20808,44,Female,Finance,18/9/2024,4
17810,41,36570,76,Female,Finance,25/8/2023,4
17811,32,44903,59,Male,Finance,18/11/2020,5
17812,59,24601,NA,Male,Marketing,21/5/2023,2
17813,52,41799,96,Female,Sales,11/7/2022,4
17814,63,40024,25,Male,-,20/4/2021,1
17815,58,25058,95,Male,Operations,20/5/2022,4
17816,40,40594,27,Male,HR,13/6/2020,2
17817,51, ,50,Female,Finance,5/8/2024,5
17818,57,-,90,Female,IT,24/8/2020,NA
17819,48,23347,99,Female,HR,23/8/2022,1
17820,60,21786,90,-,Marketing,15/6/2023,2
17821,42,22197,94,*,Sales,18/7/2023,2
17822,25,31236,-,Male,Sales,27/9/2020,3
17823,21,47014,27,Male,Operations,19/12/2023,
17824,56,24483,,Female,HR,17/4/2022,2
17825,26,35183,99,Female,*,30/3/2020,2
17826,25,39169,57,Female,IT,13/10/2022,2
17827,19,68032,28,Female,IT,1/8/2024,2
17828,35,44589,72,Female,,24/10/2022,1
17829,28,21742,55,NA,Sales,29/5/2021, 
17830,26,9926,60,Female,,12/11/2020,2
17831,-,44320,-,Male,HR,20/8/2024,2
17832,21,,45,Male,IT,13/7/2022,1
17833,43,28515,74,Male,Operations,21/6/2021,2
17834,35,43466,89,Female,HR,15/9/2024,2
17835,22,16909,5,Female,Finance,4/5/2023,5
17836,60,25468,18,Female,IT,10/11/2022,*
17837,40,49594,9,Male,Sales,6/4/2021,4
17838,56,0,5,Male,Marketing,31/10/2024,5
17839,43,60991,-,Male,Marketing,22/1/2020,NA
17840,27,56309,41,Male,IT,18/10/2021,-
17841,48,-,40,Female,Operations,4/11/2024, 
17842,42,38975,67,Female,HR,18/7/2021,5
17843, ,28228,99,Female,Sales,29/12/2022,4
17844,43,33729,66,Female,Marketing,10/3/2023,3
17845,64,41384,0,Female,Marketing,21/7/2021,1
17846,63,36222,6,Male,IT,6/6/2022,1
17847,-,41760,NA,Female,Marketing,13/4/2023,2
17848,34,26887,54,Male,HR,21/5/2022,3
17849,51,13327,41,Male,IT,22/12/2022,1
17850,43,59611,29,Female,*,20/10/2020,1
17851,61,25020,38,Male,IT,1/4/2022,1
17852,38,34813,49,Male,Sales,20/8/2024,3
17853,21,56614,36,Male,Operations,9/11/2020,5
17854,55,0,68,Male,Operations,18/10/2022,4
17855,55,33417, ,Female,-,24/10/2020,1
17856,47,4318,88,Male,HR,1/11/2021,2
17857,50,29079,72,Female,Finance,30/8/2022,2
17858,40,16008,67,Female, ,25/8/2024,5
17859,23,22983,93,Female,IT,20/10/2020,1
17860,31,17806,83,Male,Sales,11/2/2022,5
17861,58,36417,77,Male,*,31/5/2024,1
17862,55,21717,46,Female,Finance,31/3/2023,2
17863,56,0,11,Female,Finance,2/2/2024,1
17864,*,29274,98,Male,Finance,6/10/2023,*
17865,26,45657,32,Female,-,14/8/2023,2
17866,26,-1343,82,Female,HR,27/9/2020,2
17867,61,27179,44,Female,Operations,20/10/2021,1
17868,32,50491,NA, ,Marketing,30/10/2022,2
17869,62,12565,95,-, ,16/10/2023,5
17870,64,33127,24,Male,,14/3/2024,3
17871,63,42116, ,Male,Marketing,8/5/2020,2
17872,51,12581,57,Female,IT,9/5/2024,2
17873,44,28367,17,Female,Operations,4/5/2020,4
17874,36,29900,18,,HR,10/9/2024,2
17875,20,38699,43,Male,Sales,26/9/2023,4
17876,43,19336,83,Female,-,12/1/2023,3
17877,18,18321,0,Male,Operations,4/11/2023,
17878,52,34447,83,Male,IT,18/2/2022,4
17879,23,-,93,Male,Operations,2/7/2024,1
17880,50,28563,86, ,Marketing,4/5/2021,1
17881,58,38344,46,NA,Finance,13/12/2020,2
17882,45,27337,3,Female,Sales,3/7/2023,
17883,57,18083,*,Female,HR,28/2/2020,1
17884,38,42027,18,Female,Marketing,18/4/2020,5
17885,29,46184,92,Male,IT,13/7/2023,5
17886,18,14322,13,Male,*,23/6/2024,1
17887,-,*,6,Male,Operations,6/5/2021,3
17888,43,52518,34,Male,Finance,22/8/2021,5
17889,40,26352,24,Female,IT,11/9/2020,4
17890,40,38253,0,Male,NA,1/1/2023,5
17891,34,33477,*,Male,IT,25/6/2020,4
17892,40,46518,36,Male,HR,8/9/2023,3
17893,42,44899,49,-,*,16/3/2020,3
17894,57,26894,33,Male, ,1/4/2020,5
17895,50,40817,20,Female,Operations,31/7/2024,NA
17896,39,27985,18,Female,Operations,22/11/2022,4
17897,43,13622,89,Male,Finance,7/7/2024,3
17898,62,39514,67, ,Finance,6/5/2020,4
17899,54,54480,30,Female,HR,7/7/2020,2
17900,62,38986,44,Male,Finance,13/3/2020,3
17901,62,62374,2,Male,Sales,24/12/2021,NA
17902,38,38356,45,Female,HR,1/8/2021,4
17903, ,47552,30,NA,HR,12/11/2024,4
17904,19,39197,54,Male,Marketing,7/5/2022,5
17905,43,37413,-,Male,IT,18/4/2024,1
17906,51,47840,69,Male,Operations,1/5/2024,NA
17907,58,30495,48,Female,HR,8/9/2024,NA
17908,27,34280,85,,NA,11/9/2021,4
17909,48,36977,56,Female,Finance,27/6/2022,1
17910,30,50079,63,Female,*,4/12/2020,-
17911,52,67741,81,Female,IT,28/3/2024,-
17912,42,,12,Female,Marketing,18/3/2022,2
17913,41,50702,88,Male,Finance,28/11/2023,5
17914,54,47778,26,*,Sales,17/3/2022,2
17915,23,51415,47,Female,Operations,20/1/2021,3
17916,36,58037,74,Female,Sales,31/7/2022,1
17917,51,34995,53,Male,Finance,26/4/2022,5
17918,21,34349,36,Male,Marketing,19/6/2023,1
17919,57,*,4,Female,HR,28/10/2020,5
17920,36,48990,22,Female,HR,24/11/2020,2
17921,26,30586,79,Male,HR,15/8/2024,1
17922,18,19809,79,Male,*,11/8/2020,3
17923,21,42988,,Male,Operations,4/11/2021,4
17924,47,19926,94,Female,Sales,26/12/2021,4
17925,29,57311,82,Female,Finance,14/10/2024,1
17926,*,44379,46,Male,Operations,8/11/2021,5
17927,33,20299,42,Male,HR,25/9/2022,2
17928,52,46998,89,Male,Marketing,30/4/2023,2
17929,32,,15,Female,HR,10/2/2024,1
17930,44,43232,10,Female,HR,17/7/2022,2
17931,42,21144,42,Female,IT,20/3/2023,4
17932,20,15309,23,,Sales,19/3/2022, 
17933,18,39573,0,Female,IT,27/4/2021,1
17934,25,33141,0,Male,Marketing,4/5/2020,5
17935,61,45937,96,Male,Marketing,16/5/2022,5
17936,41,47805,0,Female,Operations,26/9/2022,4
17937,36,21473,NA,Male,Operations,24/2/2023,2
17938,53,51377,13,Female,Marketing,23/1/2023,2
17939,19,50622,14,Male,Finance,14/10/2020,5
17940,62,23263,10,Female,Finance,4/12/2024,2
17941,18,29927,72,Male,HR,6/5/2022,3
17942,26,*,76,Female,Marketing,30/4/2022,5
17943,24,42103,*,Female,IT,22/9/2024,3
17944,54,48266,54,Male,Marketing,3/5/2022,5
17945,62,0,27,Female,Finance,3/11/2023,5
17946,19,38948,62,Male,IT,10/2/2024,4
17947,*,44211,67,Male,HR,19/1/2021,1
17948,40,32258,82,Male,HR,6/3/2021,4
17949,46,33247,88,Female,Finance,16/2/2023,1
17950,34,46586,44,Male,*,13/3/2022,1
17951,29,37291,78,Male,NA,20/5/2024,3
17952,44,38316,22,Male,HR,2/1/2021,1
17953,18,27000,3,Male,Sales,6/12/2021,2
17954,51,40466,40,Female,HR,18/8/2020,2
17955,63,23848,11,Male,Sales,29/12/2020,1
17956,53,61999,39,,Sales,8/1/2024,5
17957,47,30018,32,Male,IT,22/11/2021,2
17958,33,42263,,NA,IT,30/6/2023,2
17959,39,41291,98,Male,,8/8/2020,-
17960,20,55342,*,Female,IT,27/10/2022,1
17961,33,14436,3,Female,Operations,26/7/2020,2
17962,25,27823,92,Female,IT,20/3/2022,2
17963,55,41014,24,Female,,11/4/2020,4
17964,45,45490,73,Male,Sales,28/7/2020,4
17965,46,38020,0,Male,Marketing,1/12/2023,5
17966,29,43279,0,Male,HR,8/3/2021,1
17967,43,,87,Male,Finance,11/9/2023,3
17968,55,16669,4,*,HR,27/11/2024,
17969,31,39747,61,Male,,10/5/2020,4
17970,42,30160,14,Female,Finance,30/12/2021,1
17971,50,41109,49,Male,Operations,25/6/2021,5
17972,*,41020,85,-,Sales,22/2/2024,3
17973,35, ,67,Female,Operations,30/12/2022,1
17974,33,47310,6,Male,Finance,27/6/2022,4
17975,47,48051,2,NA,Sales,14/1/2020,3
17976,-,26071,84,Female, ,13/6/2023,1
17977,27,38842,26,Male,Operations,10/11/2023,3
17978,39,17547,55,Male,Marketing,13/10/2024,5
17979,54,176315,86,Male,Finance,11/4/2021,-
17980,58,34900,88,Male,IT,28/1/2024, 
17981,23,28242,93,Female,Sales,16/9/2024,3
17982,60,38088,,Female,Marketing,15/1/2023,5
17983,24,43613,84,,IT,2/5/2024,3
17984,46,47083,87,Male,Sales,22/7/2024,4
17985,42,20001,49,Male,Marketing,30/3/2024,3
17986,44,45066, ,Female,HR,29/8/2022,3
17987, ,34791,57,Male,Operations,2/11/2022,1
17988,-,,30,Male,Marketing,24/11/2022,5
17989, ,11630,4,Male,Marketing,30/3/2020,3
17990,41,35969,63,Female,-,21/7/2024,1
17991,29,53091,57,Female,Marketing,10/9/2024,4
17992,58,35727,20,Male,Finance,14/10/2024,1
17993,35,39230, ,Male,IT,23/3/2022,1
17994,18,47018,8,Male,Finance,10/11/2023,1
17995,57,36650,64,Male,IT,24/9/2023,3
17996,41,28811,58,Male,Operations,5/8/2020,3
17997,55,41591,32,Female,Marketing,10/11/2022,4
17998,35,-,41,Male,Finance,17/8/2023,2
17999,31,36982,77,Male,Sales,15/2/2020,1
18000, ,37984,94,Female,HR,17/3/2021,2
18001,51,9616,5,Male,Operations,16/1/2020,4
18002,36,,96,Female,NA,30/5/2020,2
18003,20,16757,78,Female,Finance,24/6/2020,2
18004,20,NA,0,Female,Marketing,21/11/2020,3
18005,48,44323,17,Female,Finance,25/3/2021,2
18006,21,0,42,Female,Marketing,30/7/2024,2
18007,,43941,10,Male,Operations,30/11/2023, 
18008,62,27153,1,Female,Finance,19/1/2020,5
18009,39,43249,22,Female,Marketing,30/10/2022,4
18010,31,*,42,-,*,16/4/2022,2
18011,59,46168,48,Female,Operations,3/12/2020,2
18012,34,25973,91,Male,Marketing,20/8/2020,5
18013,44,51991,75,Male,Sales,7/2/2021,5
18014,33,36991,39,Female,-,23/3/2021,4
18015,35,35488,21,Male,Operations,11/5/2023,NA
18016,61,39406,44,Male,Sales,30/11/2024, 
18017,54,35460,-,Female,HR,11/1/2022,5
18018,62,25319,88,Female,Finance,28/4/2024,4
18019,41,31588,6,Male,Marketing,31/7/2020,5
18020,27,46413,63,Male,IT,23/2/2024,4
18021,34,23281,77,Female,Sales,9/5/2023,2
18022,28,59913,37,Female,IT,23/8/2022,4
18023,37,28781,6,Female,HR,19/7/2023,4
18024,,30115,50,Female,Operations,9/5/2021,3
18025,39,35648,91,Female,HR,23/7/2022,5
18026,18,24200,3,-,Sales,19/6/2024,3
18027,46,16938,61,Female,NA,18/6/2023,2
18028,21,23335,65,Female,Finance,19/12/2021,1
18029,39,47582,33,Male,HR,14/11/2021,3
18030,37,34302,71,Male,Marketing,13/7/2021,4
18031,18,40678,79,Male,Finance,13/10/2022,2
18032,40,-,72,Male,Operations,28/11/2022,1
18033,57,45357,63,Male,Marketing,6/8/2020,5
18034,26,55849,*,Male,Marketing,29/11/2023,1
18035,52, ,63,Male,Finance,24/5/2023,3
18036,24,45762,34,Female,Finance,22/2/2024,2
18037,39,,NA,Male,Sales,18/9/2023,4
18038,61,34236,5,Female,IT,26/9/2022,
18039,22,6319,81,Female,NA,22/6/2020, 
18040,41,44406,88,Female,Operations,12/11/2021,2
18041,58,62744,77,Male,HR,2/1/2022,2
18042,55,28170,59,Male,HR,7/1/2023,4
18043,31,52044,50,Female,Marketing,6/1/2022,1
18044,41,24336,24,Female,Sales,20/9/2024,NA
18045,-,52363,51,Male,HR,14/11/2023,3
18046,24,25211,*,Male,Marketing,8/12/2022,4
18047,35,48775,41,Male,Finance,6/3/2023,3
18048,*,0,2,Male,*,1/6/2022,3
18049,60,35761,3,Female,IT,11/7/2020,1
18050,38,46599,59, ,Operations,7/3/2020,1
18051,23,37093,80,Female,Finance,31/10/2021,2
18052,39,23095,82,Male,Sales,14/6/2020,4
18053,33,NA,0,Female,Finance,18/11/2020,4
18054,24,34797,7,Male,IT,19/4/2023,3
18055,50,24406,18,NA,Operations,12/10/2023,3
18056,-,41066,54,Female,Finance,9/8/2021,1
18057,50,40641,70,Male,Finance,10/10/2024,3
18058,,53283,17,,Sales,7/8/2024,5
18059,18, ,-,Female,-,27/5/2022,1
18060,42,0,80,Male,Sales,18/8/2021,4
18061,59,74744,71,Female,*,24/5/2020,5
18062,24,NA,73,Male,-,25/3/2022,3
18063,46,36434,61,Female,Operations,20/6/2021,NA
18064,49,43176,18,Female,Sales,2/7/2023,2
18065,,25551,71,,Marketing,19/3/2024,4
18066,24,33080,0,Male,Operations,7/10/2024,1
18067,45,42711,85,Female,HR,30/12/2021,*
18068,24,43605,15,Female,HR,11/7/2020,2
18069,55,37898,29,Male,IT,7/8/2023,1
18070,-,40586,97,Female,IT,4/6/2023,2
18071,36,24807,79,Male,Marketing,30/7/2022,1
18072,32,47187,50,Male,Marketing,12/3/2023,4
18073,47,31496,77,Female,Finance,5/7/2024,3
18074,62,,82,Female,Marketing,3/8/2021,5
18075,35,45270,,Female,Finance,24/3/2022,1
18076,32,38432,25,Female,Marketing,18/9/2020,5
18077,26,33586,83, ,Finance,17/3/2024,NA
18078,61,36378,-, ,IT,10/6/2024,2
18079,52,*,89,Female,HR,17/12/2022,-
18080,*,37147,45, ,Finance,30/8/2020,2
18081,60,41562,NA,Male,IT,17/7/2020,2
18082,39,32023,9,Male,Sales,5/12/2023,5
18083,,21215,36,Female,HR,22/5/2021,5
18084,20,34570,*,Female,Operations,12/10/2023,1
18085,*, ,25,Female,HR,22/12/2023,5
18086,30,41875,-,Male,Operations,12/1/2022,-
18087,29,,35,Female,IT,22/4/2023,2
18088,,48255,90,Male,HR,8/6/2020,3
18089,24,-,28,*,Marketing,28/4/2024,4
18090,32,52720,79,Female,HR,11/3/2021,5
18091,*,37521,98,Male,IT,11/3/2022,1
18092, ,30166,0,Male,Sales,14/5/2024,3
18093,61,29894,71,Female,Finance,3/6/2021,1
18094,46,45677,48,Male,Marketing,12/10/2022,2
18095,54,297343,4,Female,IT,6/10/2024,2
18096,*,39015,78,Female,IT,1/9/2020,4
18097,40,35311,68,Female,IT,3/3/2023,1
18098,45,34506,68,Female,-,9/11/2020,5
18099,60,43583,79,Female,HR,5/4/2022,2
18100,47,43788,32,Male,Operations,15/12/2020,2
18101,35,29600,84,Female,Operations,21/7/2020,1
18102,-,30972,12, ,HR,24/5/2021,5
18103,33,25717,-,Female,Sales,1/8/2024,1
18104,,51437,2,Female,HR,7/6/2021,1
18105,44,,46,Female,Marketing,26/7/2024,5
18106,NA,26985,19,Male,IT,14/3/2023,3
18107,,22971,0,Female,Finance,26/4/2024,3
18108,26,25977,35,Female,Operations,15/10/2021,3
18109,34,25268,31,Female, ,2/3/2024,4
18110,-,25938,73,Male,Marketing,26/4/2020,5
18111,54,43484,89,Female,Sales,10/6/2021,4
18112,56,29261,6,Female,Finance,15/9/2022,4
18113,18,-,20,Male,Finance,29/11/2023,2
18114,57,27388,69,Female,Marketing,3/10/2023,5
18115,-,46218,34,Male,Finance,26/6/2020,3
18116,55,54070,65,Male,HR,10/12/2022,2
18117,44,43150,65,Female,NA,1/1/2021,
18118,49,43289,51,Female,Sales,12/12/2023, 
18119,22,27204,13,,Finance,10/8/2024,3
18120,22,,33,Female,Operations,20/10/2022,1
18121,44,NA,18,Male,Marketing,7/6/2022,4
18122,43,63104,22,Male,Sales,24/3/2022,
18123,48,37717,0,-,Marketing,10/4/2024,5
18124,24,49967,43,Male, ,29/12/2021,3
18125,54,49231,26,Male,Sales,26/6/2024,4
18126,59,36051,-,Male,Sales,21/8/2020,3
18127,41,22681,23,Male,Finance,10/4/2022,5
18128,63,19897,34,Female,IT,2/7/2023,4
18129,42,37287,,Male,Finance,29/7/2020,5
18130,34,*,85,Male, ,7/4/2021,2
18131,43,32005,18,Male,HR,24/4/2020,1
18132,47,25892,12,Male,Operations,15/3/2022,1
18133,43,41211,65,Male,Sales,5/3/2024,3
18134,32,37571,62,Male,Marketing,15/10/2024,2
18135,18,44589,41,Male,Sales,30/8/2020,2
18136,18,22758,26,Female,Operations,26/1/2024,5
18137,24,33384,3,Female,IT,3/10/2021,2
18138,-,34728,97,Female,Operations,7/10/2024,1
18139,63,41085,49,Male,Operations,3/1/2021,3
18140,48,-9,91,Female,,22/6/2021,3
18141,22,52970,42,Female,Finance,3/7/2022,2
18142,59,24073,42,Female,Finance,6/7/2024,2
18143,25,20742,54,Female,Sales,29/4/2024,2
18144,27,19267,18,,Sales,13/5/2022, 
18145,37,49986,11,Male,Operations,7/10/2021,4
18146,34,44667,100,Male,Operations,7/8/2020,3
18147,35,47413,-,Male,NA,22/12/2022,2
18148,59,34944,16,Male,Operations,1/2/2021,
18149,42,20054,97,Male,Marketing,1/9/2020,2
18150,24,32798,67,Female,Operations,6/11/2024,2
18151,35, ,0,Male,IT,16/2/2021,1
18152,38,28318,69,Male,Sales,14/2/2024,5
18153,50,33992,45,NA,HR,14/12/2022,1
18154,52,22554,49,Male,Operations,11/9/2023,4
18155,21,30456,77,Female,Sales,13/4/2020,3
18156,52,51426,62,Male,Operations,17/6/2022,4
18157,40,36469,91,Female,Operations,14/3/2020,3
18158,23,27435,18,Female,Marketing,12/3/2020,5
18159,53,5446,15,Female,Finance,29/5/2021,4
18160,56,46215,82,Male,Marketing,25/2/2024,3
18161,45,46570,77,Male,Finance,28/11/2022, 
18162,42,14269,89,Female,Operations,28/9/2021,5
18163,32,39154,12,Male,HR,12/9/2022,4
18164,29,39154,91,Female,Sales,25/11/2020,1
18165,27,47222,51,Male,Finance,11/2/2021,2
18166,51,38368,45,Female,Operations,12/4/2023,4
18167,51,60103,47,Male,NA,10/2/2024,5
18168,37,27215,28,Female,IT,3/11/2021,5
18169,22,28200,18,Female,HR,25/5/2022,-
18170,37,50602,38,Female,Sales,11/12/2023,4
18171,29,0,91,Male,Sales,12/1/2024,2
18172,37,16298,58,-,Operations,10/7/2024,1
18173,-,34046,87,Male,Finance,13/12/2021,1
18174,29,,NA,Male,IT,1/5/2022,1
18175,26,12944,99,Female,Marketing,18/1/2022,4
18176,41,29313,5,Male,NA,29/1/2024,5
18177,40,48843,50,Male,Marketing,5/5/2024,5
18178,61,45572,13,Female,Marketing,14/12/2023,4
18179, ,36970, ,Male,IT,1/8/2022,4
18180,*,41021,8,Female,-,16/12/2020,2
18181,19,30251,97,Male,IT,12/3/2022,1
18182,63,12810,66,Female,HR,6/9/2024,1
18183,60,48594,10,Male,Operations,23/4/2023,2
18184,43,44077,36,Female,IT,17/5/2024,4
18185,41,43099,28,,Sales,21/11/2020,1
18186,*, ,15,Male,Operations,5/9/2021,3
18187,23,41517,83,-,HR,29/2/2024,3
18188,18,16148,67,*,IT,11/10/2023,4
18189,44,29988,5,Female,Marketing,2/9/2024,3
18190,38,38136,NA,Male,Operations,4/3/2024,1
18191,32,43245,44,Male,Marketing,12/9/2021,3
18192,63,,17,Male,NA,28/12/2023,4
18193,32,42527,82,Male,Sales,25/2/2023,1
18194,56,42029,22,Female,IT,30/10/2024,1
18195,57,21519,26, ,Finance,14/12/2021,1
18196,43,18429,24,Male,Operations,30/7/2022,3
18197,56,54927,56,Male,,2/3/2023,2
18198,38,50837,30,Male,-,11/8/2024,1
18199,41,34110,0,Male,Finance,8/9/2020,1
18200,21,30746,10,Female,IT,17/6/2021,2
18201,44,37014,81,,HR,15/9/2021,2
18202,54,27581,25,Female,Finance,2/10/2020,2
18203,-,56326,53,Male,Operations,13/5/2024,4
18204,26,34092,11,Female,HR,4/6/2024,1
18205,49,27860,93, ,NA,3/1/2023,4
18206,57,26104,-,Female,Operations,10/11/2024,5
18207,35,34400,53, ,Operations,9/8/2021,3
18208,53,*,77,,HR,18/11/2023,3
18209,,31423,74,Male,Marketing,7/8/2023,5
18210,58,33827,91,Female,Marketing,29/5/2020,4
18211,51,58379,94,Male,Marketing,21/10/2021,1
18212,34,,6,Male,Sales,31/7/2023,*
18213,40,62087,NA,Male,Sales,26/12/2021,3
18214,21,34679,33,Female,Sales,25/1/2023,3
18215,48,47395,36,Female,HR,14/1/2022,-
18216,41,58587,85,Female,HR,23/8/2020,1
18217,33,42284,9,*,Marketing,1/1/2021,*
18218,22,26059,75,Female,HR,11/1/2023,1
18219,18,67571,18,NA,IT,9/9/2022,2
18220,44,49812,57,Female,Operations,29/4/2021,NA
18221,54,-265,7,NA,Finance,7/1/2020,4
18222,36,53689,54,Female,Marketing,5/2/2023, 
18223,55,22294,44,Female,HR,4/11/2020,2
18224,30,38399,2,-,NA,19/4/2020,1
18225,54,36524,42,Female,Finance,5/2/2024,3
18226,49,30401, ,Female,Finance,30/7/2023,4
18227,43,0,64,Male,Finance,14/7/2022,3
18228,44,-,90,Female,Finance,5/9/2024,2
18229,45,44251,78,Male,IT,26/6/2021,1
18230,-,42729,33,Male,Operations,5/2/2022, 
18231,51,0,54,Male,IT,15/9/2020,3
18232,49,54112,55,Female,IT,8/5/2023,3
18233,53,24461,29,Male,Operations,16/4/2024,4
18234,20,38113,31,Female,IT,8/12/2020,2
18235,39,41609,25,Male,IT,30/1/2023,3
18236,47, ,38,Female,Finance,25/6/2020,4
18237,30,24606,76,Female,Finance,1/4/2020,-
18238,NA,25258,0,Female,Operations,13/5/2024,5
18239,48,46757,49,Female,Finance,7/5/2022,1
18240,20,23027,10,Male,NA,6/5/2022,5
18241,39,0,-,Female,IT,2/4/2024,NA
18242,43,44560,35,Male,HR,5/9/2020,3
18243,23,30316,56,Male, ,25/11/2022,2
18244,20,0,0,Female,,24/1/2024,2
18245,46,,88,Female,Finance,10/4/2020,4
18246,50,12897,86,Male,IT,4/7/2024,4
18247,64,40675,63,Female,Operations,16/2/2023,2
18248,37,37798,12,Female,IT,11/10/2023,3
18249,44,32002,0,Male,NA,8/1/2021,5
18250,28,38562,87,Female,IT,28/10/2021,1
18251,63,33622,82,Male,IT,19/8/2021,2
18252,45,33189,-,Female,Sales,29/2/2024,3
18253,19,,72,Male,Operations,18/3/2020,3
18254,41,45926,91,Female,Sales,9/11/2024,4
18255,43,23576,90,Male,Marketing,8/6/2023,2
18256,18,19281, ,Female,Sales,9/7/2024,3
18257,22,40749,0,Male,HR,13/5/2021,1
18258,26,37877,47,Male,Finance,1/4/2020,4
18259,63,28091,35,Female,NA,26/5/2020,5
18260,53,23249,31,Male,HR,27/8/2021,2
18261,,32306,47,Female,IT,15/1/2021,3
18262,64,25248,9,Female,Marketing,15/1/2020,4
18263,26,*,7,Male,IT,19/9/2020,2
18264,20,30981,4,Male,Operations,1/12/2023,3
18265,47,*,,Male,Sales,15/6/2020,1
18266,20,30403,39,Female,Operations,31/10/2021,*
18267,40,51663,76,Male,Sales,23/4/2023,3
18268,62,43862,6,Male,IT,14/3/2022,3
18269,42,38588,97,Male,IT,8/10/2020,5
18270,51,24849,18,-,Sales,25/8/2020,*
18271,30,32840,3,Male,Operations,24/11/2023,1
18272,27,22753,98,Male,Finance,20/9/2023,3
18273,29,38556,18, ,HR,23/3/2021,4
18274,27,31919,83,Male,Marketing,5/6/2021,2
18275,44,NA,81,Female,IT,7/12/2023,4
18276,*,45426,55,Male,*,24/7/2024,3
18277,32,31683,81,Male,HR,7/5/2023,3
18278,27,26577,34,Female,HR,20/9/2020,3
18279,64,11855,2,Male,Marketing,15/4/2021, 
18280,43,15961,80,Male,Finance,28/2/2023,3
18281, ,54024, ,Female,Operations,6/10/2024,5
18282,51,42777,25,Male,Operations,26/3/2023,4
18283,32,0,30,*,HR,9/9/2021,2
18284,18,41762,88,Female,Marketing,2/11/2020,
18285,30,28537,82,Male,HR,18/3/2024,5
18286,40,-,24,Female,Sales,2/8/2021,1
18287,58,34110, ,,Sales,23/12/2023,4
18288,43,NA,60,Female,NA,20/2/2022,4
18289,26,42742,76,Male,Operations,9/3/2024,4
18290,37,32087,8,Male,Marketing,17/11/2023,4
18291,,39326,73,Male,Operations,10/5/2023,2
18292,53,34498,64,NA,IT,7/7/2020,2
18293,51,44189,97,Female,Finance,20/1/2024,3
18294,61,50545,40,Female,Marketing,21/12/2022,3
18295,NA,15303,-,Male,Finance,27/11/2023,3
18296,39,30145,56,Male,Marketing,26/5/2022,2
18297,40,37131,76,Male,Finance,18/10/2022,*
18298,*,42423,9,Male,Sales,25/7/2024, 
18299,45,21661,31,Female,Finance,9/1/2021,5
18300,59,35108,54,Female,Sales,9/9/2022,4
18301,35,34605,41,Female,Operations,22/2/2022,5
18302,28,37807,21,Female,Sales,17/6/2023,5
18303,38,51038,96,Female,HR,20/10/2022,1
18304,28,29970,27,Female,Operations,13/5/2020,5
18305,31,30400,15,Female,Marketing,12/5/2020,2
18306,21,34136,96,Female,Marketing,23/4/2021,4
18307,62,16684,55,Male,HR,7/8/2021,3
18308,55,24917,29,Female,IT,25/11/2023,2
18309,48,46068,78,Male,Operations,3/5/2022,1
18310,60,38397,1,Male,*,24/9/2024,2
18311,42,37400,,Male,IT,1/2/2023,1
18312,56,30249,19,Male,Finance,24/7/2022,4
18313,37,33086,82,Female,-,13/8/2022,3
18314,54,34738,98,Female,IT,24/3/2022,5
18315,42,35124,,Female,IT,28/1/2020,1
18316,58,23419,0,Female,Sales,16/6/2024,
18317,62,29018,0,Male,Marketing,14/11/2022,4
18318,,30617, ,Female,HR,11/11/2024,3
18319,NA,36328,61,Female,HR,12/5/2020,*
18320,26,35142,75,Male,Finance,15/1/2020,
18321,40,26149,85,Female,Operations,6/8/2021,3
18322,43,23481,0,Female,Operations,29/5/2021,4
18323,53,26736,29,Male,IT,6/4/2021,1
18324,20,26819,24,Female,IT,18/7/2021,3
18325,63,38164,46,Male,Sales,17/3/2022,3
18326,52,35524,58,Male,Marketing,5/7/2020,5
18327,,19156, ,Female,Sales,3/7/2021,4
18328,64,34021,1,Female,Sales,11/6/2021,5
18329,38,*,25,Male,Sales,22/2/2020,5
18330,32,22741,19,Male,HR,13/3/2023,-
18331,54,32680,33,Male,Sales,29/5/2021,3
18332,58,36834,67,Male,Finance,13/7/2024,-
18333,34,36948,38,Female,Operations,24/5/2020,1
18334,36,49767,68,Male,,16/9/2022,3
18335,26,35372,30, ,IT,28/9/2021,3
18336,52,28814,100,Male,Sales,27/12/2021,-
18337,40, ,,Female,Operations,10/11/2024,5
18338,50,45281,23,Female,Marketing,9/6/2021,1
18339,29,45269,12,Female,Operations,12/2/2024,1
18340,24,16861,90,Male,Finance,17/8/2023,2
18341,33, ,,Female,IT,8/6/2020,3
18342,20,45135,5,Female,Operations,5/8/2022,2
18343,53,17853,23,Female,Sales,6/7/2023,3
18344,47,15624,81,NA,IT,1/11/2024,1
18345,28,34245,92,Male,Sales,4/3/2020,NA
18346,48,NA,18,Female,Finance,19/3/2024,2
18347,54,32844,12,Male,Sales,15/10/2024,5
18348,20,30334,43,Female,Sales,18/11/2021,4
18349,34,49914,87,Female,HR,13/4/2024,5
18350,*,40557,51,*,Operations,30/11/2022,2
18351,27,41692,75,Male,IT,17/9/2020,3
18352,45,35844,52,Female,*,10/9/2022,1
18353,31,36856,21,Female,NA,26/9/2024,1
18354,46,47772,17,*,Marketing,8/6/2023,5
18355,48,21019,81,Male,Marketing,3/9/2023,1
18356,34,-,60,Female,Sales,26/9/2022,3
18357,50,32053,19,Female,Marketing,29/11/2023,1
18358,41,32474,83,Female,-,10/9/2024,2
18359,39,46737,50,Female,*,5/7/2024,2
18360,40,36687,69,Female,Marketing,18/10/2021,3
18361,36,28608,19,Female,HR,12/7/2021,1
18362,44,12953,98,Male,HR,27/3/2024,5
18363,22,41260,95,Male,IT,12/7/2022,5
18364,42,35793,94,-,Operations,12/7/2024,2
18365,51,25126,NA,Female,IT,15/1/2024,2
18366,64,40378,33,Female,Finance,7/11/2020,2
18367,40,*,59,Female,Operations,24/2/2020,2
18368,42,48901,,Male,Sales,20/8/2024,4
18369,43,35485,51,Male,HR,13/12/2023,4
18370,NA,43371,25,Male,Finance,14/8/2024,*
18371,50,36805,87,Female,Operations,14/2/2023,3
18372,42,39301,63,Male,Marketing,29/9/2021,2
18373,59,48025,36,Male,Operations,18/9/2024,5
18374,33,30139,88,-,Marketing,21/8/2021,2
18375,45,22844,34,Female,Marketing,1/6/2023,NA
18376,37,51706,93, ,Sales,26/3/2021,2
18377,57,43271,75,Female,IT,10/1/2023,3
18378,60,28224,14,Female,*,13/9/2022,4
18379,44,38971, ,Female,Operations,5/11/2021,5
18380,48,35739,40,Male,Operations,11/11/2023,4
18381,40,27071,88,Female,HR,2/8/2024,3
18382,56,41911,25,NA,HR,19/1/2024,2
18383, ,24649,0,Male,IT,29/2/2020,
18384,63,29184,84,Female,Finance,15/11/2024,5
18385,24,39515,-,Female,IT,14/11/2020,1
18386,34,50936,54,Female,Marketing,5/12/2021,2
18387,36,33963,62,Female,IT,21/9/2020,3
18388,22,30456,NA,Female,Finance,13/1/2021,3
18389,55,50518,63,Male,Sales,22/6/2022,3
18390,36,51480,79,Female,Sales,16/1/2024,-
18391,,68200,37,Female,Sales,8/3/2023,1
18392,19,36689,16,Female,Finance,6/7/2021,2
18393,23,56418,4,Male,Sales,3/4/2024,5
18394,38,25769,23,Male,HR,22/7/2022,1
18395,30,22963,53,Male,Operations,5/8/2024,3
18396,36,,59,Male,HR,19/7/2020,3
18397,-,60346,30,Female,Operations,8/4/2024,
18398,51,18097,73,Male,IT,28/10/2022,2
18399,29,41760,5,Female,Finance,1/1/2023,1
18400,25,31065,35,Male,Finance,11/3/2024,1
18401,38,39748,92,Female,NA,30/12/2020,4
18402,36,21826,90,Male,Sales,25/9/2024,3
18403,58,23589,61,Female,Finance,9/3/2021,5
18404,37,*,1,Female,Marketing,1/10/2024,3
18405,26,26573,71,Female,Finance,25/8/2020,*
18406,20,0,67,NA,Marketing,25/6/2024,2
18407,18,28753,73,Female,Sales,1/3/2020,1
18408,45,29698,74,Male,Sales,21/9/2021,2
18409,62,38119,58,Male,Operations,8/7/2023,1
18410,37,32925,64,Female,Finance,12/1/2023,*
18411,49,45519,40,Male,Finance,22/2/2022,3
18412,64,26630,*,Male,IT,1/9/2021,*
18413,42,42355,45,Male,Finance,1/4/2024,2
18414,45,43581,79,Male,Marketing,21/11/2020,3
18415,31,58341,93,Male,Operations,5/1/2021,
18416,21,14481,89,Male,Operations,12/10/2023,2
18417,43,27030,23,Female,Finance,15/8/2023,1
18418,56,*,62,Male,Operations,20/3/2021,5
18419,54,51845,87,Female,Operations,29/10/2023,4
18420,50,42906,94,Female,Operations,18/3/2023,1
18421,27,,91,Female,Finance,25/9/2022,1
18422,45,31609,81, ,IT,24/9/2023,4
18423,60,34617,14,Male,Sales,23/12/2022,3
18424,55,46847,0,Female,Marketing,22/8/2021,5
18425,26,44132,31,-,Marketing,9/9/2021,1
18426,25,-,20,Female,IT,4/2/2020,2
18427,32,3050,85,Male,*,20/9/2021,5
18428,36,40303,79,Female,HR,20/7/2020,3
18429,58,32854,47,NA,Finance,17/11/2023,2
18430,49,43867,91,Female,IT,1/1/2021,NA
18431,24,,46,Female,Finance,31/1/2021,4
18432,41,24245,92,Male,Operations,9/6/2022,3
18433, ,46674,1,Female,Sales,17/1/2024,5
18434,26,50089,0,Female,Sales,24/10/2022,1
18435,33,32933,50,,*,30/3/2021,5
18436,31,37170, ,Female,HR,15/11/2020,5
18437,19, ,9,Female,HR,29/3/2021,2
18438,43,34355,15,Female,HR,6/7/2022,4
18439,20,39831,0,,Sales,25/3/2023,5
18440,49,26511,4,Male,Sales,14/11/2023,1
18441,32,51976,60,Male,Marketing,1/12/2021,3
18442,37,9983,80,Male,Finance,3/12/2020,5
18443,61,21918,37,Male,NA,6/11/2020,2
18444,31,35565,42,Male,Operations,9/12/2020,1
18445,54,30282,77,Male,Operations,30/11/2022, 
18446,38,35172,86,Female,*,20/4/2022,4
18447,,26626,24,Male,Sales,7/8/2024,3
18448,28,56622,9,,IT,6/9/2023,5
18449,48,36855,NA,Male,Sales,5/11/2022,2
18450,40,52499,55,Female,HR,19/1/2024,4
18451,41,40849,3,Female,HR,23/12/2021,2
18452,55,9800,18,Female,Operations,5/4/2020,1
18453,22,42971,16,Female,Operations,23/9/2022,1
18454,46,0,62,Female,Finance,27/2/2023,2
18455,36,35292,87,Female,Operations,16/8/2020,1
18456,62,43560,61,Female,Operations,21/3/2021,5
18457,31,0,14,Female,HR,2/10/2024,2
18458,24,65651,NA,Female,NA,20/1/2020,1
18459,53,-,26,Female,IT,23/10/2021,3
18460,25,9666,32,Male,*,3/3/2021,1
18461,56,37764,0,Female,Operations,9/8/2020,1
18462,58,38463,48,Male,Marketing,29/10/2022,1
18463,55,39939,78,Male,IT,28/2/2020,3
18464,55,36731,11,Female,HR,13/8/2022,3
18465,28,32886,97,Female,HR,21/12/2022,2
18466,NA,31094,-,Male,Marketing,30/12/2021,4
18467,55,33405,23,Male,Marketing,23/2/2024,3
18468,55,23907,74,Female,Finance,9/3/2023,4
18469,31,51071,17,Male,Finance,28/2/2022,3
18470,54,38359,6,Female,Finance,12/6/2020,5
18471,-,51831,51,Male,Marketing,9/7/2020,3
18472,55,48430,2,Male,Sales,27/2/2022,
18473,57,34399,10,Female,Marketing,18/4/2020,1
18474,25,-,57,Male,HR,8/8/2023,3
18475,27,44863,51,NA,NA,3/2/2022,2
18476,24,27688,78,Female,Marketing,24/3/2020,2
18477,29,36071,41,Male,HR,12/11/2020,
18478,32,41061,29,Female,*,28/6/2024,3
18479,24,32290,16,Female,Finance,9/9/2020,5
18480,20,47779,93,Male,Sales,4/8/2023,*
18481,22,30284,33,Female,Sales,18/5/2021,3
18482,43,47647,76,Female,HR,3/7/2021,4
18483,39,50047,17,,Sales,8/5/2024,4
18484,46,NA,72,Male,Finance,20/4/2020,4
18485,24,32662,NA,Female,Operations,13/8/2023,5
18486,36,13379,73,Female,Sales,8/6/2022,3
18487,56,53995,5,Female,Finance,14/9/2020,3
18488,57,27030,71,Male,Operations,4/11/2020,3
18489,32,22760,73,Male,HR,22/9/2023,5
18490,50,51850,17,Male,Operations,5/7/2022,3
18491,49,56253,29,Male,HR,19/3/2020,3
18492,18,50765,4,Female,Sales,12/10/2021,2
18493,33,27392,40,Male,IT,5/4/2020, 
18494,52,49575,59,*,IT,22/4/2023,4
18495,51,40696,5,Male,Operations,5/7/2020,1
18496,-,32166,94,Female,Finance,15/12/2023,3
18497,57,41734,18,Male,Finance,23/10/2021,3
18498,37,32800,17,-,IT,15/11/2020,5
18499,*,-,90,Female,Finance,24/3/2023,4
18500,54,40821,99,Male,IT,10/5/2020,-
18501,57,39560,NA,Male,HR,20/12/2022,1
18502,55,23874,0,Male,Operations,3/5/2024,5
18503,59,42246,95,,HR,16/12/2021,4
18504,59,22895, ,Female,Operations,10/1/2020,1
18505,22,23832,7,Female,IT,30/1/2024,3
18506,61,*,48,Female,Operations,19/8/2023,
18507,41,39243,9,Male,IT,14/8/2022,1
18508,60,53636,46,Male,HR,21/6/2021,4
18509,26,46140,33,Male,Operations,1/7/2023,2
18510,27,45821,95,Male,HR,2/4/2022,2
18511,37,,28,Female,IT,12/10/2022,NA
18512,30,39084,61,Male,Operations,29/7/2023,-
18513,39,20363,61,Female,Finance,12/6/2024,4
18514,25,31418,16,Male, ,27/8/2023,3
18515,25,25766,31,Female,Sales,27/8/2024,4
18516,39,41726,13,Female, ,30/6/2020,4
18517,41,22158,37,Male,Finance,3/9/2024,2
18518,,55629,18,Male,HR,18/7/2021,4
18519,19,51322,48,Female,Operations,24/10/2022,3
18520,64,55189,40,Male,-,9/9/2022,5
18521,57,29902,59,Male,HR,7/4/2023,5
18522,52,51188,54,Female,IT,16/8/2020,2
18523,41,43942,22,Male,IT,13/9/2023,2
18524,56,20862,49,Male,HR,3/6/2020,4
18525,54,42074,47,Female,HR,23/11/2024,5
18526,59,39895,34,Male,Finance,26/9/2022,3
18527,48,32047,75,Male,Marketing,11/8/2021,2
18528,28,33591,35,Male,Operations,25/1/2024,3
18529,59,38111,20,Male,IT,21/8/2021,1
18530,42,44583,14,-,Finance,6/11/2022,3
18531,36,42065,96,Female,Sales,7/6/2022,2
18532,37,29520,44,Female,HR,18/2/2021,1
18533,31,40243,86,Female,IT,24/5/2022,3
18534,28,28997,81, ,IT,18/7/2024,5
18535,58,52977,17,Male,Finance,12/9/2023,4
18536,59,38860,22,Male,HR,1/4/2022,3
18537,54,10108,99,Male,HR,8/2/2021,1
18538,57,28176,52,*,HR,14/3/2021, 
18539,59,49522,97,Female,Finance,24/7/2023,2
18540,22,14366,56,Female,*,19/1/2023,4
18541,56,38624,65,Male, ,2/6/2022,4
18542,52,35363,51,Male,Marketing,23/7/2024,2
18543,61,21898,71,Female,IT,30/6/2020,3
18544,45,19941,60,Male,HR,8/7/2021,2
18545,*,29911,4,Male,Sales,16/8/2024,3
18546,32,48612,29,Female,Sales,31/1/2022,5
18547,44,23480,57,Male,IT,24/3/2022,2
18548,,27146,26,Male,Operations,16/12/2023,NA
18549,58,34220,19,Female,IT,29/12/2022,2
18550,18,41185,97,Male,Marketing,17/4/2024,4
18551,61,26886,3,Female,Marketing,29/12/2021, 
18552,61,33862,82,Female, ,31/3/2023,5
18553,36,39000,65,Male,Sales,21/12/2022,3
18554,57,29842,94,Female,Marketing,23/9/2024,5
18555,63,25026,0,Female,Finance,4/10/2024,2
18556,52,53485,83,Male,Marketing,9/7/2020,
18557,34,34270,33,Female,Marketing,6/1/2021,5
18558,31,40991,42,*,Sales,14/1/2023,4
18559,61,13130,90,NA,Operations,18/7/2020,
18560,62,19511,16,Female,Finance,2/7/2024,5
18561,33,42387,43,Female,HR,10/12/2020,3
18562,46,27595,6,Female,Operations,4/10/2024,3
18563,43,19684,10,Female,Finance,13/9/2023,5
18564,33,59069,85,Male,Operations,8/7/2023,4
18565,30,38344,53,Female,Operations,26/12/2023,-
18566,57,28089,29,Female,Marketing,30/5/2020,2
18567,52,41792,20,Female,Marketing,16/2/2021,4
18568,56,50009,6,Male,IT,21/10/2024,5
18569,45,24316,NA,Male,Finance,23/4/2020,1
18570,51,25546,61,Male,Finance,26/3/2021,5
18571,31,52799,98,Male,IT,14/10/2023,3
18572,36,11713,52,Male,Operations,14/5/2021,4
18573,60,12416,56,Male,IT,4/8/2023,4
18574,56,52830,56,-,HR,12/12/2023,1
18575,57,26722,0,Female,Marketing,26/12/2022,2
18576,40,29356,NA,-,Sales,11/6/2023,3
18577, ,32759,98,Male,Operations,29/11/2020,3
18578,41,44397,5,Male,Finance,14/7/2023,2
18579,28,54252,0,,Marketing,19/6/2021,2
18580,36, ,-,Female,Operations,18/9/2023,3
18581,38,21354,-,Female,Finance,24/9/2020,4
18582,24,45194,0,NA,Finance,24/5/2023,4
18583,32,4829,19,Male,Finance,28/4/2021,2
18584,24,18533,86,Male,Sales,22/1/2020, 
18585,32,-,26,Female,Sales,19/3/2024,2
18586,53,49231,53,Female,Marketing,14/5/2021,NA
18587,54,26999,15, ,Sales,23/10/2023,4
18588,20,25812,92,Male,Finance,1/12/2024,5
18589,32,34239,0,Male,Sales,20/1/2020,
18590,29,26693,11,Male,IT,6/5/2022,4
18591,64, ,58,Female,NA,9/6/2020,5
18592,64,58835,12,Male,Sales,9/7/2024,3
18593,47,30019,71,Female,HR,27/5/2020,5
18594,57,54278,NA,Female,Finance,10/12/2022,1
18595,36,27409,76,-,Marketing,16/11/2022,4
18596,18,39470,36,*,HR,18/6/2022, 
18597,43,31077,79,Male,IT,5/3/2020,3
18598,24,-,85,Male,Marketing,12/5/2021,5
18599,41,42776,0,-,Finance,4/3/2021,-
18600,25,35641,67,Female,Finance,6/9/2024,4
18601,52,24203,16,Male,Operations,16/4/2021,1
18602,30,33530,28,Female,Marketing,20/7/2024,*
18603,36,27603,71,Female,Sales,17/12/2021,3
18604,38,23267,82,Female,IT,28/1/2022,5
18605,44,31290,55,Female,Sales,26/6/2021,5
18606,27,*,NA,Female,,17/6/2021,4
18607,30,43837,29,Male,Sales,13/8/2022,1
18608,NA,36679,29, ,Marketing,17/8/2022,2
18609,24,37676,21, ,Operations,20/3/2021,2
18610,27,39039,87,Female,Marketing,3/6/2022,1
18611,31,50685,44,-,HR,9/4/2024,3
18612,55,48463,49,Female,-,4/10/2021,4
18613,53, ,10,Female,HR,23/1/2020,3
18614,36,33392,95,Male,HR,15/8/2022,1
18615,37,28426,19,Male,HR,7/3/2022,-
18616,54,30510,63,Male,Finance,16/7/2024,1
18617,44,48057,74,Female,IT,30/3/2020,4
18618,37,23402,58,Female,Operations,29/6/2023,4
18619,40,30240, ,NA,*,18/7/2022,4
18620,26,31562,96,Female,Marketing,25/11/2024,1
18621,18,6612,*,Male,,19/5/2021,*
18622,26,33481,22,Male,Finance,2/7/2020,4
18623,49,14177,33,Female,Marketing,21/11/2022,3
18624,25,40938,40,Female,Operations,4/10/2021,5
18625,33,9512,,NA,Operations,15/11/2023,3
18626,38,9926,91,Female,Sales,27/1/2022,2
18627,33,*,21,Female,Marketing,26/7/2020,2
18628,NA,0,86,Male,Operations,27/8/2023,2
18629,37,11201,,Female,*,3/9/2023,-
18630,40,41535,67,Male,Sales,2/12/2021,1
18631,61,47733,67,Male,Operations,7/7/2021,2
18632,54,32709,27,Female,IT,12/3/2020,3
18633,42,6498,95,Male,Sales,29/5/2024,1
18634,60,28747,33,Male,Sales,18/4/2023,4
18635,51,51491,1,Female,Operations,30/8/2021,2
18636,57,1665,85,Female,IT,11/7/2020,*
18637,20,33434,37,,Operations,17/7/2021,5
18638,-,226,95,-,Finance,24/8/2021,5
18639,-,31445,67,Female,Finance,12/7/2020,1
18640,32,11101,86,Male,Sales,28/3/2022,1
18641,38,12656,70,Male,Finance,13/7/2024,1
18642,25,29695,19,Female,Marketing,22/5/2023,3
18643,19,36171,14,Male,Marketing,27/10/2020,4
18644,51,28820,67,Female,HR,6/11/2024,-
18645,19,34423,52,Female,Sales,24/1/2022,4
18646,64,40416,47,Male,Marketing,22/8/2023,5
18647,43,39052,67,Male,NA,3/7/2021,3
18648,61,33395,73,NA,HR,25/11/2020,2
18649,41,28467,24,Female,HR,25/2/2020,3
18650,56,29158,0,Male,,6/4/2020,4
18651,NA,14510,-,Female,Sales,7/4/2023,1
18652,58,51389,85,Male,Finance,20/3/2020,5
18653,44,-,93,Male,Sales,1/8/2020,3
18654,47,43758,97,Female,Marketing,2/3/2020,2
18655,41,33295,63,NA,Sales,24/2/2023,2
18656,63,31605,11,Male,Operations,8/4/2023,5
18657,*,44650,58,Female,Finance,10/4/2023,1
18658,56,50191,33,*,Sales,8/3/2021,3
18659,36,31589, ,Male,Operations,15/2/2024,2
18660,46,34794,59,Male,Finance,25/3/2022,3
18661,27,42823,27,Male,Operations,2/9/2024,5
18662,49,50118,62,Female,Operations,18/12/2020,5
18663,35,24512,73,Male,Finance,21/10/2022,1
18664,36,19409,96,Male,-,21/10/2022,4
18665,27,29170,94,Female,Finance,26/3/2024,3
18666,-,18736,70, ,Sales,12/8/2022,3
18667,62,0,49,Male,IT,29/11/2024,1
18668,22,0,0,Male,IT,17/5/2020,4
18669,19,7051,32,Male,Finance,30/8/2020,3
18670,52,23259,84,Male, ,12/7/2023,*
18671,54,40935, ,Female, ,17/5/2024,2
18672,NA,7984,56,Male,Operations,22/11/2023,1
18673,51,45316,12,Male,IT,9/11/2020,5
18674,33,34677,23,-,HR,24/9/2020,NA
18675,28,40341,26,Female,Marketing,4/11/2023,2
18676,63,43130,35,Male,HR,9/4/2024,2
18677,38,40063,91,Female,Finance,5/2/2024,4
18678,61,38757,92,Female,Operations,26/1/2024,3
18679,20,31030,19,Female,Marketing,21/12/2022,1
18680,35,37337,80,Female,HR,4/2/2024,5
18681,61,39119,NA,Female,HR,6/3/2023,5
18682,21,34107,12,Male,Marketing,18/7/2020,1
18683,27,0,67,Female,Marketing,2/11/2020,5
18684,52,38038,65,Male,Marketing,9/2/2020,5
18685,22,43825,80,Female,Operations,24/1/2021,2
18686,40,,76,Female,Sales,1/9/2024,4
18687,40,-,4,Male,Marketing,4/3/2021,3
18688,46,31111,38,Female,Operations,18/11/2021,4
18689,27,52182,94,Male,Operations,24/12/2021, 
18690,27,56118,59,Female, ,29/12/2021,3
18691,37,32845,96,Female,Marketing,4/3/2022,3
18692,47,42990,7,Male,IT,26/5/2022,5
18693,64,33234,64,*,Sales,24/4/2024,1
18694,42,NA,79,Female,Sales,13/3/2024,4
18695,36,11569,27,Male,HR,4/2/2023,4
18696,59,37960,75,Male,Marketing,14/6/2020,2
18697,27,49047,28,Male,Finance,1/1/2021,3
18698,46,0,55,Female,Marketing,22/8/2023,5
18699,60,55636,88,Male,Finance,17/9/2020,4
18700,53,44789,,Female,NA,12/7/2023,3
18701,42,21857,95,Male,Finance,26/11/2020,3
18702,45,20136,18,Male,Finance,9/2/2024,2
18703,53,23038,82,Female,Operations,9/10/2022,3
18704,25,14796,52,Female,Finance,25/11/2020,4
18705,30,31690,68,Male,HR,23/9/2024,1
18706,34,18127,,Female,HR,11/12/2021,2
18707,50,21191,20,Female,Finance,27/5/2023,3
18708,-,30815,*,Female,Sales,1/12/2023,5
18709,42,45030,2,Male,Marketing,4/3/2020,3
18710,62,43949,83,Male,IT,11/8/2023,
18711,57,67480,29,Female,HR,10/1/2020,2
18712,-,32070,86,-,Operations,22/3/2022,3
18713,21,50158,70,Female,Operations,10/8/2023,1
18714,47, ,72,Male,Operations,1/3/2020,3
18715,60,34334,64,Male,IT,25/3/2023,1
18716,35,29361,72,Male,Sales,22/10/2020,5
18717,36,24263,30,Male,HR,31/5/2024,*
18718,60,NA,16,,Finance,5/10/2023,3
18719,22,58556,34,Male,Operations,27/9/2022,1
18720,44,27784,58,Male,Finance,27/9/2022,3
18721,62,45762,,Female,Finance,15/2/2023,2
18722,58,39479,60,Female, ,16/3/2020,1
18723,32,33146,60,Male,Marketing,17/4/2022,5
18724,-,26240,49,Female,Marketing,23/6/2024,1
18725,25,40008,59,Female,Finance,23/10/2021,3
18726,27,38689,93,Female,NA,23/6/2022,*
18727,41,44011,0,Male,Finance,12/6/2020,
18728,53,53336,47,Male,HR,23/5/2024,1
18729,33,39146,74,,Operations,23/7/2022,3
18730,48,36811,50,Female,Finance,31/7/2020,5
18731,63,-,78,Female,Finance,19/12/2021,5
18732,57,0,75,Male,HR,25/7/2022,4
18733,37,33151,26,Male,Operations,25/5/2022,2
18734,24,28161,52,Female,Operations,1/12/2020,4
18735,20,25364,64,Male,Sales,26/12/2020,3
18736,37,25456,22,Male,HR,18/10/2023,5
18737,62,48153,88,Male,Marketing,31/10/2024,4
18738,57,27621,53,Male,Sales,15/5/2023,1
18739,20,23469,28,Female,NA,25/1/2024,4
18740,52,32735,43,Female,*,3/8/2022,3
18741,55,43033,10,Female,NA,25/6/2021,2
18742,39,0,1,Male,Sales,27/3/2021,4
18743,36,27039,53,Male,HR,19/7/2023,4
18744,28,31904,32,Male,-,10/10/2022,5
18745,24,23900,49,Male,IT,11/4/2020,NA
18746,59,32854,34,-,Marketing,18/7/2023,3
18747,58,27709,9,Male,IT,1/11/2024, 
18748,-,34995,,Female,HR,10/4/2020,1
18749,52,39941,36,Male,IT,25/11/2020,4
18750,58,25298,3,Male,HR,5/2/2021,5
18751,49,28587,43,Male,Finance,27/8/2023,3
18752,23,37096,28,Male,Sales,3/10/2022,
18753,35,40986,79,Female,Finance,18/8/2020,1
18754,NA,28262,14,Male, ,18/5/2022,1
18755,56,22736,7,Male,Sales,11/1/2024,2
18756,30, ,36,Male,HR,25/6/2022,-
18757,62, ,88,Female,Operations,10/3/2022,1
18758,24,30142,99,Female,Finance,11/4/2024,2
18759,42,NA,39,NA,IT,30/12/2022,2
18760, ,27427,64,Female,Sales,13/7/2020,2
18761,47,NA,42,Female,-,19/6/2024,1
18762,48,32845,93,Female,Sales,13/2/2021,1
18763,28,32695,47,-,IT,15/6/2021,5
18764,60,47324,27,Female,Finance,11/5/2023,*
18765,26,45700,,Female,Sales,26/1/2021,2
18766,55,41205,77,Female,Finance,3/9/2023,1
18767,*,45422,28,Female,HR,21/3/2021,5
18768,56,*,15,Male,Operations,27/11/2024,
18769,21,25293,-,Female,,17/9/2021,1
18770,56,49080,38,Female,HR,8/11/2020,3
18771,,-,60,Male,IT,21/2/2021,4
18772,20,18020,21,Female,Sales,4/12/2020,1
18773,43,24991,6,Female,IT,15/6/2021,3
18774,49,48137,87,,HR,4/7/2023,3
18775,62,*,12,Male,HR,23/7/2022,2
18776,22,53220,60,Female,Marketing,8/10/2024,3
18777,20,31305,NA,Female,Sales,20/4/2023,1
18778, ,53536,NA,Female,Operations,28/2/2022,1
18779,25,30633,77,Female,-,11/4/2023,5
18780,38,43385,,Female,Marketing,19/8/2021,5
18781,61,16175,32, ,HR,12/10/2020,5
18782,62,9226,0,Female,Sales,25/1/2023, 
18783,18,13639,89,-, ,17/2/2024,3
18784,57,37823,55,Male,Marketing,20/2/2023,3
18785,27,0,,*,HR,19/10/2023,4
18786,39,41755,14,Female,HR,27/12/2020,5
18787,55,37194,94,Male,Operations,16/7/2024,1
18788, ,47230,29,Male,Operations,13/9/2021,5
18789,44,21910,87,Female,IT,18/12/2023,2
18790,-,36000,74,Female,Marketing,8/9/2023,3
18791,53,-,34,Male,Finance,30/3/2020,1
18792,48,35163,83,Female,IT,13/4/2022,2
18793,58,43734,58,Female, ,8/12/2021,4
18794,56,10936,33,Female,Operations,13/11/2024,1
18795,27,39378,98,Male,IT,10/7/2023,4
18796,51,24778,25,Female,Sales,20/1/2023,2
18797,25,34866,18,Male,IT,5/5/2020,5
18798,25,34921,65,Female,HR,17/2/2020,2
18799,43,53516,51,Female,Sales,15/1/2024,1
18800,48,41026,44,Female,,26/3/2024,1
18801,36,39258,15,Male,Marketing,30/1/2022,5
18802,31,48125,47,Female,IT,13/12/2020,2
18803,27,15975,24,Female,IT,31/12/2023,
18804,46,44131,23,Female,Finance,27/11/2020,3
18805,40,44716,65,Male,*,10/4/2023,3
18806,56,38284,24,Male,Marketing,17/11/2023,1
18807,44,46347,30,Male,HR,24/4/2020,5
18808,29,21059,46,Female,NA,4/7/2020,4
18809,*,24506,47,Male,Sales,10/6/2023,4
18810,26,23022,6,Female,Sales,6/2/2020,3
18811,47, ,69,,,21/11/2023,2
18812,30,43960,62,Male, ,24/10/2023,3
18813,NA,24992,84,Female,Finance,20/5/2024,2
18814,45,24790,67,Male,HR,21/11/2021,4
18815,51,38636,48,-,Finance,3/3/2023,4
18816,39,48215,79,Male,Finance,1/10/2024,2
18817,,58247,73,Female,Operations,23/3/2023,
18818,-,48140,63,Female,IT,14/11/2022,2
18819,47,38558,97,Male,Marketing,7/5/2022,4
18820,44,52452,68,Male,Finance,19/3/2023,5
18821,50,0,94,Male,Sales,30/10/2021,3
18822,60,46078,3,Female,Marketing,16/7/2021,3
18823,62,34085,88,Male,Marketing,4/10/2020,4
18824,55,33677,27,Female,HR,8/4/2023,3
18825,54,43456,NA,Female,Operations,26/1/2022,4
18826,25,20026,16,Male,Marketing,30/12/2020,4
18827,38,24911,13,Female,HR,13/5/2023,1
18828,32,0,1,Female,IT,30/4/2022,2
18829,56,20095,28,NA,HR,19/9/2021,3
18830,51,30824,0,Male, ,4/8/2020,5
18831,62,42143,79,Male,HR,11/3/2020,3
18832,26,34031,68,Female,-,18/2/2023,2
18833,32,44580,*,Female,Sales,6/4/2020,4
18834,26,21293, ,Male,Sales,10/7/2021,3
18835,25,32847,10,Female,HR,19/12/2023,5
18836,38,32504,35, ,HR,30/12/2022,2
18837,37,30477,3,Female,Finance,20/2/2024,1
18838,19,40875,50,Male,Marketing,29/4/2023,2
18839,48, ,53,Female,-,17/1/2021,5
18840,40,22355,15,Male,IT,12/3/2021,4
18841,33,18690,13,Female,Finance,5/2/2020,2
18842,58,51994,0,Male,Sales,4/2/2024,3
18843,22,37570,97,Female,Operations,23/9/2023,1
18844,62,53282,*,Female,IT,1/5/2023,2
18845,29,38351,NA,Male,IT,31/7/2021,5
18846,60,19584,70,Female,Marketing,12/4/2022,2
18847,55,46834,100,Female,Sales,8/3/2022,5
18848,47,43357,67,Female,Marketing,20/11/2022,4
18849,31,30642,-,Female,Operations,8/1/2022,4
18850,26,17797,0,Female,Sales,5/9/2022,5
18851,39,35786,81,Male,Sales,17/10/2023,5
18852,39,24139,0,Male,IT,1/7/2023, 
18853,27,36923,6,Female,Operations,13/2/2020,5
18854,41,19715,83,Male,Sales,14/1/2020,5
18855,47,*,0,Male,Operations,6/1/2022,2
18856,63,-,-,Female,Operations,1/11/2024,1
18857,25,,44,Female,HR,15/4/2022,4
18858,32,36106,93,Male,Finance,5/7/2022,1
18859,53,40110,,Male,Marketing,14/8/2021,5
18860,30,15386,*,Male,Sales,3/6/2020,3
18861,62,28172,49,Female,IT,6/4/2023,2
18862,21,30981,66,Female,HR,24/8/2024,4
18863,23, ,29,Male,Sales,11/1/2024,2
18864,NA,52087,76,Female,Finance,26/1/2022,3
18865,61,24748,50,Female,Operations,31/10/2021,2
18866,23,30011,46,Female,IT,3/3/2022,3
18867,33, ,75,Male,*,26/9/2020,3
18868,57,52338,43, ,Operations,23/9/2023,2
18869,50,43828,84,,Marketing,3/4/2020,5
18870,29,21557,0,Male,,1/4/2021,5
18871,24,42334,74,Female,Operations,4/6/2020,2
18872,42,40232,59,Female,Sales,29/6/2023,3
18873,55,28803,0,Male,Finance,17/12/2022,1
18874,*,21661,35,Female,IT,31/1/2020,4
18875,60,47461,100,Male,HR,3/12/2022,4
18876, ,26269,87,Male,Marketing,31/5/2024,
18877,54,59821,32,Male,*,23/4/2021,3
18878,32,48734,61,Female,Marketing,1/4/2020,5
18879,29,,57,Female,Finance,11/7/2024,4
18880,58,26547,4,Female,IT,4/11/2020,1
18881,20,33718,21,Male,HR,22/12/2021,3
18882,33,21245,73,Female,Marketing,19/8/2020,4
18883,25,43027,62,Male,NA,4/10/2021,2
18884,57,32527,84,Female,Finance,28/9/2022, 
18885,64,34164,73,Male,Sales,7/3/2021,3
18886,38,3683,50,Male,IT,29/1/2024,4
18887,27,40211,62,Male,HR,30/12/2020,1
18888,50,39129,72,Male,HR,14/5/2020,4
18889,46,49336,59,Male,Finance,13/10/2024,
18890,36,53362,41,*,HR,28/11/2023,2
18891,48,48425,9,Female,-,5/5/2024,3
18892,29,11281,19,Male,Operations,24/2/2020,3
18893,,38011,95,Female,IT,1/4/2024,1
18894,50,38024,85,Female,IT,21/10/2022,4
18895,52,45074,28,Female,Marketing,21/10/2023,2
18896,57,40382,63,Female,HR,24/6/2021,1
18897,61,36542,31,Male,Finance,30/10/2023,5
18898,32,,61,Female,HR,30/4/2021,4
18899,63,31755,50,Female,Marketing,10/10/2024,5
18900,21,-,81,Male,-,16/1/2021,3
18901,62,52604,94,,IT,28/6/2021,1
18902,NA,37182,57,Female,Finance,4/3/2024,4
18903,43,32262,41,*,Sales,24/2/2023,4
18904,31,12553,70,Female,Sales,12/5/2024,5
18905,37,30970,96,Male,HR,17/9/2024,3
18906,35,54551,55,Male,Finance,13/5/2023,3
18907,20,0,20,Male,Finance,16/3/2022,2
18908,41,NA,48,Male,Sales,6/4/2021,1
18909,44,23792,98,,Operations,23/12/2023,5
18910,21,21956,*,Male,Sales,19/6/2023,5
18911,39,46780,64,Female,Sales,9/3/2020,1
18912,31,NA,NA,NA,,4/2/2023,4
18913,37,31789,37,Female,IT,10/6/2024,2
18914,21,50758,NA,Male,Finance,14/7/2022,1
18915,53,49603,99,Female,IT,13/9/2022,5
18916,49,30396, ,Male,HR,9/4/2023,3
18917,50,37850,3,Male,IT,25/5/2021,5
18918,,42262,81,Female,Operations,20/2/2021,2
18919,38,37804,22,Female,IT,31/7/2024,2
18920,29,45768,8,, ,14/2/2022,1
18921,18,18073,70,Female,Sales,2/9/2020,3
18922,59,43720,50,Male,Operations,20/6/2020,4
18923,-,,44,,Finance,13/9/2022,1
18924,36, ,56,Female,Marketing,15/9/2022,2
18925,22,23203,25,NA,HR,29/3/2023, 
18926,60,30064,21,Female,Sales,29/12/2021,1
18927,22,20246,37,Male,Sales,27/4/2023,2
18928,37,32775,35,Female,Finance,23/3/2021,5
18929,43,43454,10,Female,Operations,5/5/2022,2
18930,23,8896,66,Female,HR,27/3/2020,5
18931,34,11268,81,Male,IT,22/8/2022,1
18932,44,40495,*,Male,Sales,29/7/2021,5
18933,40,24822,45,Male,Finance,27/2/2022,1
18934,39,*,0,Female,Operations,26/9/2024,5
18935,39,16949,71,Female,Operations,31/5/2024, 
18936,-,36980,90, ,HR,27/3/2021,5
18937,50,47692,7,Male,Finance,26/8/2020,2
18938,46,25905,49,NA,Sales,20/7/2021,2
18939,63,50568,,Male,Sales,15/10/2022,1
18940,-,40456,78,Female,,27/4/2024,2
18941,52,34310,93,Male,Finance,19/5/2020,3
18942,49,39716,42,Male,Marketing,14/6/2020,2
18943,*,41086,20,Male,Finance,9/11/2020,2
18944,55,NA,50,Male,Sales,21/7/2021,2
18945,58,23667,93,Male,Marketing,6/6/2020,1
18946,37,42589,16,Female,Finance,27/5/2021,NA
18947,-,,2,Female,Operations,31/8/2021,1
18948,*,42890,92,Female,Sales,27/12/2022,4
18949,32,0,25,Female,Marketing,15/6/2020,5
18950,32,40232,60,Male,*,12/10/2020,1
18951,41,30280,83,Female,Operations,18/8/2023,2
18952,NA,38795,95,Male,HR,4/6/2023,4
18953,32,30649,89,Female,Sales,4/5/2023,1
18954,21,32905,58,Female,,18/5/2021,NA
18955,61,50518,83,Male,Marketing,13/9/2022,5
18956,49,22818,40,Male,IT,25/5/2024,2
18957,41,30115,48,Female,Marketing,27/9/2020,2
18958,64,38861,95,Male,Marketing,30/5/2023,2
18959,31,24781,41,Female,IT,22/11/2020,4
18960, ,40007,38,Female,IT,29/7/2023,2
18961,47,37298,62,Male,Marketing,29/3/2023,4
18962,39,46186,67,Female,Operations,4/3/2021,2
18963,44,21046,86,Female,Finance,8/4/2023,2
18964,25,30331,0,Male,IT,24/5/2021,NA
18965,21,34426,14,Male,Sales,27/9/2020,2
18966,60,,,Female,Sales,17/6/2024,1
18967,19,43138,80,Female,Sales,9/5/2020,3
18968,20,23715,13,Male,Marketing,20/10/2023,5
18969,58,48113,22,Female,-,26/10/2022,2
18970,51,*, ,Male,IT,6/5/2022,5
18971,47,-,97,Male,Marketing,26/2/2024,5
18972,44,20746,38,Female,Marketing,31/12/2022, 
18973,50,35805,92,Female,IT,14/4/2023,1
18974, ,27759,0,Female,HR,4/8/2023,5
18975,,33424,58,Female,IT,25/5/2023,3
18976,59,29268,5,Male,IT,25/11/2024,3
18977,23, ,62,Female,NA,30/8/2021,4
18978,49,37150,98,Female,IT,19/10/2024,5
18979,64,5967,72,Male,HR,22/8/2022,5
18980,29,31951,66,Male,HR,17/8/2021,5
18981,23,48764,34,Male,Sales,25/10/2023,5
18982,45,37698,10,NA,HR,14/5/2023,3
18983,40,-,73,Male,*,4/2/2023,2
18984,36,34060,NA,Female,IT,7/1/2020,5
18985,39,36901,100,Female,IT,25/4/2023,-
18986,38,33667,47,Female,Operations,21/12/2023,4
18987,35,11310,63,Male,Operations,2/12/2023,5
18988,40,40171,85,Male,Marketing,31/8/2024,4
18989,20,185476,9,Female,-,15/4/2024,5
18990,20,15922,37,NA,Operations,4/8/2022,3
18991,29,31593,95,-,Finance,6/3/2021,
18992,31,36150,12,Male,Operations,13/11/2020,5
18993,52,44593,86,,HR,28/4/2022,1
18994,36,32886,53,Male,Operations,19/3/2022,5
18995,55,25915,12,NA,Finance,11/9/2024,5
18996,50,47888, ,Male,HR,8/10/2022,4
18997,44,*,,Female,Sales,20/4/2024,1
18998,46,35279,34,Male,Sales,27/5/2022,3
18999,52,42911,68,Female,HR,2/9/2021,5
19000,30,30551,62,Male,Finance,29/2/2024,1
19001,20,52326,11,Female,Finance,8/10/2021,NA
19002,26,,77,NA,Sales,26/7/2022,5
19003,59,44488,45,,HR,25/1/2022,3
19004,39,52767,43,Female,Operations,23/10/2021,5
19005,62,0,53,Male,Finance,10/7/2024,5
19006,58,44778,12,Male,Marketing,21/9/2022,1
19007,24,53412,,Female,,9/9/2022,1
19008,60,56100,12,Male,Operations,15/12/2021,1
19009,NA,40816,39,-, ,14/5/2023,3
19010,50,36071,12,Male,Sales,9/8/2023,3
19011,62,42092,37,Male,Sales,31/5/2022,3
19012,59,33720,92,Female,HR,22/10/2024,1
19013,22,0,94,Female,Sales,19/9/2020,4
19014,29,46210,4,Female,Sales,14/2/2021,1
19015,45,37071,0,Female,IT,17/7/2024,4
19016,*,*,78,Male,Sales,8/3/2021,3
19017,28,41699,34,Male,Finance,15/3/2020,1
19018,35,27506,13,Female,Operations,22/4/2020,4
19019,29,8541,39,Male,Sales,24/11/2023,3
19020,21,16575,11,Male,Sales,5/3/2020,4
19021,47,46277,40,Female,IT,14/4/2020,2
19022, ,38357,89,Male,Finance,14/2/2022,5
19023,35,40794,0,Male,Marketing,29/9/2021,5
19024,22,28748,35,Male,IT,29/8/2022,3
19025,22,32979,41,Female,Finance,6/1/2023,2
19026,19,31871,60,Male,Operations,22/10/2021,1
19027,54,-,78,Male,Finance,27/7/2021,*
19028,58,43365,56,-,Marketing,12/1/2021,1
19029, , ,37,Female,Operations,25/4/2020,5
19030,42,,39,Male,IT,22/1/2020,1
19031,51,30827,90,Female,Sales,20/7/2024,5
19032,52, ,45,Female,Sales,5/9/2024,2
19033,43,41957,81,*,IT,5/1/2022,5
19034,32,35539,10,Female,IT,9/11/2022,3
19035,56,18219,52,Male,Finance,13/12/2021,2
19036,40,62128,72,Male,HR,11/6/2022,NA
19037,55,49821,62,Female,HR,21/6/2021, 
19038,21,55258,24,Female,Marketing,23/7/2021,1
19039,51,34872,55,Male,Marketing,2/10/2022,5
19040,21,16741,32,Male,*,25/4/2024,2
19041,57,NA,9,Male,Finance,14/11/2024,*
19042,39,6666,71,Male,IT,10/11/2024,4
19043,46,0,9,Female,Marketing,30/8/2022,2
19044, ,28849,30,Female,Operations,5/7/2020,2
19045,37,0,64,Male,Marketing,24/5/2024,1
19046,62,32269,97,Male,HR,20/3/2022,2
19047,41,38622,78,Male,IT,27/6/2020,4
19048,32,36339,48,Male,Sales,28/6/2023,2
19049,52,19388,43,Female,Sales,29/5/2024,4
19050,-,6710,83,Female,HR,4/3/2022,2
19051,48,32483,75,Female,Finance,3/9/2023,3
19052,52,36649,20,Female,IT,16/11/2022,4
19053,42,19827,61,Female,Sales,25/9/2021,1
19054,44,47116,93,Female,HR,3/10/2020,-
19055,33,47568,74,Male,Marketing,26/11/2021,2
19056,60,25862,17,NA,Sales,8/9/2021,1
19057,51,23425,77,Male,-,4/2/2020,3
19058,53,38328,3,Male, ,21/2/2022,1
19059, ,NA,2,Male,IT,4/5/2021,3
19060,62,45387,5,NA,Marketing,21/8/2024,2
19061,46,47015,20,Male,Finance,2/3/2021,3
19062,54,19268,82,Female,Operations,15/3/2021,1
19063,50,42574,,Female,Finance,4/9/2020,5
19064,39,31964,60,*,IT,9/1/2022,NA
19065,42,48261,20,Male,Finance,20/5/2021,3
19066,22,16581,77,Male,Finance,24/9/2021,3
19067,26,48375,22,Female,Marketing,11/4/2024,5
19068,39,44114,0,Female, ,20/5/2020,4
19069,55,27288,89,Male,Marketing,4/2/2021,3
19070,58,38555,13,Male,IT,30/7/2024,2
19071,59,30070,0,,Finance,12/8/2023,4
19072,50,37069,46,Male,Operations,23/4/2023,2
19073,21,34774,59,Male,IT,29/9/2024,2
19074,19,31040,97,NA,Sales,20/2/2021,NA
19075,19,28477,39,NA,Sales,8/2/2022,*
19076,49,27675,59,Male,HR,24/5/2021,5
19077,38,52316,78,Male,HR,30/7/2023,2
19078,46,27548,89,Female,Finance,8/7/2023,4
19079,38,0,33,Male,Marketing,24/4/2023,4
19080,47,27555,*,Female,Finance,12/12/2020,*
19081,*,,6,Male,Sales,3/1/2020,3
19082,48,53204,20,Female,Sales,17/7/2022,4
19083,44,25903,58,Female,Operations,13/6/2020,1
19084,64,*,38,Male,Marketing,20/7/2023,2
19085,55,36027,63,Female,*,17/1/2024,3
19086,19,27225,67,,Marketing,17/2/2024,1
19087,NA,9404,49,Female,IT,16/12/2022,2
19088,51,14273,15,Female,IT,14/12/2021,1
19089,27,21033,88,Male,Sales,28/3/2024,4
19090,28,24734,80,Female,IT,20/1/2021,-
19091,31,48948,74,Female,Marketing,7/4/2024,2
19092,36,38300,NA,Female,Sales,16/6/2022,2
19093,18,34900,65,Male,Finance,18/9/2020,5
19094,22, ,9,Female,-,9/9/2023,3
19095,57,36161,85,Male,Sales,6/7/2020,2
19096,52,35900,*,Female,Operations,22/1/2022,
19097,59,28102,22,Male,IT,14/8/2021,1
19098,*,57997,74,Female,IT,13/1/2021,1
19099,32,48265,0,Male,Operations,6/12/2020,3
19100,62,27306,46,Male,HR,24/5/2023,5
19101,*,45446,65,Female,Marketing,4/12/2022,5
19102,44,45640,9,Female,Marketing,27/5/2023,4
19103,44,45546,61,Female,Marketing,26/3/2022,1
19104,23,29764,53,Female,IT,14/10/2020,1
19105,55,28847,21,Male,-,12/8/2021,NA
19106,25,23614,*,Female,HR,7/7/2021,NA
19107,62,51563,53,Male,HR,29/10/2021,1
19108,59,27680,69,Female,Sales,25/6/2024,3
19109,37,43423,66,Male,Finance,4/3/2023,1
19110,63,*,*,Male,Operations,12/3/2021,3
19111,57,30668,13,Female,Sales,18/2/2021,3
19112,30,30743,19,Male,Marketing,20/9/2020,
19113,54,41462,44,NA,Marketing,9/7/2024,3
19114,26,56228,60,Male,IT,13/12/2023,5
19115,37,19554,54,Female,IT,12/2/2020,3
19116,36,34925,0,NA,Sales,28/6/2023,5
19117,44,17627,61,Male,Finance,9/3/2023,5
19118,30, ,NA,Female,Sales,17/9/2021,4
19119,19,24212,46,Female,Marketing,5/8/2020,4
19120,53,37459,81,Female,HR,5/1/2023,3
19121,40,39349,71,Female,Operations,29/10/2021,2
19122,55,51512,63,Female,Finance,26/5/2022,4
19123,60,10147,NA,Male,Finance,7/8/2023, 
19124,56,53778,, ,Finance,31/8/2023,2
19125,24,32832,52,Male,Operations,18/3/2020,2
19126,36,44593,48,Male,Marketing,19/4/2020,4
19127,21,32765,45,Female,Sales,20/11/2022,2
19128,52,,17,Male,IT,20/1/2022,1
19129,40,182921,*,Male,HR,11/10/2023,5
19130,23,,90,Male,Sales,17/11/2021,2
19131,38,-,0,Male,Marketing,14/9/2022,2
19132,29,63609,86,Male,Finance,19/10/2023,1
19133,56,32206,26,Male,Marketing,26/1/2020,3
19134,-,13881, ,Male,*,27/12/2020,2
19135,55,20589,48,Male,HR,8/2/2021,5
19136,56,43336,55,Male,Marketing,17/1/2024, 
19137,44,25327,88,Male, ,20/9/2020,5
19138,46,44288,82,Female,IT,14/8/2022,5
19139,27,21521,90,Male,IT,27/9/2020,4
19140,47,42046,78,Female,Operations,29/1/2021,2
19141,59,19255,21,Male,Operations,9/3/2022,2
19142,40,33389,48,Male,IT,30/5/2020,-
19143,54,21595,71,Male,Marketing,13/1/2024,2
19144,18,39929,15,Male,Finance,11/6/2021,4
19145,37,36595,5,Female,Operations,7/6/2023,5
19146,55,38029,74,Male,Operations,6/3/2022,1
19147, ,11686,42,Male,Operations,27/2/2024,5
19148,44,24790,84,Male,IT,6/10/2020,5
19149,30,39875,64,Female,Operations,24/10/2020,2
19150,18,16803,92,Male,Finance,9/10/2021,2
19151,50,12268,NA,Male,HR,15/7/2024,4
19152,,52479,48,Female,*,7/4/2021,4
19153,31,26952,4,*,Sales,16/11/2022,3
19154,43,44630,79,Female,Sales,10/3/2020,4
19155,19,40567,68,Male,Marketing,22/3/2020,1
19156,63,24459,31,Male,Operations,3/1/2021,2
19157,-,39741, ,Male,Marketing,16/11/2023,*
19158,44,38585,58,Male,Sales,25/5/2021,1
19159,40,53557,46,Female,*,20/7/2022,1
19160,61,38760,40,Male,Finance,25/1/2023,1
19161,41,-,30,Female,IT,11/11/2022,5
19162,58,43371,56,Male,IT,21/12/2020, 
19163,*,34958,30,Female,IT,5/4/2023,3
19164,18,49247,1,Female,Operations,13/4/2024,*
19165,19,30334,8, ,,30/3/2022,3
19166,36,46093,-,Female,Marketing,28/4/2022,5
19167,40,27774,47,Female,Marketing,21/10/2021,4
19168,28,54683,58,Female,IT,20/8/2021,1
19169,27,74677,32,Male,HR,5/12/2022,4
19170,52,30760,92,Female,Marketing,24/1/2020,1
19171,61,,93,Female,HR,23/8/2023,3
19172,21,31875, ,Male,Marketing,9/9/2020,2
19173,56,0,18,Female,Marketing,24/9/2022,4
19174,57, ,53,Female,,1/1/2023,4
19175,30,37297,42,Male,Operations,28/10/2020,1
19176,*,33560,69,Male,IT,10/10/2022,5
19177,27,51846,49,Male,Marketing,16/1/2024,5
19178,57,41420,23,Female,Marketing,7/8/2021,4
19179,24,62306,30,Female,Sales,21/3/2023,5
19180,32,61139,33,Male,Operations,14/4/2023,-
19181,49,18417,65,Female,Operations,2/4/2024,2
19182,64,25191,62,Female,HR,15/2/2022,5
19183,18,17882,0,Female,HR,14/8/2021,2
19184,49,35895,16,Male,Operations,13/3/2021,1
19185,-,50559,100,Female,HR,30/11/2020,5
19186,53,47247,18,Female,IT,31/5/2023,
19187,19,18040,44,Female,,5/8/2022,-
19188,47,63776,69,Female,Finance,3/4/2022,4
19189,25,46749,89,Female,IT,8/5/2020,2
19190,36,19467,79,*,Finance,10/12/2021,3
19191,30,35340,9,Male,Operations,14/7/2023,3
19192,, ,35,Male,IT,28/9/2021,
19193,51,0,80,Female,Sales,4/9/2020,2
19194,36,46006,38,Female,HR,19/8/2023,4
19195,23,51300,86,Female,Marketing,30/1/2022,2
19196,62,0,63,Male,HR,18/6/2021,4
19197,38,51910,13,Male,Marketing,19/5/2021,5
19198,49,37939,61,Male,IT,27/12/2021,5
19199,25,46056,90,Male,IT,14/7/2024,5
19200,46,23472,44,Male,Operations,11/7/2020,4
19201,51,42946,0,Male,IT,21/9/2024,2
19202,35,12272,23,Male,Finance,13/10/2024,4
19203,20,41959,19,Female,Marketing,18/3/2024,2
19204,33,36733,81,Male,Sales,5/4/2022,2
19205,38,38648,70,Male,Operations,20/1/2021, 
19206,51,36575,13,Female,*,19/10/2022,2
19207,62,62585,18,Female,Marketing,3/4/2024,3
19208,61,31810,85,Female,HR,10/10/2023,2
19209,19,47626,27,Male,HR,13/7/2022,1
19210,-,50525,8,Male,HR,1/10/2024,4
19211,58,6574,58,Female,IT,19/2/2020,-
19212,29,24171,36,Male,IT,11/6/2021,4
19213,64,41670,*,Female,IT,18/10/2020,1
19214,NA,18509,15,Female,Sales,9/2/2022,3
19215,54,29368,35,Female,Finance,2/7/2024,4
19216,20,18505,52,NA,HR,1/9/2021,1
19217,47,36434,*,Male,IT,12/4/2024,4
19218,64,*, ,Female,-,23/6/2024,2
19219,-,50963,61,Male,Sales,26/5/2022,4
19220,23,18130,68,Male,Marketing,7/6/2021,5
19221,46,20023,,Female,NA,11/1/2024,4
19222,34,30918,79,Male,IT,28/5/2023,4
19223,-,49743,94,Female,Sales,17/8/2020,*
19224,62,25636,66,Male,Operations,5/6/2024,2
19225,51,40547,22,Male,IT,15/8/2024,1
19226,20,41199,92,Male,Operations,1/9/2022,5
19227,26,40153,70,Male,IT,16/12/2020,1
19228,42,35279,91,Female,IT,24/7/2021,2
19229,48,21597,35,Male,HR,10/2/2023,2
19230,63,35270,14,Female,Marketing,6/1/2021,
19231,64,41852,36,Female,NA,27/3/2023,2
19232,18,43230,38,Female,IT,18/6/2024,-
19233,58,26104,44,Female,Marketing,10/1/2020,3
19234,54,25993,35,Male,Marketing,10/12/2023,2
19235,19,54989,-,Male,Operations,24/2/2021,2
19236,27,25498,88,Female,HR,30/11/2022,4
19237,59,27622,86,Male,Sales,10/2/2024,4
19238,48,48755,-,Male,IT,21/2/2023,2
19239,41,26608,82,Female,NA,11/2/2023,2
19240,25,20320,42,Female,Sales,11/10/2022,2
19241,52,56689,51,Female,HR,14/5/2023,5
19242,27,47499,*,Male,Sales,10/5/2021,5
19243,57,22409,64,Male,Marketing,24/1/2024,5
19244,58,38834,NA,Female,IT,18/5/2024,3
19245,33,37704,52,Male,Operations,12/5/2023,2
19246,53,57237,69,Female,Finance,30/10/2022,2
19247,27,0,71,Male,-,31/5/2022,3
19248,34,46833,83,Male,IT,8/5/2023,2
19249,64,50959,15,Female,HR,7/11/2023,2
19250,50,25451,-,Male,,16/7/2022,2
19251,56,54113,90,Male,Finance,16/4/2022,5
19252,37,37228,65,Female,HR,22/4/2020,4
19253,18,43436,-,Female,IT,21/8/2021,
19254,23,*,9,Female,HR,18/7/2020,2
19255,,57441,41,Male,Finance,14/9/2022,1
19256,54,54242,25,-,Marketing,29/6/2021,1
19257,46,46378,17,Male,Operations,16/5/2020,2
19258,42,52120,99,Male,Sales,6/3/2024,1
19259,48,69042,34,Female,IT,6/10/2020,4
19260,58,NA,42,Male,Sales,4/10/2020,1
19261,45,37955,9,Female,HR,21/11/2020,5
19262,*,285064, ,Female,*,24/5/2023,2
19263,61,38096,48,Male,Finance,6/5/2024,*
19264,18,51134,24,Male,IT,17/11/2022,1
19265,36,61473,29,Female,Marketing,8/10/2021,2
19266,54,25296,67,,Marketing,22/8/2023,2
19267,63,25772, ,Female,Operations,25/5/2021,NA
19268,23,41656,17,Male,HR,30/12/2020,1
19269,37,62877,81,Male,IT,12/11/2021,2
19270,21,32216,100,Female,Sales,22/9/2021,4
19271,31,62394,88,Male,Finance,20/3/2023,2
19272,33,30470,32,Male,Sales,6/2/2023,1
19273,51,55357,68,Female,Sales,29/7/2023,4
19274,,32369,70,Female,IT,4/6/2020,2
19275,53,34258,65,Male,NA,22/2/2024,4
19276,58,31195,58,Female,IT,2/11/2023,5
19277,57,45441,80,Female,HR,9/11/2022,5
19278,39,36723,46,Male,Sales,15/7/2022,4
19279,29,28365,27,Male,IT,16/11/2022,5
19280,38,0,61,Male,Finance,18/4/2024,1
19281,21,45743,8,Male,Operations,6/11/2021, 
19282,60,,98,Male,Marketing,18/12/2021,2
19283,43,43560,66,Female,Sales,30/7/2024,5
19284,NA,31279,57,Male,Operations,21/4/2021,4
19285,40,35170,33,Male,Sales,14/12/2021,5
19286,63,26758,38,Male,IT,22/4/2023,3
19287,54,36701,15,Female,Operations,23/7/2023, 
19288,,56390,42,Female,Operations,31/1/2023,NA
19289,61,9655,66,Female,Finance,4/3/2024,3
19290,19,27025,15,Female,*,17/4/2022,4
19291,20,,25,Female,Marketing,15/5/2020,5
19292,58,29750,,Male,IT,11/8/2022,1
19293,52,-,46,Female,Marketing,2/7/2023,5
19294,57,47074,59,Female,Marketing,23/5/2021,1
19295,32,,26,Male,Finance,4/9/2024,4
19296,26,36338,24,Male,Marketing,22/7/2022,*
19297,27,31784,93,Male,Marketing,22/12/2020,NA
19298,26,41643,94,Male,,5/9/2020,2
19299,19,14415,60,Male,Finance,5/9/2022,3
19300,40,55031,28,Male,Sales,23/9/2021,5
19301,51,35419,*,-,Operations,28/11/2024,1
19302,36,22726,33,Female,Marketing,17/5/2022,2
19303,52,42007,85,Female,Marketing,27/8/2021,4
19304,54,65326,11,Male,Sales,3/10/2020,1
19305,42,34095,47,Male,Sales,7/1/2022,1
19306,35,34174,0,Male,NA,27/6/2023,4
19307,59,50354,33,Female,HR,30/7/2021,3
19308,58,39970,29,Male,HR,20/5/2020,4
19309,59,41789,36,Male,HR,28/7/2022,4
19310,36,22550,31,Male,Sales,30/9/2021,5
19311,53,49334,30,Male,Finance,15/7/2024,4
19312,42,27816,49,Male,Operations,15/7/2024,3
19313,33,23875,46,Male,IT,30/3/2022,5
19314,63,19644,44,Female,Operations,19/1/2023,2
19315,46,40544,6,Male,Sales,17/7/2020,5
19316,62,42400,7,Male,Finance,10/4/2022,2
19317,34,NA,65,Female,,6/11/2021,1
19318,29,33343,NA,Female,HR,2/3/2024,2
19319,32,27269,66,Female,Finance,30/4/2021,1
19320,41,45771,15,Male,,21/3/2023, 
19321,62,32444,40,Male,IT,14/2/2020, 
19322,29,32305,8,Female,Sales,30/10/2020,4
19323,32,36488,15,Female,Operations,10/4/2023,4
19324,25,37107,16,Female, ,22/10/2024,1
19325,-,64545,27,Male,Operations,13/9/2022,4
19326,42,26023,63,Male,Marketing,13/9/2023,1
19327,44,0,65,Male,Finance,6/4/2024,2
19328,60, ,97, ,Finance,16/12/2022,
19329,*,35063,2,NA,IT,14/4/2021,2
19330,NA,36569,11,Female,HR,25/2/2020,3
19331,*,41474,53,Male,Finance,10/12/2022,1
19332, ,36877,63,Male,IT,13/12/2023,2
19333,24,42974,41,Male,*,12/5/2023,4
19334,18,32573,43,Male,Sales,3/11/2021,1
19335,48,,57,Female,IT,15/3/2020,3
19336,32,43598,69,NA,Marketing,16/10/2023,3
19337,25,*,87,Female,-,7/8/2022,5
19338,61,37965,1,Male,Finance,3/12/2024,1
19339,41,22775,84,Male,,23/7/2024,3
19340,23,56726,44,Male,Sales,12/10/2024,2
19341,62,20492,61,Female,*,14/3/2024,4
19342,52,30904,33,Female,IT,28/2/2020,2
19343,40,0,92,Male,IT,12/1/2024,-
19344,33,53287,84,Female,IT,27/12/2021,*
19345,61,18858,0,Female,Sales,7/5/2024,
19346,43,41894,75,Male,Operations,2/4/2023,2
19347,36,21184,2,*,Marketing,17/11/2022,5
19348,NA,22112,23,Male,HR,9/11/2020,3
19349,30,25575,56,Male,NA,15/6/2024,2
19350,61,48526,NA,Female,IT,21/10/2024,2
19351,29,63690,81,Male,Finance,22/4/2024,4
19352,52,44574,100,NA,Sales,26/1/2020,3
19353,51,33694,0,Male,Sales,6/2/2023,5
19354,44,52448,86,Female,Operations,24/11/2024,4
19355,64,34666,8,Male,-,17/5/2023,1
19356,28,29183,11,Female,Finance,2/3/2020,-
19357,42,26663,27,Female,HR,19/12/2022,5
19358,19, ,59,Male,IT,3/3/2020,5
19359,19,44744,NA,Female,Sales,27/3/2021,2
19360,63,37918,49,Female,,10/11/2021,2
19361,28,35925,5,Female,Operations,25/11/2022,2
19362,64,34814,4,Male,HR,16/9/2022,5
19363,, ,30,Female,Marketing,26/1/2022,5
19364,30,26008,88,Female,HR,25/10/2020,2
19365,20,24151,37,Male,NA,2/10/2022,5
19366,55,35872,5,Male,Finance,25/12/2022,2
19367,32,37373,18,Male,-,1/1/2024,4
19368,64,37546,31,,Finance,8/1/2022,3
19369,31,37444,62,Female,IT,6/11/2020,2
19370,42,31463,40,Male,Finance,7/12/2023,1
19371,39,46531,65,Male,,22/12/2021,4
19372,34,72,21,Female,IT,15/7/2021,3
19373,31,27215,NA,Male,IT,17/8/2021,2
19374,60,22114,28,Female,Marketing,28/5/2023,2
19375,26,30099,16,Male,HR,4/12/2021,2
19376,60,*,72,Female,Operations,31/3/2022,4
19377,-,51920,82,Female,Finance,3/3/2020,5
19378,63,-,69,Female,Operations,20/1/2021,4
19379,59,18976,35,Male,Marketing,31/3/2024,5
19380,43,0,76,,Sales,1/9/2021,5
19381,41,53628,87,Male,Finance,13/9/2023,2
19382,30,*,18,Male,Finance,24/12/2020,*
19383,28,65655,90,Female,Marketing,5/10/2020,2
19384,36,61336,22,Male,Marketing,18/2/2024,2
19385,20,59499,-,Male,Sales,18/10/2022,*
19386,49,34338,14,Female,Marketing,19/7/2022,3
19387,62,*,73,Female,Finance,2/10/2021,4
19388,52,26713,70,Female,Operations,21/11/2024,5
19389,20,34142,11,Female,IT,26/12/2022,3
19390,38,12679,95,Male,,18/7/2020,1
19391,47,33880,89,Female,HR,21/7/2021,2
19392,42,36154,86,Female,HR,18/10/2023,5
19393,53,22597,96,Female,*,25/7/2022,3
19394,44,0,91,Male,Operations,14/9/2021,1
19395,,30301,7,Male,-,27/6/2021,4
19396,39,37768,44,Male,Marketing,28/6/2021,4
19397,29,42087,53,*,IT,12/8/2022,3
19398,43,34280,42,,Sales,3/10/2021,5
19399,23,51498,11,Female,IT,15/3/2020, 
19400,20,17886,53,Male,Finance,5/3/2021,NA
19401,23,14151,-,Male,IT,4/12/2024,3
19402,53,39413,11,Male,Marketing,2/10/2022,1
19403,27,23456,42, ,Marketing,8/2/2022,5
19404,21,25033,5,Female,Marketing,6/5/2020,4
19405,43,34737,26,Female,Operations,13/1/2020,4
19406,57,24023,4,Female,Marketing,17/7/2021,5
19407,46,26850,62,Male,Marketing,27/9/2022,4
19408,64,17743,43,,NA,8/12/2020,2
19409,35,14276,50,Female,IT,27/7/2024,1
19410,49,34596,38,NA,Sales,24/1/2023,4
19411,19,45985,89,Male,Marketing,1/9/2020,3
19412,38,20178,63,Female,IT,21/4/2022,1
19413,58,30052,23,Female,HR,1/7/2024,3
19414,49,0,95,Female,Finance,25/7/2022,3
19415,57,,1,Male,IT,7/4/2024,3
19416,43,30775,71,Female,Sales,25/6/2020,4
19417,57,0,29,Male,IT,18/9/2021,2
19418,58,15038,0,Male,Marketing,7/12/2021,1
19419,20,36207,60,Male,Marketing,2/5/2020,-
19420,25,44113,17,Male,Marketing,4/12/2020,
19421,35,27689,23,Female,HR,19/8/2020,5
19422,,31928,9,Male,IT,2/1/2021,1
19423,61,29032,12,Female,HR,27/10/2020,5
19424,NA,25107,79,Male,Sales,7/11/2022, 
19425,NA,-,9,Female,Operations,25/12/2020,2
19426, ,29236,88,Male,Sales,13/4/2022,5
19427,55,44445,48,Male,IT,3/2/2023,2
19428,34,47784,36,Female,Sales,10/8/2020, 
19429,48,31265,77, ,IT,4/7/2023,4
19430,26,39496,80,Female,Operations,23/8/2023,1
19431,33,46985,68,Male,Operations,3/4/2024,3
19432,25, ,90,Female,IT,15/2/2024,5
19433,-,20354,73,Female,Sales,14/9/2023,5
19434,43,25414,69,Male,Sales,30/12/2020,5
19435,63,49286,83,Male,,5/8/2021,2
19436,60,*,77,Female,IT,24/9/2024,2
19437,46,32162,61,Male,HR,16/3/2021,3
19438,42,43748,45,Male,HR,6/5/2022,2
19439,34,12082,,Female,*,24/4/2024,5
19440,57,55204,79,Male,*,30/6/2023,-
19441,37,22355,43,Female,Marketing,20/7/2022,4
19442,45,41688,52,Female,Sales,14/10/2022,1
19443,NA,31899,76,Male,HR,5/11/2023,4
19444,59,43509,26,Male,Finance,7/7/2020,5
19445,38,37222, ,Male,Operations,22/10/2020,4
19446,52,20826,61,Male,Operations,10/4/2021,1
19447,*,50494,77,Female,NA,8/8/2021,1
19448,20,51301,93,Male,HR,18/3/2021,4
19449,38,47896,100,Male,Finance,27/6/2022,4
19450,60,33907,69,Female,IT,9/6/2024,1
19451,33,44696,NA,Male,Finance,29/4/2023,3
19452,36,18697,39,Female,Finance,15/4/2021,5
19453, ,*,45,Female,Marketing,23/4/2020,2
19454,-,26698,98,Male,Sales,2/11/2023,3
19455,41,34869,17,Female,Operations,30/10/2022,2
19456,40,60610,61,Male,Marketing,21/3/2023,2
19457,43,23390,51,Female,Finance,24/8/2024,3
19458,60,27387,99,Female,Finance,3/6/2022,3
19459,52,42616,-,Female,Sales,26/3/2020,3
19460,24,33588,44,Female,Finance,22/1/2023,4
19461,24, ,*,Female,Finance,3/2/2023,5
19462,32,54781,36,Male,*,25/3/2020,4
19463,21,44771,75,Female,Finance,11/5/2024,4
19464,40,20077,0,Female,Operations,20/6/2021,4
19465,61,18707,36,Male, ,18/12/2021,-
19466,40,43506, ,Male,Operations,13/4/2023,5
19467,48,234581,93,Male,-,28/4/2023,
19468,61,27360,58,Female,Marketing,16/3/2024,1
19469,63,174983,92,Female,Marketing,25/7/2023,5
19470,27,34047,3,Female,Marketing,23/9/2021,1
19471,30,0,6,Male,Finance,20/4/2021,1
19472,54,30689,89,Male,HR,19/4/2020,5
19473, ,35421,59,Female,Operations,18/12/2020,4
19474,40,29148,93,Male,Marketing,17/3/2024,2
19475,45,42581,47,Female,IT,12/4/2023,2
19476,37,39821,22,Male,Finance,16/12/2020,1
19477,54,,23,Female,Operations,28/5/2020,NA
19478,-,34642,21,*,IT,13/10/2020,5
19479,-,28293,52, ,Finance,20/4/2020,4
19480,46,40634,48,Male,Marketing,8/8/2024,3
19481,40,33450,25,Female,IT,11/1/2022,1
19482,50,26322,26,Male,Operations,12/5/2023,4
19483,40,39101,22,Female,IT,24/4/2021,4
19484,20,34674,29,Female,HR,6/11/2023,1
19485,23,36109,81,Male,Marketing,19/5/2022,2
19486,63,36173,0,Female,Marketing,13/8/2022,3
19487,20,,83,Female,Marketing,9/8/2020,2
19488,63,*,53,Male,Operations,20/5/2021,5
19489,20,46302,92,Female,Operations,8/3/2024,5
19490,26,21532,-,Female,,27/6/2020,3
19491,40,28921,21,Male,Operations,20/4/2024,5
19492,30,24878,21,Female,Operations,4/11/2023,5
19493,34,2947,50,Male,Sales,12/1/2023,4
19494,26,30757,45,,Sales,19/11/2020,3
19495,33,*,-,Female,IT,10/3/2024,3
19496,60,30280,92,,NA,4/5/2021,5
19497,48,39095,69,Female,IT,22/11/2020,1
19498,*,15462,97,Male,Marketing,10/9/2020,4
19499,42,41522,15, ,IT,16/7/2020,4
19500,58,25176,44, ,Marketing,27/10/2024,1
19501,63,24757,20,Female,Sales,7/3/2024,3
19502,31,0,33,Male,Sales,25/1/2022,4
19503,45,31277,81,Male,Sales,23/11/2020,1
19504,50,NA,65,*,Sales,24/2/2024,5
19505,45,40202,29,Male,Operations,14/12/2022,3
19506,29,52952,100,Male,IT,6/11/2020,1
19507,62,59642,31,Male,-,13/1/2023,3
19508,*,56272,74,NA,Operations,19/7/2023,3
19509,61,27296,54,Female,NA,23/1/2024,1
19510,44,0,97,Female,Sales,18/1/2022,3
19511,18,-,21,Male,Finance,13/1/2020,1
19512,22, ,16,Male,Sales,19/2/2022,5
19513,40,16854,29,Female,Sales,4/10/2021,-
19514,25,46188,61,Male,IT,18/7/2023,4
19515,25,53343,50,Male,HR,8/7/2023,4
19516,52,19681,-,Female,Sales,12/5/2020,5
19517,43,23464,0,Male,IT,4/11/2022,1
19518,*,26106,38,Male,,11/4/2023,2
19519,42,61677, ,Male,Operations,15/8/2020,4
19520,30,50008,,Female,IT,11/1/2023,2
19521,32,20139,16,Female,Operations,14/5/2021,5
19522,45,0,40,Female,Operations,9/4/2022,5
19523,48,24688,90,Male,Marketing,19/5/2024,3
19524,47,46870,14,Male,Marketing,30/4/2021,2
19525,29,258806,98,Female,Operations,17/7/2021,4
19526,48,50185,33,Male,IT,17/11/2023,5
19527,55,24912,51,-,Marketing,6/8/2023,5
19528,56,33334,NA,Female,Finance,24/4/2020,1
19529,60,24351,24,Male,Sales,23/10/2023,3
19530,20,32696,7,Female,Sales,15/1/2020,
19531,*,48079,79,-,Sales,11/12/2023,5
19532,35,18057,91,Male,Operations,20/5/2024,1
19533,24,47817,45,Female,IT,20/9/2021,4
19534,64,24304,19,Male,Sales,5/9/2020,4
19535,57,38129,16,Female,Marketing,19/11/2023,-
19536,57,25900,75,Female,Marketing,25/6/2021,2
19537,64,15266,79,NA,Sales,20/8/2021,5
19538,38,25004,90,-,Finance,23/4/2024,3
19539,45,25489,45,Male,-,24/7/2024,2
19540,25,32284,13,Female,Marketing,12/8/2020,2
19541, ,41542,96,Male,NA,28/11/2020,3
19542,56,39542,60,Male,Marketing,1/6/2022,4
19543,-,41075,3,,Sales,19/6/2023,3
19544,33,68193,40,Male,HR,31/12/2020,-
19545,51,34054,93,Female,IT,20/10/2023,1
19546,64,42717,28,Female,Operations,1/9/2024,3
19547,59,30393,-,Female,Finance,10/4/2021,2
19548,60,22825,46,Female,*,27/3/2024,3
19549,56,14423, ,-,-,21/12/2021,5
19550,36,47170,44,Male,IT,29/1/2021,5
19551,39,,80,Female,Finance,7/9/2023,5
19552,,43282,54,Male,IT,7/1/2022,1
19553,29,39977,58,Male, ,14/8/2022,5
19554,56,21292,80,Male,Finance,14/8/2023,1
19555,49,24247,74,Male,Operations,15/11/2022,2
19556,57,NA,57,NA,Sales,1/12/2024,3
19557,20,43992,75,*,IT,1/4/2023,4
19558,64,50706,48,Female,Operations,9/12/2020,1
19559,52,38322,99,,Finance,25/4/2023,1
19560,19,8246,76,Male,Finance,25/4/2021,1
19561,43,44039,90,Female,HR,2/2/2024,*
19562,24,35176,42,Female,HR,2/3/2023,3
19563,21,29183,,Male,Marketing,31/1/2020,*
19564,30,40515,49,Male,Sales,6/7/2023,2
19565,59,37057,44,Male,HR,12/5/2023,5
19566,57,62699,88,Male,Marketing,13/2/2021,1
19567,24,57861,33,Male,IT,9/1/2024,3
19568,48,51394,-,Female,IT,1/6/2022,3
19569,20,29165,18,-,Operations,20/7/2023,2
19570,24,11221,0,Female,Marketing,7/10/2023,4
19571, ,21974,63,,Marketing,22/2/2021,1
19572,49, ,64,Male,Marketing,7/9/2024,2
19573,44,25208,19,Male,IT,18/11/2024,1
19574,58,52443,94, ,*,18/7/2022,3
19575,31,244897,39,Female,Marketing,9/4/2020,2
19576,30,36592,54,Male,Operations,29/1/2022,5
19577,29,34005,96,Female,Operations,13/8/2020,3
19578,29,-,66,Female,Finance,3/11/2021,2
19579,48,54812,74,Male,IT,30/8/2021,1
19580,47,35872,38,Male,HR,6/1/2023,3
19581,53,27581,0,Male,HR,10/8/2021,2
19582,36,35343,86,Male,Sales,24/12/2020,4
19583,44,0,-,NA,Finance,22/4/2023,NA
19584,44,33112,43,Male,IT,11/2/2021,5
19585,-,56845,65,Female,IT,11/10/2023,2
19586,55,42604,40,Female,Marketing,25/1/2021,1
19587,25,-,NA,Male,Operations,20/3/2021,4
19588,59,50832,NA,-,Operations,3/9/2021,3
19589,44,33047,20,Male, ,23/8/2024,4
19590,36,NA,78,Female,Sales,22/8/2022,2
19591,-,25034,1,Male,Sales,3/4/2023,4
19592,52,49365,20,Male,Marketing,25/9/2020,4
19593,54,0,93,Female,Sales,13/12/2023,5
19594,62,33146,88,-,Sales,27/2/2020,1
19595,41,16678,40, ,Finance,28/10/2020,4
19596,58,32635,1,Male,IT,19/1/2020,1
19597,40,NA,49,Male,Marketing,14/6/2022,1
19598,22,45265,52,Female,Sales,8/1/2022,4
19599,NA,40766,99,,IT,3/10/2024,1
19600,36,39865,86,Male,IT,23/9/2020,3
19601,61,48212,*,Male,IT,17/11/2024,2
19602,39,38121,61,Female,Sales,1/6/2022,5
19603,59,35408,27,Male,Sales,7/6/2024,4
19604,33,14306,17,*,Finance,29/9/2021,2
19605,-,48026,NA,Female,Finance,8/8/2022,3
19606,47,30126,8,Female,Marketing,27/12/2020,3
19607,24,61274,0,Female,Sales,27/7/2023,2
19608,20,54248,29,Male,IT,28/2/2022,1
19609,50,31951,82,Female,Marketing,20/7/2021,-
19610,-,9293,39,Male,Finance,4/12/2023,*
19611,48,204339,29,Male,Marketing,1/11/2022,5
19612,42,25343,69,Female,IT,13/3/2021,2
19613,48,20078,87,Male,HR,20/2/2021,3
19614,50,20961,71,Male,Marketing,23/7/2024,2
19615,23,53289,0,Male,Finance,12/9/2022,4
19616,28,28801,60,Male,IT,20/3/2022,2
19617,23,48870,46,Male,Operations,29/5/2021,2
19618,42,54193,62,Female,Finance,11/9/2022,4
19619,51,20986, ,,HR,20/6/2020,4
19620,NA,45947,50,Male,Marketing,27/1/2023,2
19621,34,49649,74,Male,Operations,22/3/2021,3
19622,40,21758,*,Female,Finance,8/9/2024,1
19623,28,27144,-,Male,Sales,18/10/2021,
19624,33,25336,93,Male,Marketing,25/7/2023,
19625,63,24564,11,Male,IT,16/12/2020,5
19626,46,54649,10,Female,-,25/6/2023,2
19627,26,25174,19,Male,Sales,17/1/2024,5
19628,18, ,98,Female,Sales,6/1/2021,4
19629,24,-,64,Male,Finance,20/1/2024,5
19630,63,12242,44,,Finance,26/4/2021,1
19631,47,49013,67,Male,HR,2/2/2024,3
19632,27,42623,62,Male,HR,28/3/2022,2
19633,38,-, ,Male,Operations,16/4/2022,5
19634,51,30645,4,*,Marketing,26/12/2022,3
19635,47,16306,2,Female,IT,27/1/2022,5
19636,54,0,87,Female,HR,14/8/2022,5
19637,34,24694,72,Female,Finance,1/5/2023,5
19638,44,32359,0,Male,Sales,6/8/2021,4
19639,46,28048,31,Male,HR,28/12/2022,2
19640,50,34883,38,-,Marketing,15/7/2023,2
19641,55,35276,17,Male,IT,16/7/2021,
19642,51,31748,54,Female,Finance,14/10/2021,2
19643, ,22341,*,Female,HR,21/9/2022,1
19644,38,34762,70,Female,Finance,3/4/2021,
19645,54,33540,60,Male,IT,6/3/2020,5
19646,41,39253,91,Male,Sales,7/8/2020,2
19647,32,25989,89,Male,Marketing,24/10/2024,2
19648,43,23056,42,Male,Finance,7/10/2023,NA
19649,26,35862,48,Female,Marketing,2/3/2022,3
19650,35,30121,37,Female,HR,19/10/2022,4
19651,56,44632,38,Female,Marketing,5/9/2022, 
19652,24, ,87,Female,HR,31/10/2021,4
19653,37,35982,0,Male,HR,9/7/2022,5
19654,24,50809,58,Male, ,11/12/2021,1
19655,32,30500,83,Male,IT,27/9/2022,3
19656,51,29991,65,Female,Sales,12/10/2023,
19657,35,46464,22,Male,HR,19/2/2022,2
19658,45,47201,96,-,Sales,12/9/2021,
19659,25,39062,24,Female,Finance,6/8/2024,3
19660,24,29521,27,Female,Sales,17/4/2024,3
19661,56,42953,93,Female,Operations,12/9/2021,1
19662,54,39248,79,Female,,24/1/2020,3
19663,18,28900,56,Male,Sales,2/1/2024,3
19664,18,34984,29,Female,Sales,9/1/2023,3
19665,48,35912,55,Male,Finance,8/10/2022,3
19666,25,0,9,Male,Sales,7/10/2022,5
19667,43,13899,27,Male,IT,16/1/2023,1
19668,34,19772,0,Female,Sales,26/1/2022,1
19669,55,38788,23,Male,Marketing,28/11/2024,1
19670,-,26068,0, ,-,29/4/2021,3
19671,21,12791,96,Female,HR,19/3/2023,2
19672,58,23828,45,Male,Operations,20/5/2021,1
19673,19,33137,83,Male,Marketing,1/4/2021,3
19674,41,32958,23,Male,IT,28/10/2022,2
19675,41,28968,0,Female,Operations,16/7/2020,5
19676,53,38056,51,Female,HR,1/10/2020,3
19677,36,28785, ,Female,Sales,8/12/2023,5
19678,50,29391,16,Male,HR,28/4/2020,3
19679,20,46533,55,Male,Finance,22/9/2020,-
19680,34,-,63,Female,Marketing,13/9/2020,2
19681,21,,23,Male,Finance,13/12/2021,4
19682,38,35110,77,Male,Finance,21/9/2022,3
19683,28,49186,9,Female,,8/2/2021,2
19684,33,0,20,Male,Sales,1/10/2022,5
19685,57,28268,15,Male,Operations,27/4/2020,2
19686,50,44332,28,Male,IT,17/5/2024,4
19687,26,42728,34,Male,NA,24/2/2021,5
19688,42,24779,23,Female,Sales,3/6/2021,3
19689,51,10057,94,Female,HR,14/8/2020,3
19690,57,54385,10,Male,Sales,26/6/2020,3
19691,54,21652,3,Female,IT,14/4/2023,5
19692,-,11197,78,Male,Operations,27/6/2020,2
19693,*,23506,27,Female,Finance,7/8/2020,2
19694,37,46561,28,Female,,10/10/2022,2
19695,*,NA,70,Male,HR,25/8/2024,*
19696,33,46798,35,NA,IT,14/7/2024,1
19697,52,31654,72,Female,Marketing,6/3/2024,1
19698,61,21553,76,Female,HR,27/3/2023,NA
19699,60,48570,99,*, ,22/7/2021,1
19700,28,32835,29,Male,HR,13/3/2024,4
19701,59,,54,Male,Operations,10/11/2023,2
19702,31,25236,61,Male,HR,6/2/2020,3
19703,51,32944,70,Male,Operations,14/5/2020,4
19704,30,43681,80,Female,Operations,28/6/2022,3
19705,30,15519,22,Male,Operations,21/6/2022,5
19706, ,*,27,Male,Sales,26/3/2022,1
19707,18,62828,72,Female,HR,8/7/2021,1
19708,,*,38,Female,IT,2/12/2022,2
19709,51,0,89,Male,Sales,22/4/2020,3
19710,29,41437,64,Male,IT,21/10/2023,5
19711,64,29451,77,Male,HR,28/4/2021,5
19712,62,,81,Male,Finance,25/5/2023,3
19713,61,36524,-,Female,IT,1/1/2023,4
19714,35,58076,23,Female,HR,26/12/2020,3
19715,20,38534,15,Female,Finance,25/11/2024,3
19716,18,NA,75,Female,Marketing,11/12/2023,
19717,34,28872,89,Female,Finance,3/2/2023,3
19718,56,36272,93,Male,Sales,4/9/2021,1
19719,42,28379,40,Male,*,24/9/2022,1
19720,32,43676,75,Female,Marketing,1/11/2023,2
19721,-,32415,75,Female,IT,17/2/2020,2
19722,21,23600,5,Female,,12/9/2020,2
19723,60,52480,6,Male,Sales,3/4/2022,3
19724,41,27911,62,Male,HR,15/12/2020,4
19725,36,32387,36,Female,Finance,27/9/2021,2
19726,62,32032,82,Male,Sales,30/1/2020,1
19727,20,25630,67,Female,Sales,9/6/2023,5
19728,59,29581,100,Male,Sales,9/4/2021,3
19729,46,42126,38,*,HR,12/4/2022,2
19730,45,29461,41,Male,IT,16/3/2022,5
19731,33,20293,36,Male,Sales,27/5/2020,4
19732,*,33753,71,Male,Sales,5/7/2021,1
19733,27,20600,95,Male,NA,24/6/2020,2
19734,29,,33,Male,Marketing,9/8/2023,1
19735,24,24409,87,Male,,31/10/2023,NA
19736,53,40408,-,Female,Operations,27/8/2023,4
19737,29,30722,35,Female,Sales,28/1/2023,2
19738,59,38188,74,Female,Marketing,27/4/2024,1
19739,42,45096,78,Female,Finance,10/10/2021,3
19740,58,42594,57,Male,Finance,2/3/2023,1
19741,58,28888,8,Female,Marketing,28/1/2023,1
19742,45,274231,69,,HR,13/4/2024,1
19743,44,0,70,Male,Operations,7/2/2023,4
19744,*,25991,42,Male,*,10/4/2024,1
19745,63,24733,4,Female,Sales,3/6/2024,5
19746,62,47319,32,Male,Finance,9/1/2023,-
19747,22,60249,97,Female,Operations,8/10/2023,5
19748,54,30700,*,Female,Marketing,6/2/2021,4
19749,57,21741,12,Male,Sales,12/6/2020,NA
19750,28,49059,46,Male,Operations,28/5/2020,5
19751,30,28352,63,Male,HR,15/12/2021,1
19752,33,32930,42,Female,Marketing,4/4/2020,1
19753,54,39517,95,Male,IT,25/9/2021,2
19754,29,15566,78,Male,Operations,29/10/2021,3
19755,27,62757,60,Female,IT,29/11/2022,2
19756,36,24518,77,Male,Sales,1/1/2021,5
19757,24,17899,51,Female,Operations,18/2/2021,3
19758,63,32955,,Female,Sales,9/3/2020,
19759,,222502,4,Female,HR,1/3/2021,2
19760,37,34938,30, ,Finance,5/8/2023,4
19761,45,27819,74,Male,Finance,23/11/2023,4
19762,24,24175,53,Male,*,9/10/2021,3
19763,24,14955,70,Female,-,5/4/2023,4
19764,43,NA,70,Male,Sales,20/6/2021,1
19765,21,,10,Male,HR,7/1/2020,5
19766,58,1438,33,Male, ,1/5/2024,5
19767,38,34883,10,Female,NA,25/6/2022,2
19768,,215078,88,Female,Finance,7/8/2022,2
19769,63,29015,63,Male,Sales,19/3/2023,4
19770,52,18613,77,Male,Operations,1/5/2023,5
19771,58,41369,98,Female,Marketing,29/12/2021,5
19772,63,28379,94,Male,Sales,2/10/2024,3
19773,52,41166,68,Male,IT,1/8/2023,*
19774,32,46567,71,Female,IT,15/4/2021,3
19775,43,11859,40,Female,Marketing,19/8/2020,3
19776,33,26979,*,Female,IT,11/7/2023,4
19777,47,31027,42,Female,HR,12/1/2023,4
19778,30,47810,74,Male,Marketing,16/12/2020,1
19779,35,43046,29,Female,Marketing,17/2/2023,5
19780,26,30013,97,Female,Operations,3/8/2024,*
19781,49,34137,40,Female,HR,7/10/2020,1
19782,43,35382,56,Female,Operations,10/7/2020,1
19783,23,59307,4,Male,Operations,31/10/2024,3
19784,19,34312, ,Female,IT,30/6/2021,5
19785,29,38497,2,Male,HR,21/6/2022,3
19786,21,-,86,Female,Marketing,13/6/2024,3
19787,41,NA,44,Male,Marketing,17/7/2022,
19788,55,36205,66,Female,HR,13/10/2020,5
19789,45,11950,55,Male,Finance,31/7/2022,3
19790,55,39108,31,Female,Sales,12/5/2024,4
19791, ,42367,36,Female,Operations,21/3/2023,1
19792,38,24599,25,Female,Finance,12/7/2024,4
19793,28,19159,84,Female,Operations,19/9/2023,5
19794,42,8314,63,Female,Finance,29/8/2020,*
19795,38,29936,69,Male,Marketing,3/4/2021,5
19796,18,50710,*,Female,Sales,17/9/2022,1
19797,30,38650,63,Male,-,11/8/2021,1
19798,33,61113,4,Female,Sales,14/7/2021,2
19799,27,53801,93,Male,IT,9/1/2023,3
19800,35,14375,24,Female,Sales,20/8/2022,5
19801,60,50672,88,Male,,3/5/2023,3
19802,21,51484,17,Male,Finance,28/3/2021,1
19803,62,26480,10,Female,Finance,6/3/2022,4
19804,52,24964,65,Male,Operations,11/10/2024,4
19805,39,32058,42,Male,Operations,20/2/2021,1
19806,61,18863,46,Female,HR,25/7/2022,*
19807,63,40766,98,Female,HR,28/6/2023,3
19808,46,20260,99,Male,Marketing,24/7/2021,1
19809,60,42615,7,Female,HR,29/6/2022,1
19810,50,40975,75,Female,HR,18/1/2020,4
19811, ,19226,NA,Male,HR,17/7/2020,2
19812,30, ,15,Female,Finance,28/10/2024,1
19813,58,278484,0,Female,HR,11/10/2021,1
19814,39,30810,37,Male,Operations,10/10/2022,4
19815,28,17980,32,Female,IT,7/1/2021,2
19816,37,39944,90,Male,Operations,22/9/2020,2
19817, ,*,30,Male,Marketing,30/7/2022,5
19818,29,28373,NA,Male,Operations,21/5/2022,1
19819,40,39020,2,Male,Marketing,28/4/2022,2
19820,45,21922, ,Male,*,26/2/2022,
19821,57,25155,22,Male, ,13/1/2021,5
19822,52,35332,61,Male,Marketing,26/11/2023,4
19823,*,31902,54,Female,Sales,26/3/2023,5
19824,55,29713,16,Female,Sales,16/3/2022,1
19825,23,28992,63,Female,Finance,30/12/2023,2
19826,31,43483,13,Male,Sales,24/1/2022,5
19827,NA,24960,94,Female,-,8/6/2021,2
19828,55,42084,51,Male,Marketing,20/7/2022,5
19829,42, ,38,Male,Sales,3/7/2021,4
19830,60,30518,100,Female,Sales,2/5/2020,3
19831,*,-,3,Male,Marketing,23/11/2024,2
19832,34,-,79,Female,Finance,21/1/2022,1
19833,48,34656,85,Male,HR,25/2/2022,2
19834,37,27607,-,Male,HR,15/7/2021,5
19835,41,38646,34,Male,HR,3/4/2020, 
19836,49,6964,25,Female,,30/10/2022,2
19837,28,44772,90,Male,HR,15/9/2024,5
19838,34,38971,1,Male,Sales,29/6/2024,5
19839,52,38735,61,Male,HR,20/11/2022,
19840,40,19853,70,Male,Marketing,22/5/2023,4
19841,25,30984,77,,IT,28/10/2021,5
19842,19,18413,58,Female,Sales,22/11/2021,3
19843,,NA,30, ,Operations,1/5/2021,1
19844,21,25133,32,Male,Finance,12/3/2024,5
19845,21,52212,85,Male,IT,23/6/2021,3
19846, ,-,20,Male,Marketing,12/7/2020,3
19847,53,0,58,Female,IT,23/11/2022,1
19848,28,NA,91,Female,HR,24/10/2022,2
19849,53,54913,47,Female,IT,25/4/2021,5
19850,55,42641,19,Male,Operations,16/4/2021,4
19851,-,17512,45,Male,IT,16/10/2020,4
19852,45,38926,39,Female,Sales,2/2/2020,5
19853,63,41052,36,Female,Finance,5/11/2020,
19854,48,38653,50,Male,Operations,8/1/2024,3
19855,24,32015,91,Male,IT,7/3/2021,4
19856,30,45708,52,Female,Finance,19/10/2022,2
19857,44,43626,62,Male,Operations,14/1/2023,*
19858,38,32878,33,, ,10/1/2023,NA
19859,20,19632,80,Female,Finance,10/6/2021,2
19860,51,50799,38,Male,Marketing,10/9/2022,4
19861,43,43541,6,Male,Operations,2/10/2020,2
19862,33,30339,-,Female,Operations,5/4/2021,*
19863,51,29091,88,Female,IT,20/9/2021,2
19864,42,30444,47,Male,Sales,3/5/2022,1
19865,49,20414,85,,HR,27/12/2022,2
19866,47,39869,10,Male,Operations,2/12/2021,3
19867,25,31411,91,Male,Operations,21/7/2024,2
19868,32,31844,37,Male,Operations,11/5/2022,4
19869,NA,51888,41,Female,Finance,1/10/2020,4
19870,39,37570,77,Female,Sales,12/7/2024,3
19871,50,,5,*,Sales,6/1/2020,3
19872,42,56807,4,Male,Marketing,10/6/2022,3
19873,60,54742,,Female,IT,27/6/2023,4
19874,55,34632,4,Female,*,6/1/2020,2
19875,20,35701,13, ,Finance,29/12/2020,1
19876,27,6257,52,Male,Sales,17/6/2021,2
19877,47,30167,62,Male,Operations,17/10/2020,3
19878,39,38835,58,Male,IT,20/7/2021,5
19879,60,30807,90,Male,HR,20/8/2020,2
19880,-,28723,75,Male,Operations,4/12/2023,4
19881,63,29721,50,NA,Marketing,29/5/2023, 
19882,19,44548,55,Female,Sales,20/1/2023,*
19883,41,39835,74,Male,Sales,28/1/2021,5
19884,20,28269,97,Male,Sales,15/2/2020,4
19885,25,21643,79,Male,NA,6/11/2022,3
19886,60,31154,97,Female,IT,21/11/2022,1
19887,63,19188,39,Male,Sales,23/7/2022,5
19888,41,NA,39,Female,Marketing,2/4/2020,5
19889,53,32817,18,Female,Finance,25/9/2020,4
19890,28,47674,30,Male,Sales,20/9/2022,5
19891, ,33388,34,Female,Sales,20/2/2024,3
19892,60,44359,,Male,Sales,2/12/2021,2
19893,,55459,53,Male,,23/7/2023,5
19894,59,41636,96,Female,IT,28/11/2020,3
19895,44,34538,35,Female,Operations,5/7/2023,-
19896,34,11423,66,Female,Sales,22/4/2022,5
19897,51,-,5,Female,Finance,17/8/2020,2
19898,35,41434,30,Female,HR,18/10/2023,5
19899,59,29977,19,Male,Marketing,24/6/2023,5
19900,19,31438,49,Male,Operations,4/12/2022,2
19901,37,34782,72,Male,Marketing,14/6/2020, 
19902,59,33559,80,Female,IT,18/1/2023,1
19903,40,37988,96,Female,IT,7/4/2023,5
19904,50,50911,47,Female,Sales,24/12/2020,4
19905,25,23400,78,Male,Sales,24/12/2022,4
19906,19,34709,73,Female,Operations,6/5/2023,-
19907,37,63585,8,Female,Marketing,15/9/2024,2
19908,31,-,100,Male,IT,2/2/2023,4
19909,22,37009,63,Male,IT,6/5/2023,4
19910,29,32153,94,Female,Sales,4/4/2024,5
19911,26,45269,11,Male,Sales,19/7/2020,4
19912,21,38222,77,Female,Finance,8/1/2021,2
19913,45,24963,33,Female,Marketing,28/5/2022,1
19914,19,34191,38,Female,Marketing,31/5/2024, 
19915,25,39279,1,Male,Operations,4/2/2023,3
19916,46,32890,,NA,IT,26/8/2023,1
19917,20,24842,42,Male,Operations,1/3/2021,3
19918,64,34245,58,NA,HR,12/6/2024,1
19919,62,34738,70, ,HR,19/11/2022,1
19920,NA,32757,75,Male,IT,24/6/2022,3
19921,42,20715,66,Male,HR,29/6/2021,2
19922,56,38960,18,Male,HR,22/6/2023,NA
19923,53,NA,8,Male,Marketing,30/12/2021,2
19924,55,27844,61,Female,Operations,30/5/2022,1
19925,60,32928,85,Female,NA,14/6/2021,2
19926,33,51501,23,Female,IT,11/8/2023,2
19927,-,44249,85,Male,Marketing,1/1/2020,5
19928,40,14633,53,Female,Marketing,26/2/2021,5
19929,56,*,100,Female,Finance,20/12/2020,1
19930,61,50159,0,Female,Marketing,22/7/2024,2
19931,49,39765,87,Female,IT,5/5/2022,3
19932,43,42782,0,Male,Sales,5/12/2021,2
19933,57,18520,0,Female,IT,6/1/2024,1
19934,20,29632,59,Male,Sales,19/3/2023,-
19935,24,35601,81,Female,-,17/10/2023,5
19936,23,28715,40,Male,IT,17/11/2022,
19937,35,50604,8,Male,Operations,22/12/2022,1
19938,21,10848,29,*,Sales,2/6/2024,5
19939,38,0,68,Female,Finance,13/12/2022,5
19940,53,47116,100,Female,Operations,31/12/2022,5
19941,36,18529,19,Male,Operations,25/11/2022,1
19942,44,34049,97,-,HR,28/10/2021,1
19943,21,13021,25,Male,Sales,11/4/2023,4
19944,NA,40949,43,Female,IT,19/8/2022,2
19945,36,47242,28,Female,Finance,13/4/2022,4
19946,23,34233,97, ,HR,3/12/2020,3
19947,50,49671,*,-,Operations,7/1/2021,2
19948,64,36125,17,Male,IT,12/12/2023,5
19949,31,23254,82,Female,Marketing,4/10/2022,1
19950,29,34425,42,Female,Marketing,25/8/2020,2
19951,63, ,12,Male,Finance,13/12/2020,1
19952,18,35559,84,Male,Sales,23/3/2023,3
19953,46,42554,49,Male,Finance,30/3/2024,3
19954,59,49242,80,Male,Sales,14/5/2023,-
19955,21, ,30,Male,Finance,12/11/2024,4
19956,40,22529,16,Male,NA,12/7/2024,4
19957,20,33038,74,Male,Finance,13/8/2022,5
19958, ,32023,*,Male, ,21/4/2023,1
19959,31,35170,*,Male,Sales,21/7/2022,3
19960,60,NA,0,Female,Finance,12/3/2021,1
19961,*,,83,Male,IT,2/2/2020,2
19962,43,48949,61,Female,Marketing,20/8/2023,3
19963,28,28478,6,Male,Finance,5/7/2024,
19964,36,38435,40,Male,Marketing,15/3/2022,1
19965,23,37259,80,Female,*,11/3/2024,3
19966,57,38971,50,Male,IT,23/5/2024,-
19967,46,31247,75,Female,IT,28/2/2020,-
19968,41,16452,0,Male,HR,8/11/2021,4
19969, ,,-,Female,Operations,8/2/2020,4
19970,25,*,7,Male,Finance,21/9/2023,NA
19971,40,44857,0,Male,Finance,28/3/2022,3
19972,20,40676,48,Female,HR,4/12/2021,4
19973,63,44029,51,Female,Sales,19/7/2024,1
19974,31,19556,99,NA,Sales,31/5/2024,3
19975,26,37752,9,Male,HR,8/8/2022,1
19976,22,62017,49,Male,Sales,25/4/2024,5
19977,29,39213,84,Male,IT,14/1/2021,4
19978,63,37462,78,Female,Marketing,23/1/2021,1
19979,20,33060,92,Male,HR,28/7/2022,1
19980,60,33341,77,Female,Finance,21/11/2020,1
19981,*,NA,15,Male,Marketing,16/6/2022,4
19982,34,35858,47,Female,Operations,31/1/2024,4
19983,31,25694,NA,Male,IT,8/6/2020,5
19984,18,27898,33,Male,Finance,16/5/2023,1
19985,37,49922,19,Female,Finance,15/10/2021,5
19986,38,47562,32,Male,Finance,7/3/2024,3
19987,*,20676,70,Male,HR,15/11/2020,NA
19988,56,28375,6,*,Sales,6/10/2020,4
19989,37,34788,86,Female,*,18/1/2020,2
19990,33,33087,47,Male,Finance,10/2/2021,1
19991,19,40437,3, ,HR,22/1/2021,
19992,42,29932,22,Female,*,1/8/2022,4
19993,37,*,16, ,Sales,13/3/2023,3
19994,52,48683,*,Female,HR,2/10/2022,3
19995,50,25608,NA,Male,Operations,18/1/2021,1
19996,NA,23766,39,Male,HR,30/11/2022,1
19997,19,33559,8,Male,Marketing,14/4/2022,5
19998,28,NA,45,Female,,15/5/2024,2
19999,35,63290,0,Female,NA,3/7/2021,5
20000,43,43899,16,Male,Marketing,19/5/2021,NA
